material_code	material_name	month_year	opening_month_stock	actual_consumption_qty	lead_time_days	safety_stock_level	carrying_cost_per_unit	stock_status
8806526273	Steel Plate 10mm HR (Plant-Pune)	25-Jan	3222	3314	15	1200	45	No
8806526273	Steel Plate 10mm HR (Plant-Chakan)	25-Jan	2726	1795	13	1200	45	No
8806526273	Steel Plate 10mm HR (Plant-Talegaon)	25-Jan	1048	1042	14	1200	45	No
8806526273	Steel Plate 10mm HR (Plant-Nashik)	25-Jan	2961	3004	16	1200	45	No
8806526273	Steel Plate 10mm HR (Plant-Aurangabad)	25-Jan	3776	4465	13	1200	45	Yes
8806526273	Steel Plate 10mm HR (Plant-Nagpur)	25-Jan	3913	2344	14	1200	45	No
8806526273	Steel Plate 10mm HR (Plant-Mumbai)	25-Jan	1616	850	16	1200	45	No
8806526273	Steel Plate 10mm HR (Plant-Gujarat)	25-Jan	3065	3272	12	1200	45	No
8806526273	Steel Plate 10mm HR (Plant-Chennai)	25-Jan	4096	4408	14	1200	45	Yes
8806526273	Steel Plate 10mm HR (Plant-Bengaluru)	25-Jan	1898	1364	16	1200	45	No
8806526273	Steel Plate 10mm HR (Plant-Pune)	25-Feb	3715	3799	13	1200	45	No
8806526273	Steel Plate 10mm HR (Plant-Chakan)	25-Feb	1316	951	17	1200	45	No
8806526273	Steel Plate 10mm HR (Plant-Talegaon)	25-Feb	1665	1383	12	1200	45	No
8806526273	Steel Plate 10mm HR (Plant-Nashik)	25-Feb	3625	3412	16	1200	45	No
8806526273	Steel Plate 10mm HR (Plant-Aurangabad)	25-Feb	3210	3564	17	1200	45	Yes
8806526273	Steel Plate 10mm HR (Plant-Nagpur)	25-Feb	1863	1014	16	1200	45	No
8806526273	Steel Plate 10mm HR (Plant-Mumbai)	25-Feb	2743	2328	12	1200	45	No
8806526273	Steel Plate 10mm HR (Plant-Gujarat)	25-Feb	2943	2695	16	1200	45	No
8806526273	Steel Plate 10mm HR (Plant-Chennai)	25-Feb	2322	2513	15	1200	45	No
8806526273	Steel Plate 10mm HR (Plant-Bengaluru)	25-Feb	3592	2667	14	1200	45	No
8806526273	Steel Plate 10mm HR (Plant-Pune)	25-Mar	3717	2329	15	1200	45	No
8806526273	Steel Plate 10mm HR (Plant-Chakan)	25-Mar	2952	1735	15	1200	45	No
8806526273	Steel Plate 10mm HR (Plant-Talegaon)	25-Mar	1673	1052	15	1200	45	No
8806526273	Steel Plate 10mm HR (Plant-Nashik)	25-Mar	3382	2743	12	1200	45	No
8806526273	Steel Plate 10mm HR (Plant-Aurangabad)	25-Mar	2731	1642	13	1200	45	No
8806526273	Steel Plate 10mm HR (Plant-Nagpur)	25-Mar	4132	3389	16	1200	45	No
8806526273	Steel Plate 10mm HR (Plant-Mumbai)	25-Mar	4031	4907	17	1200	45	Yes
8806526273	Steel Plate 10mm HR (Plant-Gujarat)	25-Mar	4195	3280	14	1200	45	No
8806526273	Steel Plate 10mm HR (Plant-Chennai)	25-Mar	3968	3108	12	1200	45	No
8806526273	Steel Plate 10mm HR (Plant-Bengaluru)	25-Mar	2594	2729	14	1200	45	No
8806526273	Steel Plate 10mm HR (Plant-Pune)	25-Apr	3725	3708	12	1200	45	No
8806526273	Steel Plate 10mm HR (Plant-Chakan)	25-Apr	3013	3438	15	1200	45	Yes
8806526273	Steel Plate 10mm HR (Plant-Talegaon)	25-Apr	3405	2634	14	1200	45	No
8806526273	Steel Plate 10mm HR (Plant-Nashik)	25-Apr	1354	1287	12	1200	45	No
8806526273	Steel Plate 10mm HR (Plant-Aurangabad)	25-Apr	1520	983	14	1200	45	No
8806526273	Steel Plate 10mm HR (Plant-Nagpur)	25-Apr	4153	4803	15	1200	45	Yes
8806526273	Steel Plate 10mm HR (Plant-Mumbai)	25-Apr	1406	1734	14	1200	45	Yes
8806526273	Steel Plate 10mm HR (Plant-Gujarat)	25-Apr	3197	3250	15	1200	45	No
8806526273	Steel Plate 10mm HR (Plant-Chennai)	25-Apr	3234	3718	13	1200	45	Yes
8806526273	Steel Plate 10mm HR (Plant-Bengaluru)	25-Apr	2113	1648	14	1200	45	No
8806526273	Steel Plate 10mm HR (Plant-Pune)	25-May	1854	1917	12	1200	45	No
8806526273	Steel Plate 10mm HR (Plant-Chakan)	25-May	1708	1277	12	1200	45	No
8806526273	Steel Plate 10mm HR (Plant-Talegaon)	25-May	3713	3115	12	1200	45	No
8806526273	Steel Plate 10mm HR (Plant-Nashik)	25-May	2480	1585	17	1200	45	No
8806526273	Steel Plate 10mm HR (Plant-Aurangabad)	25-May	1075	928	12	1200	45	No
8806526273	Steel Plate 10mm HR (Plant-Nagpur)	25-May	2846	2858	16	1200	45	No
8806526273	Steel Plate 10mm HR (Plant-Mumbai)	25-May	1860	958	12	1200	45	No
8806526273	Steel Plate 10mm HR (Plant-Gujarat)	25-May	3037	3574	17	1200	45	Yes
8806526273	Steel Plate 10mm HR (Plant-Chennai)	25-May	2022	1961	17	1200	45	No
8806526273	Steel Plate 10mm HR (Plant-Bengaluru)	25-May	2214	2117	16	1200	45	No
8806526273	Steel Plate 10mm HR (Plant-Pune)	25-Jun	3284	3852	13	1200	45	Yes
8806526273	Steel Plate 10mm HR (Plant-Chakan)	25-Jun	3000	2525	12	1200	45	No
8806526273	Steel Plate 10mm HR (Plant-Talegaon)	25-Jun	2405	1964	14	1200	45	No
8806526273	Steel Plate 10mm HR (Plant-Nashik)	25-Jun	3059	3646	12	1200	45	Yes
8806526273	Steel Plate 10mm HR (Plant-Aurangabad)	25-Jun	1967	2432	15	1200	45	Yes
8806526273	Steel Plate 10mm HR (Plant-Nagpur)	25-Jun	1200	1104	12	1200	45	No
8806526273	Steel Plate 10mm HR (Plant-Mumbai)	25-Jun	1475	1610	16	1200	45	No
8806526273	Steel Plate 10mm HR (Plant-Gujarat)	25-Jun	2373	2582	15	1200	45	No
8806526273	Steel Plate 10mm HR (Plant-Chennai)	25-Jun	1198	609	12	1200	45	No
8806526273	Steel Plate 10mm HR (Plant-Bengaluru)	25-Jun	1155	1211	16	1200	45	No
8806526273	Steel Plate 10mm HR (Plant-Pune)	25-Jul	1917	1185	13	1200	45	No
8806526273	Steel Plate 10mm HR (Plant-Chakan)	25-Jul	1196	1409	16	1200	45	No
8806526273	Steel Plate 10mm HR (Plant-Talegaon)	25-Jul	1152	978	12	1200	45	No
8806526273	Steel Plate 10mm HR (Plant-Nashik)	25-Jul	986	688	13	1200	45	No
8806526273	Steel Plate 10mm HR (Plant-Aurangabad)	25-Jul	1904	1145	15	1200	45	No
8806526273	Steel Plate 10mm HR (Plant-Nagpur)	25-Jul	1729	1153	12	1200	45	No
8806526273	Steel Plate 10mm HR (Plant-Mumbai)	25-Jul	976	912	16	1200	45	No
8806526273	Steel Plate 10mm HR (Plant-Gujarat)	25-Jul	3713	3462	15	1200	45	No
8806526273	Steel Plate 10mm HR (Plant-Chennai)	25-Jul	2701	2630	15	1200	45	No
8806526273	Steel Plate 10mm HR (Plant-Bengaluru)	25-Jul	4122	4984	13	1200	45	Yes
8806526273	Steel Plate 10mm HR (Plant-Pune)	25-Aug	2052	1993	16	1200	45	No
8806526273	Steel Plate 10mm HR (Plant-Chakan)	25-Aug	4078	3596	17	1200	45	No
8806526273	Steel Plate 10mm HR (Plant-Talegaon)	25-Aug	2345	2566	15	1200	45	No
8806526273	Steel Plate 10mm HR (Plant-Nashik)	25-Aug	1961	1985	13	1200	45	No
8806526273	Steel Plate 10mm HR (Plant-Aurangabad)	25-Aug	3737	3688	16	1200	45	No
8806526273	Steel Plate 10mm HR (Plant-Nagpur)	25-Aug	3592	4129	13	1200	45	Yes
8806526273	Steel Plate 10mm HR (Plant-Mumbai)	25-Aug	2047	1415	14	1200	45	No
8806526273	Steel Plate 10mm HR (Plant-Gujarat)	25-Aug	3518	2087	17	1200	45	No
8806526273	Steel Plate 10mm HR (Plant-Chennai)	25-Aug	2123	1385	14	1200	45	No
8806526273	Steel Plate 10mm HR (Plant-Bengaluru)	25-Aug	1685	1160	17	1200	45	No
8806526273	Steel Plate 10mm HR (Plant-Pune)	25-Sep	1152	1138	12	1200	45	No
8806526273	Steel Plate 10mm HR (Plant-Chakan)	25-Sep	1485	1812	13	1200	45	Yes
8806526273	Steel Plate 10mm HR (Plant-Talegaon)	25-Sep	2212	2127	14	1200	45	No
8806526273	Steel Plate 10mm HR (Plant-Nashik)	25-Sep	3751	3910	14	1200	45	No
8806526273	Steel Plate 10mm HR (Plant-Aurangabad)	25-Sep	3814	4135	17	1200	45	Yes
8806526273	Steel Plate 10mm HR (Plant-Nagpur)	25-Sep	1334	1655	13	1200	45	Yes
8806526273	Steel Plate 10mm HR (Plant-Mumbai)	25-Sep	1421	1576	12	1200	45	No
8806526273	Steel Plate 10mm HR (Plant-Gujarat)	25-Sep	3170	3632	16	1200	45	Yes
8806526273	Steel Plate 10mm HR (Plant-Chennai)	25-Sep	4033	2861	17	1200	45	No
8806526273	Steel Plate 10mm HR (Plant-Bengaluru)	25-Sep	1783	1874	12	1200	45	No
8806526273	Steel Plate 10mm HR (Plant-Pune)	25-Oct	1462	977	15	1200	45	No
8806526273	Steel Plate 10mm HR (Plant-Chakan)	25-Oct	2546	2411	15	1200	45	No
8806526273	Steel Plate 10mm HR (Plant-Talegaon)	25-Oct	2021	1111	13	1200	45	No
8806526273	Steel Plate 10mm HR (Plant-Nashik)	25-Oct	1794	1175	17	1200	45	No
8806526273	Steel Plate 10mm HR (Plant-Aurangabad)	25-Oct	4119	2848	14	1200	45	No
8806526273	Steel Plate 10mm HR (Plant-Nagpur)	25-Oct	2371	1297	12	1200	45	No
8806526273	Steel Plate 10mm HR (Plant-Mumbai)	25-Oct	1444	841	17	1200	45	No
8806526273	Steel Plate 10mm HR (Plant-Gujarat)	25-Oct	1378	1693	13	1200	45	Yes
8806526273	Steel Plate 10mm HR (Plant-Chennai)	25-Oct	3779	3685	13	1200	45	No
8806526273	Steel Plate 10mm HR (Plant-Bengaluru)	25-Oct	1524	1724	16	1200	45	No
8806526273	Steel Plate 10mm HR (Plant-Pune)	25-Nov	3206	2311	14	1200	45	No
8806526273	Steel Plate 10mm HR (Plant-Chakan)	25-Nov	3321	1751	15	1200	45	No
8806526273	Steel Plate 10mm HR (Plant-Talegaon)	25-Nov	2425	2038	13	1200	45	No
8806526273	Steel Plate 10mm HR (Plant-Nashik)	25-Nov	3375	2006	14	1200	45	No
8806526273	Steel Plate 10mm HR (Plant-Aurangabad)	25-Nov	3763	4449	13	1200	45	Yes
8806526273	Steel Plate 10mm HR (Plant-Nagpur)	25-Nov	1004	686	12	1200	45	No
8806526273	Steel Plate 10mm HR (Plant-Mumbai)	25-Nov	3120	2622	17	1200	45	No
8806526273	Steel Plate 10mm HR (Plant-Gujarat)	25-Nov	1325	884	12	1200	45	No
8806526273	Steel Plate 10mm HR (Plant-Chennai)	25-Nov	1000	765	14	1200	45	No
8806526273	Steel Plate 10mm HR (Plant-Bengaluru)	25-Nov	1985	1058	17	1200	45	No
8806526273	Steel Plate 10mm HR (Plant-Pune)	25-Dec	1607	1680	16	1200	45	No
8806526273	Steel Plate 10mm HR (Plant-Chakan)	25-Dec	3955	2979	12	1200	45	No
8806526273	Steel Plate 10mm HR (Plant-Talegaon)	25-Dec	3791	4141	12	1200	45	Yes
8806526273	Steel Plate 10mm HR (Plant-Nashik)	25-Dec	1993	1393	17	1200	45	No
8806526273	Steel Plate 10mm HR (Plant-Aurangabad)	25-Dec	3380	2021	12	1200	45	No
8806526273	Steel Plate 10mm HR (Plant-Nagpur)	25-Dec	3376	2701	15	1200	45	No
8806526273	Steel Plate 10mm HR (Plant-Mumbai)	25-Dec	1606	1693	17	1200	45	No
8806526273	Steel Plate 10mm HR (Plant-Gujarat)	25-Dec	3512	2728	17	1200	45	No
8806526273	Steel Plate 10mm HR (Plant-Chennai)	25-Dec	2139	1445	15	1200	45	No
8806526273	Steel Plate 10mm HR (Plant-Bengaluru)	25-Dec	3519	3768	16	1200	45	Yes
8806526273	Steel Plate 10mm HR (Plant-Pune)	26-Jan	1582	812	16	1200	45	No
8806526273	Steel Plate 10mm HR (Plant-Chakan)	26-Jan	1861	1115	12	1200	45	No
8806526273	Steel Plate 10mm HR (Plant-Talegaon)	26-Jan	3604	4036	12	1200	45	Yes
8806526273	Steel Plate 10mm HR (Plant-Nashik)	26-Jan	2145	2413	12	1200	45	Yes
8806526273	Steel Plate 10mm HR (Plant-Aurangabad)	26-Jan	1856	1096	16	1200	45	No
8806526273	Steel Plate 10mm HR (Plant-Nagpur)	26-Jan	1237	1259	13	1200	45	No
8806526273	Steel Plate 10mm HR (Plant-Mumbai)	26-Jan	2400	1727	17	1200	45	No
8806526273	Steel Plate 10mm HR (Plant-Gujarat)	26-Jan	3732	2299	17	1200	45	No
8806526273	Steel Plate 10mm HR (Plant-Chennai)	26-Jan	1824	1002	12	1200	45	No
8806526273	Steel Plate 10mm HR (Plant-Bengaluru)	26-Jan	2321	1624	14	1200	45	No
8806526273	Steel Plate 10mm HR (Plant-Pune)	26-Feb	1369	1343	17	1200	45	No
8806526273	Steel Plate 10mm HR (Plant-Chakan)	26-Feb	1035	1286	12	1200	45	Yes
8806526273	Steel Plate 10mm HR (Plant-Talegaon)	26-Feb	4154	4966	16	1200	45	Yes
8806526273	Steel Plate 10mm HR (Plant-Nashik)	26-Feb	3016	2212	14	1200	45	No
8806526273	Steel Plate 10mm HR (Plant-Aurangabad)	26-Feb	1135	1187	12	1200	45	No
8806526273	Steel Plate 10mm HR (Plant-Nagpur)	26-Feb	1969	1109	12	1200	45	No
8806526273	Steel Plate 10mm HR (Plant-Mumbai)	26-Feb	3096	3258	14	1200	45	No
8806526273	Steel Plate 10mm HR (Plant-Gujarat)	26-Feb	2005	1263	14	1200	45	No
8806526273	Steel Plate 10mm HR (Plant-Chennai)	26-Feb	3220	3892	13	1200	45	Yes
8806526273	Steel Plate 10mm HR (Plant-Bengaluru)	26-Feb	2744	2394	17	1200	45	No
8806526273	Steel Plate 10mm HR (Plant-Pune)	26-Mar	1373	1383	12	1200	45	No
8806526273	Steel Plate 10mm HR (Plant-Chakan)	26-Mar	2601	2345	13	1200	45	No
8806526273	Steel Plate 10mm HR (Plant-Talegaon)	26-Mar	2502	1683	13	1200	45	No
8806526273	Steel Plate 10mm HR (Plant-Nashik)	26-Mar	3693	2403	16	1200	45	No
8806526273	Steel Plate 10mm HR (Plant-Aurangabad)	26-Mar	2643	1340	13	1200	45	No
8806526273	Steel Plate 10mm HR (Plant-Nagpur)	26-Mar	2821	2463	17	1200	45	No
8806526273	Steel Plate 10mm HR (Plant-Mumbai)	26-Mar	3266	3215	12	1200	45	No
8806526273	Steel Plate 10mm HR (Plant-Gujarat)	26-Mar	3107	1597	16	1200	45	No
8806526273	Steel Plate 10mm HR (Plant-Chennai)	26-Mar	3420	2927	12	1200	45	No
8806526273	Steel Plate 10mm HR (Plant-Bengaluru)	26-Mar	2011	1666	16	1200	45	No
8806526273	Steel Plate 10mm HR (Plant-Pune)	26-Apr	2535	1460	14	1200	45	No
8806526273	Steel Plate 10mm HR (Plant-Chakan)	26-Apr	1144	1427	13	1200	45	Yes
8806526273	Steel Plate 10mm HR (Plant-Talegaon)	26-Apr	3843	3367	13	1200	45	No
8806526273	Steel Plate 10mm HR (Plant-Nashik)	26-Apr	2285	1912	12	1200	45	No
8806526273	Steel Plate 10mm HR (Plant-Aurangabad)	26-Apr	1667	2036	14	1200	45	Yes
8806526273	Steel Plate 10mm HR (Plant-Nagpur)	26-Apr	2045	1495	15	1200	45	No
8806526273	Steel Plate 10mm HR (Plant-Mumbai)	26-Apr	4157	5193	14	1200	45	Yes
8806526273	Steel Plate 10mm HR (Plant-Gujarat)	26-Apr	3529	2503	15	1200	45	No
8806526273	Steel Plate 10mm HR (Plant-Chennai)	26-Apr	2401	2021	13	1200	45	No
8806526273	Steel Plate 10mm HR (Plant-Bengaluru)	26-Apr	2883	2233	13	1200	45	No
8806526273	Steel Plate 10mm HR (Plant-Pune)	26-May	3148	3744	14	1200	45	Yes
8806526273	Steel Plate 10mm HR (Plant-Chakan)	26-May	2551	1341	15	1200	45	No
8806526273	Steel Plate 10mm HR (Plant-Talegaon)	26-May	2798	1833	17	1200	45	No
8806526273	Steel Plate 10mm HR (Plant-Nashik)	26-May	1241	850	16	1200	45	No
8806526273	Steel Plate 10mm HR (Plant-Aurangabad)	26-May	1423	854	12	1200	45	No
8806526273	Steel Plate 10mm HR (Plant-Nagpur)	26-May	2276	1737	17	1200	45	No
8806526273	Steel Plate 10mm HR (Plant-Mumbai)	26-May	2971	2173	15	1200	45	No
8806526273	Steel Plate 10mm HR (Plant-Gujarat)	26-May	3370	2200	17	1200	45	No
8806526273	Steel Plate 10mm HR (Plant-Chennai)	26-May	3278	2762	13	1200	45	No
8806526273	Steel Plate 10mm HR (Plant-Bengaluru)	26-May	3485	4202	15	1200	45	Yes
8806526273	Steel Plate 10mm HR (Plant-Pune)	26-Jun	3623	3924	16	1200	45	Yes
8806526273	Steel Plate 10mm HR (Plant-Chakan)	26-Jun	1399	1337	14	1200	45	No
8806526273	Steel Plate 10mm HR (Plant-Talegaon)	26-Jun	3698	2737	14	1200	45	No
8806526273	Steel Plate 10mm HR (Plant-Nashik)	26-Jun	2559	1637	16	1200	45	No
8806526273	Steel Plate 10mm HR (Plant-Aurangabad)	26-Jun	2947	1719	12	1200	45	No
8806526273	Steel Plate 10mm HR (Plant-Nagpur)	26-Jun	1594	1523	17	1200	45	No
8806526273	Steel Plate 10mm HR (Plant-Mumbai)	26-Jun	1903	1588	17	1200	45	No
8806526273	Steel Plate 10mm HR (Plant-Gujarat)	26-Jun	1432	763	12	1200	45	No
8806526273	Steel Plate 10mm HR (Plant-Chennai)	26-Jun	1063	1322	16	1200	45	Yes
8806526273	Steel Plate 10mm HR (Plant-Bengaluru)	26-Jun	2444	1659	17	1200	45	No
8806526274	Stainless Steel Sheet 304 (Plant-Pune)	25-Jan	2024	1118	22	800	85	No
8806526274	Stainless Steel Sheet 304 (Plant-Chakan)	25-Jan	2268	2649	22	800	85	Yes
8806526274	Stainless Steel Sheet 304 (Plant-Talegaon)	25-Jan	1440	1066	24	800	85	No
8806526274	Stainless Steel Sheet 304 (Plant-Nashik)	25-Jan	656	508	24	800	85	No
8806526274	Stainless Steel Sheet 304 (Plant-Aurangabad)	25-Jan	988	564	22	800	85	No
8806526274	Stainless Steel Sheet 304 (Plant-Nagpur)	25-Jan	1850	1603	19	800	85	No
8806526274	Stainless Steel Sheet 304 (Plant-Mumbai)	25-Jan	2420	2334	22	800	85	No
8806526274	Stainless Steel Sheet 304 (Plant-Gujarat)	25-Jan	1803	2185	24	800	85	Yes
8806526274	Stainless Steel Sheet 304 (Plant-Chennai)	25-Jan	1701	1751	19	800	85	No
8806526274	Stainless Steel Sheet 304 (Plant-Bengaluru)	25-Jan	2330	2659	20	800	85	Yes
8806526274	Stainless Steel Sheet 304 (Plant-Pune)	25-Feb	808	682	20	800	85	No
8806526274	Stainless Steel Sheet 304 (Plant-Chakan)	25-Feb	2532	2934	21	800	85	Yes
8806526274	Stainless Steel Sheet 304 (Plant-Talegaon)	25-Feb	908	1043	20	800	85	No
8806526274	Stainless Steel Sheet 304 (Plant-Nashik)	25-Feb	2778	3048	24	800	85	Yes
8806526274	Stainless Steel Sheet 304 (Plant-Aurangabad)	25-Feb	2460	2895	19	800	85	Yes
8806526274	Stainless Steel Sheet 304 (Plant-Nagpur)	25-Feb	1958	1443	21	800	85	No
8806526274	Stainless Steel Sheet 304 (Plant-Mumbai)	25-Feb	1708	1671	21	800	85	No
8806526274	Stainless Steel Sheet 304 (Plant-Gujarat)	25-Feb	2576	2200	24	800	85	No
8806526274	Stainless Steel Sheet 304 (Plant-Chennai)	25-Feb	2012	1010	23	800	85	No
8806526274	Stainless Steel Sheet 304 (Plant-Bengaluru)	25-Feb	1369	1465	22	800	85	No
8806526274	Stainless Steel Sheet 304 (Plant-Pune)	25-Mar	2681	1530	20	800	85	No
8806526274	Stainless Steel Sheet 304 (Plant-Chakan)	25-Mar	1310	1257	19	800	85	No
8806526274	Stainless Steel Sheet 304 (Plant-Talegaon)	25-Mar	832	550	22	800	85	No
8806526274	Stainless Steel Sheet 304 (Plant-Nashik)	25-Mar	1901	2186	22	800	85	Yes
8806526274	Stainless Steel Sheet 304 (Plant-Aurangabad)	25-Mar	2400	2322	22	800	85	No
8806526274	Stainless Steel Sheet 304 (Plant-Nagpur)	25-Mar	2477	1927	22	800	85	No
8806526274	Stainless Steel Sheet 304 (Plant-Mumbai)	25-Mar	1016	552	23	800	85	No
8806526274	Stainless Steel Sheet 304 (Plant-Gujarat)	25-Mar	2165	1287	23	800	85	No
8806526274	Stainless Steel Sheet 304 (Plant-Chennai)	25-Mar	2036	1185	22	800	85	No
8806526274	Stainless Steel Sheet 304 (Plant-Bengaluru)	25-Mar	2147	2454	21	800	85	Yes
8806526274	Stainless Steel Sheet 304 (Plant-Pune)	25-Apr	2051	2035	20	800	85	No
8806526274	Stainless Steel Sheet 304 (Plant-Chakan)	25-Apr	803	925	20	800	85	No
8806526274	Stainless Steel Sheet 304 (Plant-Talegaon)	25-Apr	2076	1491	24	800	85	No
8806526274	Stainless Steel Sheet 304 (Plant-Nashik)	25-Apr	2134	1920	19	800	85	No
8806526274	Stainless Steel Sheet 304 (Plant-Aurangabad)	25-Apr	1039	756	22	800	85	No
8806526274	Stainless Steel Sheet 304 (Plant-Nagpur)	25-Apr	2277	2673	23	800	85	Yes
8806526274	Stainless Steel Sheet 304 (Plant-Mumbai)	25-Apr	2676	2831	22	800	85	No
8806526274	Stainless Steel Sheet 304 (Plant-Gujarat)	25-Apr	1760	971	22	800	85	No
8806526274	Stainless Steel Sheet 304 (Plant-Chennai)	25-Apr	719	639	23	800	85	No
8806526274	Stainless Steel Sheet 304 (Plant-Bengaluru)	25-Apr	2056	1051	21	800	85	No
8806526274	Stainless Steel Sheet 304 (Plant-Pune)	25-May	1507	860	22	800	85	No
8806526274	Stainless Steel Sheet 304 (Plant-Chakan)	25-May	2395	2024	19	800	85	No
8806526274	Stainless Steel Sheet 304 (Plant-Talegaon)	25-May	1383	805	21	800	85	No
8806526274	Stainless Steel Sheet 304 (Plant-Nashik)	25-May	1720	1224	22	800	85	No
8806526274	Stainless Steel Sheet 304 (Plant-Aurangabad)	25-May	1366	1053	21	800	85	No
8806526274	Stainless Steel Sheet 304 (Plant-Nagpur)	25-May	1219	1352	21	800	85	No
8806526274	Stainless Steel Sheet 304 (Plant-Mumbai)	25-May	1052	766	19	800	85	No
8806526274	Stainless Steel Sheet 304 (Plant-Gujarat)	25-May	1055	968	20	800	85	No
8806526274	Stainless Steel Sheet 304 (Plant-Chennai)	25-May	1836	1408	23	800	85	No
8806526274	Stainless Steel Sheet 304 (Plant-Bengaluru)	25-May	1094	793	21	800	85	No
8806526274	Stainless Steel Sheet 304 (Plant-Pune)	25-Jun	1517	1500	22	800	85	No
8806526274	Stainless Steel Sheet 304 (Plant-Chakan)	25-Jun	1637	1145	22	800	85	No
8806526274	Stainless Steel Sheet 304 (Plant-Talegaon)	25-Jun	1282	950	20	800	85	No
8806526274	Stainless Steel Sheet 304 (Plant-Nashik)	25-Jun	1560	1827	22	800	85	Yes
8806526274	Stainless Steel Sheet 304 (Plant-Aurangabad)	25-Jun	746	838	22	800	85	No
8806526274	Stainless Steel Sheet 304 (Plant-Nagpur)	25-Jun	2501	3060	24	800	85	Yes
8806526274	Stainless Steel Sheet 304 (Plant-Mumbai)	25-Jun	994	576	23	800	85	No
8806526274	Stainless Steel Sheet 304 (Plant-Gujarat)	25-Jun	951	687	20	800	85	No
8806526274	Stainless Steel Sheet 304 (Plant-Chennai)	25-Jun	1129	882	24	800	85	No
8806526274	Stainless Steel Sheet 304 (Plant-Bengaluru)	25-Jun	989	862	22	800	85	No
8806526274	Stainless Steel Sheet 304 (Plant-Pune)	25-Jul	2790	2047	19	800	85	No
8806526274	Stainless Steel Sheet 304 (Plant-Chakan)	25-Jul	1392	1651	20	800	85	Yes
8806526274	Stainless Steel Sheet 304 (Plant-Talegaon)	25-Jul	965	850	21	800	85	No
8806526274	Stainless Steel Sheet 304 (Plant-Nashik)	25-Jul	1218	1458	21	800	85	Yes
8806526274	Stainless Steel Sheet 304 (Plant-Aurangabad)	25-Jul	2186	1149	19	800	85	No
8806526274	Stainless Steel Sheet 304 (Plant-Nagpur)	25-Jul	1201	1364	22	800	85	Yes
8806526274	Stainless Steel Sheet 304 (Plant-Mumbai)	25-Jul	1851	1423	19	800	85	No
8806526274	Stainless Steel Sheet 304 (Plant-Gujarat)	25-Jul	2725	3328	19	800	85	Yes
8806526274	Stainless Steel Sheet 304 (Plant-Chennai)	25-Jul	841	960	23	800	85	No
8806526274	Stainless Steel Sheet 304 (Plant-Bengaluru)	25-Jul	1953	1253	22	800	85	No
8806526274	Stainless Steel Sheet 304 (Plant-Pune)	25-Aug	2536	1682	21	800	85	No
8806526274	Stainless Steel Sheet 304 (Plant-Chakan)	25-Aug	901	771	19	800	85	No
8806526274	Stainless Steel Sheet 304 (Plant-Talegaon)	25-Aug	1466	851	20	800	85	No
8806526274	Stainless Steel Sheet 304 (Plant-Nashik)	25-Aug	1481	775	21	800	85	No
8806526274	Stainless Steel Sheet 304 (Plant-Aurangabad)	25-Aug	1358	1140	20	800	85	No
8806526274	Stainless Steel Sheet 304 (Plant-Nagpur)	25-Aug	2341	2901	21	800	85	Yes
8806526274	Stainless Steel Sheet 304 (Plant-Mumbai)	25-Aug	793	806	24	800	85	No
8806526274	Stainless Steel Sheet 304 (Plant-Gujarat)	25-Aug	2048	1355	22	800	85	No
8806526274	Stainless Steel Sheet 304 (Plant-Chennai)	25-Aug	1369	857	24	800	85	No
8806526274	Stainless Steel Sheet 304 (Plant-Bengaluru)	25-Aug	2408	1538	22	800	85	No
8806526274	Stainless Steel Sheet 304 (Plant-Pune)	25-Sep	1793	2173	24	800	85	Yes
8806526274	Stainless Steel Sheet 304 (Plant-Chakan)	25-Sep	1841	1902	24	800	85	No
8806526274	Stainless Steel Sheet 304 (Plant-Talegaon)	25-Sep	2790	2391	20	800	85	No
8806526274	Stainless Steel Sheet 304 (Plant-Nashik)	25-Sep	1244	722	23	800	85	No
8806526274	Stainless Steel Sheet 304 (Plant-Aurangabad)	25-Sep	1605	1551	24	800	85	No
8806526274	Stainless Steel Sheet 304 (Plant-Nagpur)	25-Sep	1202	788	21	800	85	No
8806526274	Stainless Steel Sheet 304 (Plant-Mumbai)	25-Sep	1877	1127	21	800	85	No
8806526274	Stainless Steel Sheet 304 (Plant-Gujarat)	25-Sep	1725	962	23	800	85	No
8806526274	Stainless Steel Sheet 304 (Plant-Chennai)	25-Sep	893	863	23	800	85	No
8806526274	Stainless Steel Sheet 304 (Plant-Bengaluru)	25-Sep	1512	1435	22	800	85	No
8806526274	Stainless Steel Sheet 304 (Plant-Pune)	25-Oct	2020	1817	20	800	85	No
8806526274	Stainless Steel Sheet 304 (Plant-Chakan)	25-Oct	1368	1274	19	800	85	No
8806526274	Stainless Steel Sheet 304 (Plant-Talegaon)	25-Oct	2578	2087	23	800	85	No
8806526274	Stainless Steel Sheet 304 (Plant-Nashik)	25-Oct	2315	2118	21	800	85	No
8806526274	Stainless Steel Sheet 304 (Plant-Aurangabad)	25-Oct	1770	1507	21	800	85	No
8806526274	Stainless Steel Sheet 304 (Plant-Nagpur)	25-Oct	2440	1806	24	800	85	No
8806526274	Stainless Steel Sheet 304 (Plant-Mumbai)	25-Oct	1613	1869	24	800	85	Yes
8806526274	Stainless Steel Sheet 304 (Plant-Gujarat)	25-Oct	1240	1291	21	800	85	No
8806526274	Stainless Steel Sheet 304 (Plant-Chennai)	25-Oct	2658	2816	19	800	85	No
8806526274	Stainless Steel Sheet 304 (Plant-Bengaluru)	25-Oct	1335	1022	21	800	85	No
8806526274	Stainless Steel Sheet 304 (Plant-Pune)	25-Nov	955	1178	23	800	85	Yes
8806526274	Stainless Steel Sheet 304 (Plant-Chakan)	25-Nov	2592	1518	21	800	85	No
8806526274	Stainless Steel Sheet 304 (Plant-Talegaon)	25-Nov	2317	2195	19	800	85	No
8806526274	Stainless Steel Sheet 304 (Plant-Nashik)	25-Nov	1277	816	24	800	85	No
8806526274	Stainless Steel Sheet 304 (Plant-Aurangabad)	25-Nov	2223	1838	21	800	85	No
8806526274	Stainless Steel Sheet 304 (Plant-Nagpur)	25-Nov	1900	1246	20	800	85	No
8806526274	Stainless Steel Sheet 304 (Plant-Mumbai)	25-Nov	2304	2872	23	800	85	Yes
8806526274	Stainless Steel Sheet 304 (Plant-Gujarat)	25-Nov	1387	1487	19	800	85	No
8806526274	Stainless Steel Sheet 304 (Plant-Chennai)	25-Nov	1969	1317	22	800	85	No
8806526274	Stainless Steel Sheet 304 (Plant-Bengaluru)	25-Nov	1115	1183	23	800	85	No
8806526274	Stainless Steel Sheet 304 (Plant-Pune)	25-Dec	2338	2899	19	800	85	Yes
8806526274	Stainless Steel Sheet 304 (Plant-Chakan)	25-Dec	2607	1433	22	800	85	No
8806526274	Stainless Steel Sheet 304 (Plant-Talegaon)	25-Dec	2210	2475	20	800	85	Yes
8806526274	Stainless Steel Sheet 304 (Plant-Nashik)	25-Dec	2681	1488	22	800	85	No
8806526274	Stainless Steel Sheet 304 (Plant-Aurangabad)	25-Dec	1761	1858	21	800	85	No
8806526274	Stainless Steel Sheet 304 (Plant-Nagpur)	25-Dec	927	1138	23	800	85	Yes
8806526274	Stainless Steel Sheet 304 (Plant-Mumbai)	25-Dec	1986	1818	24	800	85	No
8806526274	Stainless Steel Sheet 304 (Plant-Gujarat)	25-Dec	882	794	23	800	85	No
8806526274	Stainless Steel Sheet 304 (Plant-Chennai)	25-Dec	2138	1684	19	800	85	No
8806526274	Stainless Steel Sheet 304 (Plant-Bengaluru)	25-Dec	2378	1617	24	800	85	No
8806526274	Stainless Steel Sheet 304 (Plant-Pune)	26-Jan	1807	1880	21	800	85	No
8806526274	Stainless Steel Sheet 304 (Plant-Chakan)	26-Jan	711	707	23	800	85	No
8806526274	Stainless Steel Sheet 304 (Plant-Talegaon)	26-Jan	1069	1144	20	800	85	No
8806526274	Stainless Steel Sheet 304 (Plant-Nashik)	26-Jan	1772	1115	23	800	85	No
8806526274	Stainless Steel Sheet 304 (Plant-Aurangabad)	26-Jan	2149	2014	21	800	85	No
8806526274	Stainless Steel Sheet 304 (Plant-Nagpur)	26-Jan	1581	1347	24	800	85	No
8806526274	Stainless Steel Sheet 304 (Plant-Mumbai)	26-Jan	1491	1023	22	800	85	No
8806526274	Stainless Steel Sheet 304 (Plant-Gujarat)	26-Jan	2692	2683	19	800	85	No
8806526274	Stainless Steel Sheet 304 (Plant-Chennai)	26-Jan	742	588	19	800	85	No
8806526274	Stainless Steel Sheet 304 (Plant-Bengaluru)	26-Jan	2752	2408	20	800	85	No
8806526274	Stainless Steel Sheet 304 (Plant-Pune)	26-Feb	2386	1846	22	800	85	No
8806526274	Stainless Steel Sheet 304 (Plant-Chakan)	26-Feb	981	1011	19	800	85	No
8806526274	Stainless Steel Sheet 304 (Plant-Talegaon)	26-Feb	1824	1313	19	800	85	No
8806526274	Stainless Steel Sheet 304 (Plant-Nashik)	26-Feb	2766	2443	22	800	85	No
8806526274	Stainless Steel Sheet 304 (Plant-Aurangabad)	26-Feb	1962	1496	20	800	85	No
8806526274	Stainless Steel Sheet 304 (Plant-Nagpur)	26-Feb	1862	2173	22	800	85	Yes
8806526274	Stainless Steel Sheet 304 (Plant-Mumbai)	26-Feb	2022	2296	23	800	85	Yes
8806526274	Stainless Steel Sheet 304 (Plant-Gujarat)	26-Feb	785	966	21	800	85	Yes
8806526274	Stainless Steel Sheet 304 (Plant-Chennai)	26-Feb	1585	1751	23	800	85	Yes
8806526274	Stainless Steel Sheet 304 (Plant-Bengaluru)	26-Feb	1079	620	19	800	85	No
8806526274	Stainless Steel Sheet 304 (Plant-Pune)	26-Mar	1922	2079	22	800	85	No
8806526274	Stainless Steel Sheet 304 (Plant-Chakan)	26-Mar	2410	1379	24	800	85	No
8806526274	Stainless Steel Sheet 304 (Plant-Talegaon)	26-Mar	2534	2101	22	800	85	No
8806526274	Stainless Steel Sheet 304 (Plant-Nashik)	26-Mar	2796	2305	19	800	85	No
8806526274	Stainless Steel Sheet 304 (Plant-Aurangabad)	26-Mar	811	736	19	800	85	No
8806526274	Stainless Steel Sheet 304 (Plant-Nagpur)	26-Mar	1769	1035	21	800	85	No
8806526274	Stainless Steel Sheet 304 (Plant-Mumbai)	26-Mar	2349	1940	22	800	85	No
8806526274	Stainless Steel Sheet 304 (Plant-Gujarat)	26-Mar	1594	1191	19	800	85	No
8806526274	Stainless Steel Sheet 304 (Plant-Chennai)	26-Mar	819	916	23	800	85	No
8806526274	Stainless Steel Sheet 304 (Plant-Bengaluru)	26-Mar	1642	1457	24	800	85	No
8806526274	Stainless Steel Sheet 304 (Plant-Pune)	26-Apr	2145	1275	22	800	85	No
8806526274	Stainless Steel Sheet 304 (Plant-Chakan)	26-Apr	2098	1548	23	800	85	No
8806526274	Stainless Steel Sheet 304 (Plant-Talegaon)	26-Apr	2338	2703	21	800	85	Yes
8806526274	Stainless Steel Sheet 304 (Plant-Nashik)	26-Apr	2349	2578	21	800	85	Yes
8806526274	Stainless Steel Sheet 304 (Plant-Aurangabad)	26-Apr	1513	1228	24	800	85	No
8806526274	Stainless Steel Sheet 304 (Plant-Nagpur)	26-Apr	1498	1732	22	800	85	Yes
8806526274	Stainless Steel Sheet 304 (Plant-Mumbai)	26-Apr	1692	933	24	800	85	No
8806526274	Stainless Steel Sheet 304 (Plant-Gujarat)	26-Apr	1103	666	24	800	85	No
8806526274	Stainless Steel Sheet 304 (Plant-Chennai)	26-Apr	740	652	19	800	85	No
8806526274	Stainless Steel Sheet 304 (Plant-Bengaluru)	26-Apr	1950	1763	21	800	85	No
8806526274	Stainless Steel Sheet 304 (Plant-Pune)	26-May	2148	1966	21	800	85	No
8806526274	Stainless Steel Sheet 304 (Plant-Chakan)	26-May	2519	3019	23	800	85	Yes
8806526274	Stainless Steel Sheet 304 (Plant-Talegaon)	26-May	1312	1034	19	800	85	No
8806526274	Stainless Steel Sheet 304 (Plant-Nashik)	26-May	1902	1902	20	800	85	No
8806526274	Stainless Steel Sheet 304 (Plant-Aurangabad)	26-May	1327	776	21	800	85	No
8806526274	Stainless Steel Sheet 304 (Plant-Nagpur)	26-May	1819	1202	19	800	85	No
8806526274	Stainless Steel Sheet 304 (Plant-Mumbai)	26-May	2320	2689	22	800	85	Yes
8806526274	Stainless Steel Sheet 304 (Plant-Gujarat)	26-May	689	358	23	800	85	No
8806526274	Stainless Steel Sheet 304 (Plant-Chennai)	26-May	2122	1757	20	800	85	No
8806526274	Stainless Steel Sheet 304 (Plant-Bengaluru)	26-May	2364	2482	23	800	85	No
8806526274	Stainless Steel Sheet 304 (Plant-Pune)	26-Jun	1144	1335	19	800	85	Yes
8806526274	Stainless Steel Sheet 304 (Plant-Chakan)	26-Jun	822	770	22	800	85	No
8806526274	Stainless Steel Sheet 304 (Plant-Talegaon)	26-Jun	1714	1773	21	800	85	No
8806526274	Stainless Steel Sheet 304 (Plant-Nashik)	26-Jun	1004	558	19	800	85	No
8806526274	Stainless Steel Sheet 304 (Plant-Aurangabad)	26-Jun	1008	1196	21	800	85	Yes
8806526274	Stainless Steel Sheet 304 (Plant-Nagpur)	26-Jun	2288	2483	24	800	85	Yes
8806526274	Stainless Steel Sheet 304 (Plant-Mumbai)	26-Jun	1693	892	20	800	85	No
8806526274	Stainless Steel Sheet 304 (Plant-Gujarat)	26-Jun	2365	1581	21	800	85	No
8806526274	Stainless Steel Sheet 304 (Plant-Chennai)	26-Jun	1651	1730	24	800	85	No
8806526274	Stainless Steel Sheet 304 (Plant-Bengaluru)	26-Jun	1737	1965	22	800	85	Yes
8806526275	M20 High Tensile Fasteners (Plant-Pune)	25-Jan	11411	13578	9	5000	5	Yes
8806526275	M20 High Tensile Fasteners (Plant-Chakan)	25-Jan	8921	5844	5	5000	5	No
8806526275	M20 High Tensile Fasteners (Plant-Talegaon)	25-Jan	5669	6330	5	5000	5	No
8806526275	M20 High Tensile Fasteners (Plant-Nashik)	25-Jan	11917	6890	8	5000	5	No
8806526275	M20 High Tensile Fasteners (Plant-Aurangabad)	25-Jan	7642	4680	10	5000	5	No
8806526275	M20 High Tensile Fasteners (Plant-Nagpur)	25-Jan	12097	11951	7	5000	5	No
8806526275	M20 High Tensile Fasteners (Plant-Mumbai)	25-Jan	15907	14431	7	5000	5	No
8806526275	M20 High Tensile Fasteners (Plant-Gujarat)	25-Jan	9795	9645	6	5000	5	No
8806526275	M20 High Tensile Fasteners (Plant-Chennai)	25-Jan	11611	13661	9	5000	5	Yes
8806526275	M20 High Tensile Fasteners (Plant-Bengaluru)	25-Jan	16139	13821	5	5000	5	No
8806526275	M20 High Tensile Fasteners (Plant-Pune)	25-Feb	16335	19384	10	5000	5	Yes
8806526275	M20 High Tensile Fasteners (Plant-Chakan)	25-Feb	6082	5103	5	5000	5	No
8806526275	M20 High Tensile Fasteners (Plant-Talegaon)	25-Feb	16248	18218	7	5000	5	Yes
8806526275	M20 High Tensile Fasteners (Plant-Nashik)	25-Feb	7559	6928	8	5000	5	No
8806526275	M20 High Tensile Fasteners (Plant-Aurangabad)	25-Feb	12522	10659	6	5000	5	No
8806526275	M20 High Tensile Fasteners (Plant-Nagpur)	25-Feb	6754	3969	9	5000	5	No
8806526275	M20 High Tensile Fasteners (Plant-Mumbai)	25-Feb	16473	19225	9	5000	5	Yes
8806526275	M20 High Tensile Fasteners (Plant-Gujarat)	25-Feb	9262	8502	9	5000	5	No
8806526275	M20 High Tensile Fasteners (Plant-Chennai)	25-Feb	7744	6342	6	5000	5	No
8806526275	M20 High Tensile Fasteners (Plant-Bengaluru)	25-Feb	12406	8082	8	5000	5	No
8806526275	M20 High Tensile Fasteners (Plant-Pune)	25-Mar	8033	7622	10	5000	5	No
8806526275	M20 High Tensile Fasteners (Plant-Chakan)	25-Mar	10388	7149	6	5000	5	No
8806526275	M20 High Tensile Fasteners (Plant-Talegaon)	25-Mar	12654	8017	8	5000	5	No
8806526275	M20 High Tensile Fasteners (Plant-Nashik)	25-Mar	7372	5981	7	5000	5	No
8806526275	M20 High Tensile Fasteners (Plant-Aurangabad)	25-Mar	4717	4428	5	5000	5	No
8806526275	M20 High Tensile Fasteners (Plant-Nagpur)	25-Mar	11625	7509	6	5000	5	No
8806526275	M20 High Tensile Fasteners (Plant-Mumbai)	25-Mar	13180	9273	10	5000	5	No
8806526275	M20 High Tensile Fasteners (Plant-Gujarat)	25-Mar	16818	11646	10	5000	5	No
8806526275	M20 High Tensile Fasteners (Plant-Chennai)	25-Mar	15498	14402	6	5000	5	No
8806526275	M20 High Tensile Fasteners (Plant-Bengaluru)	25-Mar	4639	3267	6	5000	5	No
8806526275	M20 High Tensile Fasteners (Plant-Pune)	25-Apr	5050	6001	10	5000	5	No
8806526275	M20 High Tensile Fasteners (Plant-Chakan)	25-Apr	11126	7605	6	5000	5	No
8806526275	M20 High Tensile Fasteners (Plant-Talegaon)	25-Apr	6406	7431	6	5000	5	Yes
8806526275	M20 High Tensile Fasteners (Plant-Nashik)	25-Apr	4134	4872	5	5000	5	No
8806526275	M20 High Tensile Fasteners (Plant-Aurangabad)	25-Apr	17291	12709	7	5000	5	No
8806526275	M20 High Tensile Fasteners (Plant-Nagpur)	25-Apr	9873	11117	10	5000	5	Yes
8806526275	M20 High Tensile Fasteners (Plant-Mumbai)	25-Apr	8009	9566	6	5000	5	Yes
8806526275	M20 High Tensile Fasteners (Plant-Gujarat)	25-Apr	4971	5030	9	5000	5	No
8806526275	M20 High Tensile Fasteners (Plant-Chennai)	25-Apr	7509	8311	9	5000	5	No
8806526275	M20 High Tensile Fasteners (Plant-Bengaluru)	25-Apr	7388	6639	6	5000	5	No
8806526275	M20 High Tensile Fasteners (Plant-Pune)	25-May	16988	17262	7	5000	5	No
8806526275	M20 High Tensile Fasteners (Plant-Chakan)	25-May	10276	7705	5	5000	5	No
8806526275	M20 High Tensile Fasteners (Plant-Talegaon)	25-May	15149	8343	7	5000	5	No
8806526275	M20 High Tensile Fasteners (Plant-Nashik)	25-May	9810	9472	9	5000	5	No
8806526275	M20 High Tensile Fasteners (Plant-Aurangabad)	25-May	16115	10957	7	5000	5	No
8806526275	M20 High Tensile Fasteners (Plant-Nagpur)	25-May	16796	14496	10	5000	5	No
8806526275	M20 High Tensile Fasteners (Plant-Mumbai)	25-May	11593	9896	9	5000	5	No
8806526275	M20 High Tensile Fasteners (Plant-Gujarat)	25-May	15656	13876	6	5000	5	No
8806526275	M20 High Tensile Fasteners (Plant-Chennai)	25-May	16023	9449	7	5000	5	No
8806526275	M20 High Tensile Fasteners (Plant-Bengaluru)	25-May	5112	5132	10	5000	5	No
8806526275	M20 High Tensile Fasteners (Plant-Pune)	25-Jun	10152	10375	8	5000	5	No
8806526275	M20 High Tensile Fasteners (Plant-Chakan)	25-Jun	11590	7856	7	5000	5	No
8806526275	M20 High Tensile Fasteners (Plant-Talegaon)	25-Jun	16078	13474	9	5000	5	No
8806526275	M20 High Tensile Fasteners (Plant-Nashik)	25-Jun	6812	5776	8	5000	5	No
8806526275	M20 High Tensile Fasteners (Plant-Aurangabad)	25-Jun	8899	8070	5	5000	5	No
8806526275	M20 High Tensile Fasteners (Plant-Nagpur)	25-Jun	8728	4618	6	5000	5	No
8806526275	M20 High Tensile Fasteners (Plant-Mumbai)	25-Jun	8763	8845	8	5000	5	No
8806526275	M20 High Tensile Fasteners (Plant-Gujarat)	25-Jun	8222	7509	9	5000	5	No
8806526275	M20 High Tensile Fasteners (Plant-Chennai)	25-Jun	15328	15186	10	5000	5	No
8806526275	M20 High Tensile Fasteners (Plant-Bengaluru)	25-Jun	14773	11731	5	5000	5	No
8806526275	M20 High Tensile Fasteners (Plant-Pune)	25-Jul	13054	9052	6	5000	5	No
8806526275	M20 High Tensile Fasteners (Plant-Chakan)	25-Jul	14575	16348	8	5000	5	Yes
8806526275	M20 High Tensile Fasteners (Plant-Talegaon)	25-Jul	15320	8997	7	5000	5	No
8806526275	M20 High Tensile Fasteners (Plant-Nashik)	25-Jul	11439	8696	7	5000	5	No
8806526275	M20 High Tensile Fasteners (Plant-Aurangabad)	25-Jul	16531	8480	8	5000	5	No
8806526275	M20 High Tensile Fasteners (Plant-Nagpur)	25-Jul	17498	16325	7	5000	5	No
8806526275	M20 High Tensile Fasteners (Plant-Mumbai)	25-Jul	12408	14995	5	5000	5	Yes
8806526275	M20 High Tensile Fasteners (Plant-Gujarat)	25-Jul	7324	4537	8	5000	5	No
8806526275	M20 High Tensile Fasteners (Plant-Chennai)	25-Jul	10264	5250	6	5000	5	No
8806526275	M20 High Tensile Fasteners (Plant-Bengaluru)	25-Jul	14583	9520	6	5000	5	No
8806526275	M20 High Tensile Fasteners (Plant-Pune)	25-Aug	9032	5256	7	5000	5	No
8806526275	M20 High Tensile Fasteners (Plant-Chakan)	25-Aug	4178	2363	5	5000	5	No
8806526275	M20 High Tensile Fasteners (Plant-Talegaon)	25-Aug	5446	4982	5	5000	5	No
8806526275	M20 High Tensile Fasteners (Plant-Nashik)	25-Aug	12896	15123	7	5000	5	Yes
8806526275	M20 High Tensile Fasteners (Plant-Aurangabad)	25-Aug	14975	16447	10	5000	5	Yes
8806526275	M20 High Tensile Fasteners (Plant-Nagpur)	25-Aug	4211	4293	10	5000	5	No
8806526275	M20 High Tensile Fasteners (Plant-Mumbai)	25-Aug	4230	3620	5	5000	5	No
8806526275	M20 High Tensile Fasteners (Plant-Gujarat)	25-Aug	16188	16134	7	5000	5	No
8806526275	M20 High Tensile Fasteners (Plant-Chennai)	25-Aug	10480	6088	5	5000	5	No
8806526275	M20 High Tensile Fasteners (Plant-Bengaluru)	25-Aug	16700	15590	6	5000	5	No
8806526275	M20 High Tensile Fasteners (Plant-Pune)	25-Sep	7116	4228	9	5000	5	No
8806526275	M20 High Tensile Fasteners (Plant-Chakan)	25-Sep	11664	10865	9	5000	5	No
8806526275	M20 High Tensile Fasteners (Plant-Talegaon)	25-Sep	15858	13439	5	5000	5	No
8806526275	M20 High Tensile Fasteners (Plant-Nashik)	25-Sep	15657	16345	8	5000	5	No
8806526275	M20 High Tensile Fasteners (Plant-Aurangabad)	25-Sep	10399	8509	6	5000	5	No
8806526275	M20 High Tensile Fasteners (Plant-Nagpur)	25-Sep	16590	18188	10	5000	5	Yes
8806526275	M20 High Tensile Fasteners (Plant-Mumbai)	25-Sep	17043	10152	10	5000	5	No
8806526275	M20 High Tensile Fasteners (Plant-Gujarat)	25-Sep	12217	15190	7	5000	5	Yes
8806526275	M20 High Tensile Fasteners (Plant-Chennai)	25-Sep	17400	18021	8	5000	5	No
8806526275	M20 High Tensile Fasteners (Plant-Bengaluru)	25-Sep	6270	5553	10	5000	5	No
8806526275	M20 High Tensile Fasteners (Plant-Pune)	25-Oct	14933	9510	5	5000	5	No
8806526275	M20 High Tensile Fasteners (Plant-Chakan)	25-Oct	6638	4184	10	5000	5	No
8806526275	M20 High Tensile Fasteners (Plant-Talegaon)	25-Oct	16304	19253	10	5000	5	Yes
8806526275	M20 High Tensile Fasteners (Plant-Nashik)	25-Oct	15798	14831	6	5000	5	No
8806526275	M20 High Tensile Fasteners (Plant-Aurangabad)	25-Oct	9551	5152	10	5000	5	No
8806526275	M20 High Tensile Fasteners (Plant-Nagpur)	25-Oct	13118	14536	5	5000	5	Yes
8806526275	M20 High Tensile Fasteners (Plant-Mumbai)	25-Oct	15786	8772	6	5000	5	No
8806526275	M20 High Tensile Fasteners (Plant-Gujarat)	25-Oct	4019	2552	10	5000	5	No
8806526275	M20 High Tensile Fasteners (Plant-Chennai)	25-Oct	13984	16198	9	5000	5	Yes
8806526275	M20 High Tensile Fasteners (Plant-Bengaluru)	25-Oct	17361	9438	7	5000	5	No
8806526275	M20 High Tensile Fasteners (Plant-Pune)	25-Nov	15667	18756	7	5000	5	Yes
8806526275	M20 High Tensile Fasteners (Plant-Chakan)	25-Nov	6503	5460	6	5000	5	No
8806526275	M20 High Tensile Fasteners (Plant-Talegaon)	25-Nov	16452	10408	9	5000	5	No
8806526275	M20 High Tensile Fasteners (Plant-Nashik)	25-Nov	14019	16023	10	5000	5	Yes
8806526275	M20 High Tensile Fasteners (Plant-Aurangabad)	25-Nov	14208	12146	8	5000	5	No
8806526275	M20 High Tensile Fasteners (Plant-Nagpur)	25-Nov	7007	6625	6	5000	5	No
8806526275	M20 High Tensile Fasteners (Plant-Mumbai)	25-Nov	7385	5157	6	5000	5	No
8806526275	M20 High Tensile Fasteners (Plant-Gujarat)	25-Nov	12997	15216	5	5000	5	Yes
8806526275	M20 High Tensile Fasteners (Plant-Chennai)	25-Nov	14149	10435	5	5000	5	No
8806526275	M20 High Tensile Fasteners (Plant-Bengaluru)	25-Nov	6793	5762	8	5000	5	No
8806526275	M20 High Tensile Fasteners (Plant-Pune)	25-Dec	10992	8251	5	5000	5	No
8806526275	M20 High Tensile Fasteners (Plant-Chakan)	25-Dec	10118	10870	7	5000	5	No
8806526275	M20 High Tensile Fasteners (Plant-Talegaon)	25-Dec	8825	9751	10	5000	5	No
8806526275	M20 High Tensile Fasteners (Plant-Nashik)	25-Dec	8598	8926	9	5000	5	No
8806526275	M20 High Tensile Fasteners (Plant-Aurangabad)	25-Dec	10172	11803	8	5000	5	Yes
8806526275	M20 High Tensile Fasteners (Plant-Nagpur)	25-Dec	7371	9213	5	5000	5	Yes
8806526275	M20 High Tensile Fasteners (Plant-Mumbai)	25-Dec	15751	17132	7	5000	5	Yes
8806526275	M20 High Tensile Fasteners (Plant-Gujarat)	25-Dec	13277	13525	8	5000	5	No
8806526275	M20 High Tensile Fasteners (Plant-Chennai)	25-Dec	8289	5666	5	5000	5	No
8806526275	M20 High Tensile Fasteners (Plant-Bengaluru)	25-Dec	12467	8500	6	5000	5	No
8806526275	M20 High Tensile Fasteners (Plant-Pune)	26-Jan	15103	16363	6	5000	5	Yes
8806526275	M20 High Tensile Fasteners (Plant-Chakan)	26-Jan	5408	3913	5	5000	5	No
8806526275	M20 High Tensile Fasteners (Plant-Talegaon)	26-Jan	17309	14066	8	5000	5	No
8806526275	M20 High Tensile Fasteners (Plant-Nashik)	26-Jan	12445	6720	10	5000	5	No
8806526275	M20 High Tensile Fasteners (Plant-Aurangabad)	26-Jan	8830	6791	10	5000	5	No
8806526275	M20 High Tensile Fasteners (Plant-Nagpur)	26-Jan	4248	3737	10	5000	5	No
8806526275	M20 High Tensile Fasteners (Plant-Mumbai)	26-Jan	11987	14909	5	5000	5	Yes
8806526275	M20 High Tensile Fasteners (Plant-Gujarat)	26-Jan	14062	14238	9	5000	5	No
8806526275	M20 High Tensile Fasteners (Plant-Chennai)	26-Jan	11421	7542	10	5000	5	No
8806526275	M20 High Tensile Fasteners (Plant-Bengaluru)	26-Jan	7090	8750	7	5000	5	Yes
8806526275	M20 High Tensile Fasteners (Plant-Pune)	26-Feb	14167	14323	7	5000	5	No
8806526275	M20 High Tensile Fasteners (Plant-Chakan)	26-Feb	16168	10390	6	5000	5	No
8806526275	M20 High Tensile Fasteners (Plant-Talegaon)	26-Feb	13854	17196	7	5000	5	Yes
8806526275	M20 High Tensile Fasteners (Plant-Nashik)	26-Feb	5826	4582	7	5000	5	No
8806526275	M20 High Tensile Fasteners (Plant-Aurangabad)	26-Feb	12286	13187	9	5000	5	No
8806526275	M20 High Tensile Fasteners (Plant-Nagpur)	26-Feb	7940	6906	8	5000	5	No
8806526275	M20 High Tensile Fasteners (Plant-Mumbai)	26-Feb	7407	5847	8	5000	5	No
8806526275	M20 High Tensile Fasteners (Plant-Gujarat)	26-Feb	10810	7697	9	5000	5	No
8806526275	M20 High Tensile Fasteners (Plant-Chennai)	26-Feb	6879	4900	10	5000	5	No
8806526275	M20 High Tensile Fasteners (Plant-Bengaluru)	26-Feb	8959	5785	9	5000	5	No
8806526275	M20 High Tensile Fasteners (Plant-Pune)	26-Mar	16536	15847	6	5000	5	No
8806526275	M20 High Tensile Fasteners (Plant-Chakan)	26-Mar	11032	6708	9	5000	5	No
8806526275	M20 High Tensile Fasteners (Plant-Talegaon)	26-Mar	11093	9683	7	5000	5	No
8806526275	M20 High Tensile Fasteners (Plant-Nashik)	26-Mar	4406	4753	10	5000	5	No
8806526275	M20 High Tensile Fasteners (Plant-Aurangabad)	26-Mar	12971	14195	5	5000	5	Yes
8806526275	M20 High Tensile Fasteners (Plant-Nagpur)	26-Mar	4296	3451	6	5000	5	No
8806526275	M20 High Tensile Fasteners (Plant-Mumbai)	26-Mar	15080	18667	9	5000	5	Yes
8806526275	M20 High Tensile Fasteners (Plant-Gujarat)	26-Mar	5702	6377	9	5000	5	No
8806526275	M20 High Tensile Fasteners (Plant-Chennai)	26-Mar	13787	16999	7	5000	5	Yes
8806526275	M20 High Tensile Fasteners (Plant-Bengaluru)	26-Mar	15629	17629	9	5000	5	Yes
8806526275	M20 High Tensile Fasteners (Plant-Pune)	26-Apr	13394	6778	5	5000	5	No
8806526275	M20 High Tensile Fasteners (Plant-Chakan)	26-Apr	17216	14929	8	5000	5	No
8806526275	M20 High Tensile Fasteners (Plant-Talegaon)	26-Apr	17343	11817	6	5000	5	No
8806526275	M20 High Tensile Fasteners (Plant-Nashik)	26-Apr	9200	5277	8	5000	5	No
8806526275	M20 High Tensile Fasteners (Plant-Aurangabad)	26-Apr	10795	12465	5	5000	5	Yes
8806526275	M20 High Tensile Fasteners (Plant-Nagpur)	26-Apr	16854	13277	8	5000	5	No
8806526275	M20 High Tensile Fasteners (Plant-Mumbai)	26-Apr	8128	8450	5	5000	5	No
8806526275	M20 High Tensile Fasteners (Plant-Gujarat)	26-Apr	16685	12667	9	5000	5	No
8806526275	M20 High Tensile Fasteners (Plant-Chennai)	26-Apr	17345	10722	9	5000	5	No
8806526275	M20 High Tensile Fasteners (Plant-Bengaluru)	26-Apr	16152	9553	8	5000	5	No
8806526275	M20 High Tensile Fasteners (Plant-Pune)	26-May	5912	6877	5	5000	5	No
8806526275	M20 High Tensile Fasteners (Plant-Chakan)	26-May	4427	5412	6	5000	5	No
8806526275	M20 High Tensile Fasteners (Plant-Talegaon)	26-May	5031	6044	7	5000	5	Yes
8806526275	M20 High Tensile Fasteners (Plant-Nashik)	26-May	5964	6965	6	5000	5	Yes
8806526275	M20 High Tensile Fasteners (Plant-Aurangabad)	26-May	14527	13921	9	5000	5	No
8806526275	M20 High Tensile Fasteners (Plant-Nagpur)	26-May	9702	8855	8	5000	5	No
8806526275	M20 High Tensile Fasteners (Plant-Mumbai)	26-May	15589	17540	8	5000	5	Yes
8806526275	M20 High Tensile Fasteners (Plant-Gujarat)	26-May	7708	4648	9	5000	5	No
8806526275	M20 High Tensile Fasteners (Plant-Chennai)	26-May	16476	17729	7	5000	5	Yes
8806526275	M20 High Tensile Fasteners (Plant-Bengaluru)	26-May	7833	9604	5	5000	5	Yes
8806526275	M20 High Tensile Fasteners (Plant-Pune)	26-Jun	6936	4481	6	5000	5	No
8806526275	M20 High Tensile Fasteners (Plant-Chakan)	26-Jun	11629	9236	10	5000	5	No
8806526275	M20 High Tensile Fasteners (Plant-Talegaon)	26-Jun	4940	5573	8	5000	5	No
8806526275	M20 High Tensile Fasteners (Plant-Nashik)	26-Jun	14028	16387	9	5000	5	Yes
8806526275	M20 High Tensile Fasteners (Plant-Aurangabad)	26-Jun	13024	11882	10	5000	5	No
8806526275	M20 High Tensile Fasteners (Plant-Nagpur)	26-Jun	6720	6791	9	5000	5	No
8806526275	M20 High Tensile Fasteners (Plant-Mumbai)	26-Jun	13051	6553	7	5000	5	No
8806526275	M20 High Tensile Fasteners (Plant-Gujarat)	26-Jun	13732	13846	9	5000	5	No
8806526275	M20 High Tensile Fasteners (Plant-Chennai)	26-Jun	10307	5884	8	5000	5	No
8806526275	M20 High Tensile Fasteners (Plant-Bengaluru)	26-Jun	12436	13656	7	5000	5	Yes
8806526276	Heavy Duty Roller Bearing (Plant-Pune)	25-Jan	777	730	32	400	120	No
8806526276	Heavy Duty Roller Bearing (Plant-Chakan)	25-Jan	1102	1144	30	400	120	No
8806526276	Heavy Duty Roller Bearing (Plant-Talegaon)	25-Jan	1030	1286	33	400	120	Yes
8806526276	Heavy Duty Roller Bearing (Plant-Nashik)	25-Jan	492	599	31	400	120	Yes
8806526276	Heavy Duty Roller Bearing (Plant-Aurangabad)	25-Jan	322	337	28	400	120	No
8806526276	Heavy Duty Roller Bearing (Plant-Nagpur)	25-Jan	524	449	30	400	120	No
8806526276	Heavy Duty Roller Bearing (Plant-Mumbai)	25-Jan	1354	1605	33	400	120	Yes
8806526276	Heavy Duty Roller Bearing (Plant-Gujarat)	25-Jan	993	778	32	400	120	No
8806526276	Heavy Duty Roller Bearing (Plant-Chennai)	25-Jan	948	530	32	400	120	No
8806526276	Heavy Duty Roller Bearing (Plant-Bengaluru)	25-Jan	1365	1524	31	400	120	Yes
8806526276	Heavy Duty Roller Bearing (Plant-Pune)	25-Feb	621	557	32	400	120	No
8806526276	Heavy Duty Roller Bearing (Plant-Chakan)	25-Feb	390	408	28	400	120	No
8806526276	Heavy Duty Roller Bearing (Plant-Talegaon)	25-Feb	328	339	33	400	120	No
8806526276	Heavy Duty Roller Bearing (Plant-Nashik)	25-Feb	1314	904	33	400	120	No
8806526276	Heavy Duty Roller Bearing (Plant-Aurangabad)	25-Feb	616	665	30	400	120	No
8806526276	Heavy Duty Roller Bearing (Plant-Nagpur)	25-Feb	1331	1466	31	400	120	Yes
8806526276	Heavy Duty Roller Bearing (Plant-Mumbai)	25-Feb	1340	1170	33	400	120	No
8806526276	Heavy Duty Roller Bearing (Plant-Gujarat)	25-Feb	1342	1280	30	400	120	No
8806526276	Heavy Duty Roller Bearing (Plant-Chennai)	25-Feb	570	427	33	400	120	No
8806526276	Heavy Duty Roller Bearing (Plant-Bengaluru)	25-Feb	1278	1523	29	400	120	Yes
8806526276	Heavy Duty Roller Bearing (Plant-Pune)	25-Mar	443	363	29	400	120	No
8806526276	Heavy Duty Roller Bearing (Plant-Chakan)	25-Mar	599	420	33	400	120	No
8806526276	Heavy Duty Roller Bearing (Plant-Talegaon)	25-Mar	688	520	28	400	120	No
8806526276	Heavy Duty Roller Bearing (Plant-Nashik)	25-Mar	888	1051	33	400	120	Yes
8806526276	Heavy Duty Roller Bearing (Plant-Aurangabad)	25-Mar	625	447	29	400	120	No
8806526276	Heavy Duty Roller Bearing (Plant-Nagpur)	25-Mar	632	474	31	400	120	No
8806526276	Heavy Duty Roller Bearing (Plant-Mumbai)	25-Mar	635	565	31	400	120	No
8806526276	Heavy Duty Roller Bearing (Plant-Gujarat)	25-Mar	702	396	33	400	120	No
8806526276	Heavy Duty Roller Bearing (Plant-Chennai)	25-Mar	788	445	32	400	120	No
8806526276	Heavy Duty Roller Bearing (Plant-Bengaluru)	25-Mar	372	361	30	400	120	No
8806526276	Heavy Duty Roller Bearing (Plant-Pune)	25-Apr	476	514	28	400	120	No
8806526276	Heavy Duty Roller Bearing (Plant-Chakan)	25-Apr	1317	882	29	400	120	No
8806526276	Heavy Duty Roller Bearing (Plant-Talegaon)	25-Apr	1152	1135	33	400	120	No
8806526276	Heavy Duty Roller Bearing (Plant-Nashik)	25-Apr	999	864	30	400	120	No
8806526276	Heavy Duty Roller Bearing (Plant-Aurangabad)	25-Apr	582	407	32	400	120	No
8806526276	Heavy Duty Roller Bearing (Plant-Nagpur)	25-Apr	437	402	28	400	120	No
8806526276	Heavy Duty Roller Bearing (Plant-Mumbai)	25-Apr	383	438	32	400	120	No
8806526276	Heavy Duty Roller Bearing (Plant-Gujarat)	25-Apr	863	481	31	400	120	No
8806526276	Heavy Duty Roller Bearing (Plant-Chennai)	25-Apr	873	552	28	400	120	No
8806526276	Heavy Duty Roller Bearing (Plant-Bengaluru)	25-Apr	334	182	29	400	120	No
8806526276	Heavy Duty Roller Bearing (Plant-Pune)	25-May	407	338	29	400	120	No
8806526276	Heavy Duty Roller Bearing (Plant-Chakan)	25-May	1379	1491	31	400	120	Yes
8806526276	Heavy Duty Roller Bearing (Plant-Talegaon)	25-May	728	377	31	400	120	No
8806526276	Heavy Duty Roller Bearing (Plant-Nashik)	25-May	622	377	31	400	120	No
8806526276	Heavy Duty Roller Bearing (Plant-Aurangabad)	25-May	986	971	30	400	120	No
8806526276	Heavy Duty Roller Bearing (Plant-Nagpur)	25-May	963	882	31	400	120	No
8806526276	Heavy Duty Roller Bearing (Plant-Mumbai)	25-May	1138	1058	30	400	120	No
8806526276	Heavy Duty Roller Bearing (Plant-Gujarat)	25-May	966	862	31	400	120	No
8806526276	Heavy Duty Roller Bearing (Plant-Chennai)	25-May	868	890	30	400	120	No
8806526276	Heavy Duty Roller Bearing (Plant-Bengaluru)	25-May	848	524	31	400	120	No
8806526276	Heavy Duty Roller Bearing (Plant-Pune)	25-Jun	1103	1175	32	400	120	No
8806526276	Heavy Duty Roller Bearing (Plant-Chakan)	25-Jun	604	417	30	400	120	No
8806526276	Heavy Duty Roller Bearing (Plant-Talegaon)	25-Jun	614	550	29	400	120	No
8806526276	Heavy Duty Roller Bearing (Plant-Nashik)	25-Jun	1261	675	28	400	120	No
8806526276	Heavy Duty Roller Bearing (Plant-Aurangabad)	25-Jun	403	419	30	400	120	No
8806526276	Heavy Duty Roller Bearing (Plant-Nagpur)	25-Jun	453	313	32	400	120	No
8806526276	Heavy Duty Roller Bearing (Plant-Mumbai)	25-Jun	915	733	33	400	120	No
8806526276	Heavy Duty Roller Bearing (Plant-Gujarat)	25-Jun	1205	1326	30	400	120	Yes
8806526276	Heavy Duty Roller Bearing (Plant-Chennai)	25-Jun	1299	1259	31	400	120	No
8806526276	Heavy Duty Roller Bearing (Plant-Bengaluru)	25-Jun	694	459	28	400	120	No
8806526276	Heavy Duty Roller Bearing (Plant-Pune)	25-Jul	1027	945	28	400	120	No
8806526276	Heavy Duty Roller Bearing (Plant-Chakan)	25-Jul	459	475	30	400	120	No
8806526276	Heavy Duty Roller Bearing (Plant-Talegaon)	25-Jul	764	390	28	400	120	No
8806526276	Heavy Duty Roller Bearing (Plant-Nashik)	25-Jul	1145	1280	28	400	120	Yes
8806526276	Heavy Duty Roller Bearing (Plant-Aurangabad)	25-Jul	1161	1209	29	400	120	No
8806526276	Heavy Duty Roller Bearing (Plant-Nagpur)	25-Jul	810	406	30	400	120	No
8806526276	Heavy Duty Roller Bearing (Plant-Mumbai)	25-Jul	919	976	31	400	120	No
8806526276	Heavy Duty Roller Bearing (Plant-Gujarat)	25-Jul	899	523	32	400	120	No
8806526276	Heavy Duty Roller Bearing (Plant-Chennai)	25-Jul	1243	1046	28	400	120	No
8806526276	Heavy Duty Roller Bearing (Plant-Bengaluru)	25-Jul	808	486	30	400	120	No
8806526276	Heavy Duty Roller Bearing (Plant-Pune)	25-Aug	817	691	32	400	120	No
8806526276	Heavy Duty Roller Bearing (Plant-Chakan)	25-Aug	784	707	30	400	120	No
8806526276	Heavy Duty Roller Bearing (Plant-Talegaon)	25-Aug	561	366	33	400	120	No
8806526276	Heavy Duty Roller Bearing (Plant-Nashik)	25-Aug	626	393	32	400	120	No
8806526276	Heavy Duty Roller Bearing (Plant-Aurangabad)	25-Aug	735	668	33	400	120	No
8806526276	Heavy Duty Roller Bearing (Plant-Nagpur)	25-Aug	1073	740	31	400	120	No
8806526276	Heavy Duty Roller Bearing (Plant-Mumbai)	25-Aug	424	402	28	400	120	No
8806526276	Heavy Duty Roller Bearing (Plant-Gujarat)	25-Aug	737	663	30	400	120	No
8806526276	Heavy Duty Roller Bearing (Plant-Chennai)	25-Aug	1037	596	30	400	120	No
8806526276	Heavy Duty Roller Bearing (Plant-Bengaluru)	25-Aug	995	1159	33	400	120	Yes
8806526276	Heavy Duty Roller Bearing (Plant-Pune)	25-Sep	728	587	30	400	120	No
8806526276	Heavy Duty Roller Bearing (Plant-Chakan)	25-Sep	785	392	30	400	120	No
8806526276	Heavy Duty Roller Bearing (Plant-Talegaon)	25-Sep	637	371	30	400	120	No
8806526276	Heavy Duty Roller Bearing (Plant-Nashik)	25-Sep	1047	1308	31	400	120	Yes
8806526276	Heavy Duty Roller Bearing (Plant-Aurangabad)	25-Sep	677	472	29	400	120	No
8806526276	Heavy Duty Roller Bearing (Plant-Nagpur)	25-Sep	633	686	30	400	120	No
8806526276	Heavy Duty Roller Bearing (Plant-Mumbai)	25-Sep	517	265	30	400	120	No
8806526276	Heavy Duty Roller Bearing (Plant-Gujarat)	25-Sep	1282	1308	32	400	120	No
8806526276	Heavy Duty Roller Bearing (Plant-Chennai)	25-Sep	1310	1255	29	400	120	No
8806526276	Heavy Duty Roller Bearing (Plant-Bengaluru)	25-Sep	672	701	31	400	120	No
8806526276	Heavy Duty Roller Bearing (Plant-Pune)	25-Oct	589	601	33	400	120	No
8806526276	Heavy Duty Roller Bearing (Plant-Chakan)	25-Oct	989	938	30	400	120	No
8806526276	Heavy Duty Roller Bearing (Plant-Talegaon)	25-Oct	1087	1175	32	400	120	Yes
8806526276	Heavy Duty Roller Bearing (Plant-Nashik)	25-Oct	475	473	33	400	120	No
8806526276	Heavy Duty Roller Bearing (Plant-Aurangabad)	25-Oct	1097	1230	33	400	120	Yes
8806526276	Heavy Duty Roller Bearing (Plant-Nagpur)	25-Oct	1214	892	31	400	120	No
8806526276	Heavy Duty Roller Bearing (Plant-Mumbai)	25-Oct	431	482	31	400	120	No
8806526276	Heavy Duty Roller Bearing (Plant-Gujarat)	25-Oct	956	630	31	400	120	No
8806526276	Heavy Duty Roller Bearing (Plant-Chennai)	25-Oct	850	435	29	400	120	No
8806526276	Heavy Duty Roller Bearing (Plant-Bengaluru)	25-Oct	591	661	32	400	120	No
8806526276	Heavy Duty Roller Bearing (Plant-Pune)	25-Nov	1286	1298	32	400	120	No
8806526276	Heavy Duty Roller Bearing (Plant-Chakan)	25-Nov	1151	759	32	400	120	No
8806526276	Heavy Duty Roller Bearing (Plant-Talegaon)	25-Nov	482	588	28	400	120	Yes
8806526276	Heavy Duty Roller Bearing (Plant-Nashik)	25-Nov	458	487	30	400	120	No
8806526276	Heavy Duty Roller Bearing (Plant-Aurangabad)	25-Nov	760	760	29	400	120	No
8806526276	Heavy Duty Roller Bearing (Plant-Nagpur)	25-Nov	586	550	33	400	120	No
8806526276	Heavy Duty Roller Bearing (Plant-Mumbai)	25-Nov	1307	1528	33	400	120	Yes
8806526276	Heavy Duty Roller Bearing (Plant-Gujarat)	25-Nov	1084	1203	32	400	120	Yes
8806526276	Heavy Duty Roller Bearing (Plant-Chennai)	25-Nov	945	728	29	400	120	No
8806526276	Heavy Duty Roller Bearing (Plant-Bengaluru)	25-Nov	1180	1260	33	400	120	No
8806526276	Heavy Duty Roller Bearing (Plant-Pune)	25-Dec	460	431	31	400	120	No
8806526276	Heavy Duty Roller Bearing (Plant-Chakan)	25-Dec	764	606	31	400	120	No
8806526276	Heavy Duty Roller Bearing (Plant-Talegaon)	25-Dec	825	646	32	400	120	No
8806526276	Heavy Duty Roller Bearing (Plant-Nashik)	25-Dec	1366	972	28	400	120	No
8806526276	Heavy Duty Roller Bearing (Plant-Aurangabad)	25-Dec	916	1044	30	400	120	Yes
8806526276	Heavy Duty Roller Bearing (Plant-Nagpur)	25-Dec	954	969	30	400	120	No
8806526276	Heavy Duty Roller Bearing (Plant-Mumbai)	25-Dec	1072	1227	29	400	120	Yes
8806526276	Heavy Duty Roller Bearing (Plant-Gujarat)	25-Dec	808	679	29	400	120	No
8806526276	Heavy Duty Roller Bearing (Plant-Chennai)	25-Dec	1214	1053	29	400	120	No
8806526276	Heavy Duty Roller Bearing (Plant-Bengaluru)	25-Dec	983	1152	31	400	120	Yes
8806526276	Heavy Duty Roller Bearing (Plant-Pune)	26-Jan	516	316	32	400	120	No
8806526276	Heavy Duty Roller Bearing (Plant-Chakan)	26-Jan	502	404	33	400	120	No
8806526276	Heavy Duty Roller Bearing (Plant-Talegaon)	26-Jan	559	547	28	400	120	No
8806526276	Heavy Duty Roller Bearing (Plant-Nashik)	26-Jan	757	592	29	400	120	No
8806526276	Heavy Duty Roller Bearing (Plant-Aurangabad)	26-Jan	633	761	30	400	120	Yes
8806526276	Heavy Duty Roller Bearing (Plant-Nagpur)	26-Jan	549	605	28	400	120	No
8806526276	Heavy Duty Roller Bearing (Plant-Mumbai)	26-Jan	867	892	32	400	120	No
8806526276	Heavy Duty Roller Bearing (Plant-Gujarat)	26-Jan	654	433	32	400	120	No
8806526276	Heavy Duty Roller Bearing (Plant-Chennai)	26-Jan	504	583	33	400	120	No
8806526276	Heavy Duty Roller Bearing (Plant-Bengaluru)	26-Jan	1365	1424	28	400	120	No
8806526276	Heavy Duty Roller Bearing (Plant-Pune)	26-Feb	915	876	30	400	120	No
8806526276	Heavy Duty Roller Bearing (Plant-Chakan)	26-Feb	1398	749	31	400	120	No
8806526276	Heavy Duty Roller Bearing (Plant-Talegaon)	26-Feb	1185	1313	30	400	120	Yes
8806526276	Heavy Duty Roller Bearing (Plant-Nashik)	26-Feb	1350	1483	32	400	120	Yes
8806526276	Heavy Duty Roller Bearing (Plant-Aurangabad)	26-Feb	1228	667	33	400	120	No
8806526276	Heavy Duty Roller Bearing (Plant-Nagpur)	26-Feb	1383	1564	31	400	120	Yes
8806526276	Heavy Duty Roller Bearing (Plant-Mumbai)	26-Feb	322	310	28	400	120	No
8806526276	Heavy Duty Roller Bearing (Plant-Gujarat)	26-Feb	535	331	32	400	120	No
8806526276	Heavy Duty Roller Bearing (Plant-Chennai)	26-Feb	458	380	32	400	120	No
8806526276	Heavy Duty Roller Bearing (Plant-Bengaluru)	26-Feb	1299	1427	29	400	120	Yes
8806526276	Heavy Duty Roller Bearing (Plant-Pune)	26-Mar	469	389	33	400	120	No
8806526276	Heavy Duty Roller Bearing (Plant-Chakan)	26-Mar	402	427	31	400	120	No
8806526276	Heavy Duty Roller Bearing (Plant-Talegaon)	26-Mar	1358	1664	29	400	120	Yes
8806526276	Heavy Duty Roller Bearing (Plant-Nashik)	26-Mar	714	670	31	400	120	No
8806526276	Heavy Duty Roller Bearing (Plant-Aurangabad)	26-Mar	724	690	31	400	120	No
8806526276	Heavy Duty Roller Bearing (Plant-Nagpur)	26-Mar	499	420	30	400	120	No
8806526276	Heavy Duty Roller Bearing (Plant-Mumbai)	26-Mar	497	586	33	400	120	Yes
8806526276	Heavy Duty Roller Bearing (Plant-Gujarat)	26-Mar	1219	1279	29	400	120	No
8806526276	Heavy Duty Roller Bearing (Plant-Chennai)	26-Mar	1329	796	29	400	120	No
8806526276	Heavy Duty Roller Bearing (Plant-Bengaluru)	26-Mar	1355	1650	33	400	120	Yes
8806526276	Heavy Duty Roller Bearing (Plant-Pune)	26-Apr	640	391	33	400	120	No
8806526276	Heavy Duty Roller Bearing (Plant-Chakan)	26-Apr	872	561	33	400	120	No
8806526276	Heavy Duty Roller Bearing (Plant-Talegaon)	26-Apr	1061	595	29	400	120	No
8806526276	Heavy Duty Roller Bearing (Plant-Nashik)	26-Apr	1227	944	29	400	120	No
8806526276	Heavy Duty Roller Bearing (Plant-Aurangabad)	26-Apr	1105	1223	29	400	120	Yes
8806526276	Heavy Duty Roller Bearing (Plant-Nagpur)	26-Apr	471	309	28	400	120	No
8806526276	Heavy Duty Roller Bearing (Plant-Mumbai)	26-Apr	380	220	33	400	120	No
8806526276	Heavy Duty Roller Bearing (Plant-Gujarat)	26-Apr	728	487	31	400	120	No
8806526276	Heavy Duty Roller Bearing (Plant-Chennai)	26-Apr	887	659	31	400	120	No
8806526276	Heavy Duty Roller Bearing (Plant-Bengaluru)	26-Apr	359	386	29	400	120	No
8806526276	Heavy Duty Roller Bearing (Plant-Pune)	26-May	903	910	30	400	120	No
8806526276	Heavy Duty Roller Bearing (Plant-Chakan)	26-May	1284	661	29	400	120	No
8806526276	Heavy Duty Roller Bearing (Plant-Talegaon)	26-May	525	433	28	400	120	No
8806526276	Heavy Duty Roller Bearing (Plant-Nashik)	26-May	1053	1269	28	400	120	Yes
8806526276	Heavy Duty Roller Bearing (Plant-Aurangabad)	26-May	1145	1379	28	400	120	Yes
8806526276	Heavy Duty Roller Bearing (Plant-Nagpur)	26-May	1383	733	31	400	120	No
8806526276	Heavy Duty Roller Bearing (Plant-Mumbai)	26-May	1091	576	29	400	120	No
8806526276	Heavy Duty Roller Bearing (Plant-Gujarat)	26-May	778	677	30	400	120	No
8806526276	Heavy Duty Roller Bearing (Plant-Chennai)	26-May	379	356	28	400	120	No
8806526276	Heavy Duty Roller Bearing (Plant-Bengaluru)	26-May	730	621	30	400	120	No
8806526276	Heavy Duty Roller Bearing (Plant-Pune)	26-Jun	1174	620	30	400	120	No
8806526276	Heavy Duty Roller Bearing (Plant-Chakan)	26-Jun	1156	1230	33	400	120	No
8806526276	Heavy Duty Roller Bearing (Plant-Talegaon)	26-Jun	984	849	28	400	120	No
8806526276	Heavy Duty Roller Bearing (Plant-Nashik)	26-Jun	1264	999	32	400	120	No
8806526276	Heavy Duty Roller Bearing (Plant-Aurangabad)	26-Jun	417	474	31	400	120	No
8806526276	Heavy Duty Roller Bearing (Plant-Nagpur)	26-Jun	1292	1217	30	400	120	No
8806526276	Heavy Duty Roller Bearing (Plant-Mumbai)	26-Jun	1383	1237	32	400	120	No
8806526276	Heavy Duty Roller Bearing (Plant-Gujarat)	26-Jun	496	473	32	400	120	No
8806526276	Heavy Duty Roller Bearing (Plant-Chennai)	26-Jun	1106	628	28	400	120	No
8806526276	Heavy Duty Roller Bearing (Plant-Bengaluru)	26-Jun	1333	1077	31	400	120	No
8806526277	Hydraulic Control Valve (Plant-Pune)	25-Jan	276	201	47	150	350	No
8806526277	Hydraulic Control Valve (Plant-Chakan)	25-Jan	149	141	48	150	350	No
8806526277	Hydraulic Control Valve (Plant-Talegaon)	25-Jan	396	339	48	150	350	No
8806526277	Hydraulic Control Valve (Plant-Nashik)	25-Jan	499	388	48	150	350	No
8806526277	Hydraulic Control Valve (Plant-Aurangabad)	25-Jan	320	224	43	150	350	No
8806526277	Hydraulic Control Valve (Plant-Nagpur)	25-Jan	267	319	43	150	350	Yes
8806526277	Hydraulic Control Valve (Plant-Mumbai)	25-Jan	405	289	48	150	350	No
8806526277	Hydraulic Control Valve (Plant-Gujarat)	25-Jan	476	286	45	150	350	No
8806526277	Hydraulic Control Valve (Plant-Chennai)	25-Jan	438	447	45	150	350	No
8806526277	Hydraulic Control Valve (Plant-Bengaluru)	25-Jan	285	234	44	150	350	No
8806526277	Hydraulic Control Valve (Plant-Pune)	25-Feb	124	127	43	150	350	No
8806526277	Hydraulic Control Valve (Plant-Chakan)	25-Feb	377	392	44	150	350	No
8806526277	Hydraulic Control Valve (Plant-Talegaon)	25-Feb	335	292	46	150	350	No
8806526277	Hydraulic Control Valve (Plant-Nashik)	25-Feb	376	281	48	150	350	No
8806526277	Hydraulic Control Valve (Plant-Aurangabad)	25-Feb	141	171	45	150	350	No
8806526277	Hydraulic Control Valve (Plant-Nagpur)	25-Feb	459	255	45	150	350	No
8806526277	Hydraulic Control Valve (Plant-Mumbai)	25-Feb	251	313	47	150	350	Yes
8806526277	Hydraulic Control Valve (Plant-Gujarat)	25-Feb	225	136	48	150	350	No
8806526277	Hydraulic Control Valve (Plant-Chennai)	25-Feb	366	225	48	150	350	No
8806526277	Hydraulic Control Valve (Plant-Bengaluru)	25-Feb	342	225	44	150	350	No
8806526277	Hydraulic Control Valve (Plant-Pune)	25-Mar	313	345	44	150	350	Yes
8806526277	Hydraulic Control Valve (Plant-Chakan)	25-Mar	242	259	45	150	350	No
8806526277	Hydraulic Control Valve (Plant-Talegaon)	25-Mar	216	169	44	150	350	No
8806526277	Hydraulic Control Valve (Plant-Nashik)	25-Mar	448	385	48	150	350	No
8806526277	Hydraulic Control Valve (Plant-Aurangabad)	25-Mar	147	169	46	150	350	No
8806526277	Hydraulic Control Valve (Plant-Nagpur)	25-Mar	471	458	48	150	350	No
8806526277	Hydraulic Control Valve (Plant-Mumbai)	25-Mar	287	198	46	150	350	No
8806526277	Hydraulic Control Valve (Plant-Gujarat)	25-Mar	348	175	45	150	350	No
8806526277	Hydraulic Control Valve (Plant-Chennai)	25-Mar	368	264	47	150	350	No
8806526277	Hydraulic Control Valve (Plant-Bengaluru)	25-Mar	383	202	47	150	350	No
8806526277	Hydraulic Control Valve (Plant-Pune)	25-Apr	149	96	44	150	350	No
8806526277	Hydraulic Control Valve (Plant-Chakan)	25-Apr	338	252	46	150	350	No
8806526277	Hydraulic Control Valve (Plant-Talegaon)	25-Apr	336	407	45	150	350	Yes
8806526277	Hydraulic Control Valve (Plant-Nashik)	25-Apr	394	405	47	150	350	No
8806526277	Hydraulic Control Valve (Plant-Aurangabad)	25-Apr	516	528	44	150	350	No
8806526277	Hydraulic Control Valve (Plant-Nagpur)	25-Apr	427	231	47	150	350	No
8806526277	Hydraulic Control Valve (Plant-Mumbai)	25-Apr	230	213	45	150	350	No
8806526277	Hydraulic Control Valve (Plant-Gujarat)	25-Apr	200	217	47	150	350	No
8806526277	Hydraulic Control Valve (Plant-Chennai)	25-Apr	387	464	48	150	350	Yes
8806526277	Hydraulic Control Valve (Plant-Bengaluru)	25-Apr	342	391	45	150	350	Yes
8806526277	Hydraulic Control Valve (Plant-Pune)	25-May	343	254	48	150	350	No
8806526277	Hydraulic Control Valve (Plant-Chakan)	25-May	229	141	45	150	350	No
8806526277	Hydraulic Control Valve (Plant-Talegaon)	25-May	341	237	45	150	350	No
8806526277	Hydraulic Control Valve (Plant-Nashik)	25-May	232	123	44	150	350	No
8806526277	Hydraulic Control Valve (Plant-Aurangabad)	25-May	126	150	43	150	350	No
8806526277	Hydraulic Control Valve (Plant-Nagpur)	25-May	206	190	44	150	350	No
8806526277	Hydraulic Control Valve (Plant-Mumbai)	25-May	301	215	44	150	350	No
8806526277	Hydraulic Control Valve (Plant-Gujarat)	25-May	229	234	48	150	350	No
8806526277	Hydraulic Control Valve (Plant-Chennai)	25-May	267	207	48	150	350	No
8806526277	Hydraulic Control Valve (Plant-Bengaluru)	25-May	378	384	46	150	350	No
8806526277	Hydraulic Control Valve (Plant-Pune)	25-Jun	181	148	47	150	350	No
8806526277	Hydraulic Control Valve (Plant-Chakan)	25-Jun	471	293	44	150	350	No
8806526277	Hydraulic Control Valve (Plant-Talegaon)	25-Jun	449	259	45	150	350	No
8806526277	Hydraulic Control Valve (Plant-Nashik)	25-Jun	471	333	46	150	350	No
8806526277	Hydraulic Control Valve (Plant-Aurangabad)	25-Jun	391	440	44	150	350	Yes
8806526277	Hydraulic Control Valve (Plant-Nagpur)	25-Jun	360	196	43	150	350	No
8806526277	Hydraulic Control Valve (Plant-Mumbai)	25-Jun	515	261	46	150	350	No
8806526277	Hydraulic Control Valve (Plant-Gujarat)	25-Jun	419	367	44	150	350	No
8806526277	Hydraulic Control Valve (Plant-Chennai)	25-Jun	230	256	48	150	350	No
8806526277	Hydraulic Control Valve (Plant-Bengaluru)	25-Jun	171	108	44	150	350	No
8806526277	Hydraulic Control Valve (Plant-Pune)	25-Jul	268	200	43	150	350	No
8806526277	Hydraulic Control Valve (Plant-Chakan)	25-Jul	282	208	45	150	350	No
8806526277	Hydraulic Control Valve (Plant-Talegaon)	25-Jul	177	97	45	150	350	No
8806526277	Hydraulic Control Valve (Plant-Nashik)	25-Jul	456	447	44	150	350	No
8806526277	Hydraulic Control Valve (Plant-Aurangabad)	25-Jul	256	287	47	150	350	Yes
8806526277	Hydraulic Control Valve (Plant-Nagpur)	25-Jul	165	122	47	150	350	No
8806526277	Hydraulic Control Valve (Plant-Mumbai)	25-Jul	342	323	48	150	350	No
8806526277	Hydraulic Control Valve (Plant-Gujarat)	25-Jul	384	208	47	150	350	No
8806526277	Hydraulic Control Valve (Plant-Chennai)	25-Jul	200	234	43	150	350	Yes
8806526277	Hydraulic Control Valve (Plant-Bengaluru)	25-Jul	404	432	48	150	350	No
8806526277	Hydraulic Control Valve (Plant-Pune)	25-Aug	510	348	48	150	350	No
8806526277	Hydraulic Control Valve (Plant-Chakan)	25-Aug	279	170	45	150	350	No
8806526277	Hydraulic Control Valve (Plant-Talegaon)	25-Aug	518	388	48	150	350	No
8806526277	Hydraulic Control Valve (Plant-Nashik)	25-Aug	458	511	45	150	350	Yes
8806526277	Hydraulic Control Valve (Plant-Aurangabad)	25-Aug	256	147	45	150	350	No
8806526277	Hydraulic Control Valve (Plant-Nagpur)	25-Aug	406	265	45	150	350	No
8806526277	Hydraulic Control Valve (Plant-Mumbai)	25-Aug	392	306	48	150	350	No
8806526277	Hydraulic Control Valve (Plant-Gujarat)	25-Aug	388	284	48	150	350	No
8806526277	Hydraulic Control Valve (Plant-Chennai)	25-Aug	192	239	47	150	350	Yes
8806526277	Hydraulic Control Valve (Plant-Bengaluru)	25-Aug	389	219	48	150	350	No
8806526277	Hydraulic Control Valve (Plant-Pune)	25-Sep	337	370	48	150	350	Yes
8806526277	Hydraulic Control Valve (Plant-Chakan)	25-Sep	173	143	44	150	350	No
8806526277	Hydraulic Control Valve (Plant-Talegaon)	25-Sep	146	99	45	150	350	No
8806526277	Hydraulic Control Valve (Plant-Nashik)	25-Sep	162	168	43	150	350	No
8806526277	Hydraulic Control Valve (Plant-Aurangabad)	25-Sep	179	207	43	150	350	No
8806526277	Hydraulic Control Valve (Plant-Nagpur)	25-Sep	403	390	48	150	350	No
8806526277	Hydraulic Control Valve (Plant-Mumbai)	25-Sep	338	304	46	150	350	No
8806526277	Hydraulic Control Valve (Plant-Gujarat)	25-Sep	359	257	44	150	350	No
8806526277	Hydraulic Control Valve (Plant-Chennai)	25-Sep	219	190	47	150	350	No
8806526277	Hydraulic Control Valve (Plant-Bengaluru)	25-Sep	408	328	46	150	350	No
8806526277	Hydraulic Control Valve (Plant-Pune)	25-Oct	316	240	46	150	350	No
8806526277	Hydraulic Control Valve (Plant-Chakan)	25-Oct	218	160	44	150	350	No
8806526277	Hydraulic Control Valve (Plant-Talegaon)	25-Oct	306	168	48	150	350	No
8806526277	Hydraulic Control Valve (Plant-Nashik)	25-Oct	178	175	46	150	350	No
8806526277	Hydraulic Control Valve (Plant-Aurangabad)	25-Oct	194	188	43	150	350	No
8806526277	Hydraulic Control Valve (Plant-Nagpur)	25-Oct	451	358	47	150	350	No
8806526277	Hydraulic Control Valve (Plant-Mumbai)	25-Oct	165	141	47	150	350	No
8806526277	Hydraulic Control Valve (Plant-Gujarat)	25-Oct	393	445	45	150	350	Yes
8806526277	Hydraulic Control Valve (Plant-Chennai)	25-Oct	478	547	47	150	350	Yes
8806526277	Hydraulic Control Valve (Plant-Bengaluru)	25-Oct	512	580	43	150	350	Yes
8806526277	Hydraulic Control Valve (Plant-Pune)	25-Nov	381	438	46	150	350	Yes
8806526277	Hydraulic Control Valve (Plant-Chakan)	25-Nov	499	459	45	150	350	No
8806526277	Hydraulic Control Valve (Plant-Talegaon)	25-Nov	450	480	47	150	350	No
8806526277	Hydraulic Control Valve (Plant-Nashik)	25-Nov	506	260	44	150	350	No
8806526277	Hydraulic Control Valve (Plant-Aurangabad)	25-Nov	185	205	44	150	350	No
8806526277	Hydraulic Control Valve (Plant-Nagpur)	25-Nov	205	238	46	150	350	Yes
8806526277	Hydraulic Control Valve (Plant-Mumbai)	25-Nov	495	282	45	150	350	No
8806526277	Hydraulic Control Valve (Plant-Gujarat)	25-Nov	510	516	46	150	350	No
8806526277	Hydraulic Control Valve (Plant-Chennai)	25-Nov	349	223	45	150	350	No
8806526277	Hydraulic Control Valve (Plant-Bengaluru)	25-Nov	423	265	48	150	350	No
8806526277	Hydraulic Control Valve (Plant-Pune)	25-Dec	367	244	45	150	350	No
8806526277	Hydraulic Control Valve (Plant-Chakan)	25-Dec	372	364	48	150	350	No
8806526277	Hydraulic Control Valve (Plant-Talegaon)	25-Dec	303	217	45	150	350	No
8806526277	Hydraulic Control Valve (Plant-Nashik)	25-Dec	261	229	47	150	350	No
8806526277	Hydraulic Control Valve (Plant-Aurangabad)	25-Dec	193	105	43	150	350	No
8806526277	Hydraulic Control Valve (Plant-Nagpur)	25-Dec	476	340	45	150	350	No
8806526277	Hydraulic Control Valve (Plant-Mumbai)	25-Dec	393	284	45	150	350	No
8806526277	Hydraulic Control Valve (Plant-Gujarat)	25-Dec	486	534	45	150	350	Yes
8806526277	Hydraulic Control Valve (Plant-Chennai)	25-Dec	140	153	48	150	350	No
8806526277	Hydraulic Control Valve (Plant-Bengaluru)	25-Dec	426	519	46	150	350	Yes
8806526277	Hydraulic Control Valve (Plant-Pune)	26-Jan	445	391	48	150	350	No
8806526277	Hydraulic Control Valve (Plant-Chakan)	26-Jan	329	299	43	150	350	No
8806526277	Hydraulic Control Valve (Plant-Talegaon)	26-Jan	203	230	48	150	350	No
8806526277	Hydraulic Control Valve (Plant-Nashik)	26-Jan	393	333	43	150	350	No
8806526277	Hydraulic Control Valve (Plant-Aurangabad)	26-Jan	407	447	46	150	350	Yes
8806526277	Hydraulic Control Valve (Plant-Nagpur)	26-Jan	284	288	48	150	350	No
8806526277	Hydraulic Control Valve (Plant-Mumbai)	26-Jan	398	416	46	150	350	No
8806526277	Hydraulic Control Valve (Plant-Gujarat)	26-Jan	379	370	48	150	350	No
8806526277	Hydraulic Control Valve (Plant-Chennai)	26-Jan	513	584	45	150	350	Yes
8806526277	Hydraulic Control Valve (Plant-Bengaluru)	26-Jan	490	427	43	150	350	No
8806526277	Hydraulic Control Valve (Plant-Pune)	26-Feb	137	107	43	150	350	No
8806526277	Hydraulic Control Valve (Plant-Chakan)	26-Feb	131	116	47	150	350	No
8806526277	Hydraulic Control Valve (Plant-Talegaon)	26-Feb	495	587	46	150	350	Yes
8806526277	Hydraulic Control Valve (Plant-Nashik)	26-Feb	134	86	48	150	350	No
8806526277	Hydraulic Control Valve (Plant-Aurangabad)	26-Feb	202	108	45	150	350	No
8806526277	Hydraulic Control Valve (Plant-Nagpur)	26-Feb	299	161	48	150	350	No
8806526277	Hydraulic Control Valve (Plant-Mumbai)	26-Feb	230	171	47	150	350	No
8806526277	Hydraulic Control Valve (Plant-Gujarat)	26-Feb	504	424	46	150	350	No
8806526277	Hydraulic Control Valve (Plant-Chennai)	26-Feb	378	252	43	150	350	No
8806526277	Hydraulic Control Valve (Plant-Bengaluru)	26-Feb	357	208	46	150	350	No
8806526277	Hydraulic Control Valve (Plant-Pune)	26-Mar	306	241	46	150	350	No
8806526277	Hydraulic Control Valve (Plant-Chakan)	26-Mar	172	124	45	150	350	No
8806526277	Hydraulic Control Valve (Plant-Talegaon)	26-Mar	215	126	43	150	350	No
8806526277	Hydraulic Control Valve (Plant-Nashik)	26-Mar	250	143	45	150	350	No
8806526277	Hydraulic Control Valve (Plant-Aurangabad)	26-Mar	208	204	44	150	350	No
8806526277	Hydraulic Control Valve (Plant-Nagpur)	26-Mar	273	244	47	150	350	No
8806526277	Hydraulic Control Valve (Plant-Mumbai)	26-Mar	267	279	44	150	350	No
8806526277	Hydraulic Control Valve (Plant-Gujarat)	26-Mar	207	253	44	150	350	Yes
8806526277	Hydraulic Control Valve (Plant-Chennai)	26-Mar	228	269	47	150	350	Yes
8806526277	Hydraulic Control Valve (Plant-Bengaluru)	26-Mar	143	77	48	150	350	No
8806526277	Hydraulic Control Valve (Plant-Pune)	26-Apr	493	323	47	150	350	No
8806526277	Hydraulic Control Valve (Plant-Chakan)	26-Apr	260	198	45	150	350	No
8806526277	Hydraulic Control Valve (Plant-Talegaon)	26-Apr	188	189	46	150	350	No
8806526277	Hydraulic Control Valve (Plant-Nashik)	26-Apr	305	321	43	150	350	No
8806526277	Hydraulic Control Valve (Plant-Aurangabad)	26-Apr	279	161	46	150	350	No
8806526277	Hydraulic Control Valve (Plant-Nagpur)	26-Apr	206	256	47	150	350	Yes
8806526277	Hydraulic Control Valve (Plant-Mumbai)	26-Apr	481	330	43	150	350	No
8806526277	Hydraulic Control Valve (Plant-Gujarat)	26-Apr	362	347	48	150	350	No
8806526277	Hydraulic Control Valve (Plant-Chennai)	26-Apr	188	155	46	150	350	No
8806526277	Hydraulic Control Valve (Plant-Bengaluru)	26-Apr	265	272	48	150	350	No
8806526277	Hydraulic Control Valve (Plant-Pune)	26-May	354	375	44	150	350	No
8806526277	Hydraulic Control Valve (Plant-Chakan)	26-May	162	183	44	150	350	No
8806526277	Hydraulic Control Valve (Plant-Talegaon)	26-May	379	231	43	150	350	No
8806526277	Hydraulic Control Valve (Plant-Nashik)	26-May	252	290	44	150	350	Yes
8806526277	Hydraulic Control Valve (Plant-Aurangabad)	26-May	229	279	48	150	350	Yes
8806526277	Hydraulic Control Valve (Plant-Nagpur)	26-May	143	134	45	150	350	No
8806526277	Hydraulic Control Valve (Plant-Mumbai)	26-May	275	149	47	150	350	No
8806526277	Hydraulic Control Valve (Plant-Gujarat)	26-May	482	442	48	150	350	No
8806526277	Hydraulic Control Valve (Plant-Chennai)	26-May	214	135	47	150	350	No
8806526277	Hydraulic Control Valve (Plant-Bengaluru)	26-May	350	183	44	150	350	No
8806526277	Hydraulic Control Valve (Plant-Pune)	26-Jun	395	469	43	150	350	Yes
8806526277	Hydraulic Control Valve (Plant-Chakan)	26-Jun	409	368	44	150	350	No
8806526277	Hydraulic Control Valve (Plant-Talegaon)	26-Jun	357	254	48	150	350	No
8806526277	Hydraulic Control Valve (Plant-Nashik)	26-Jun	506	353	46	150	350	No
8806526277	Hydraulic Control Valve (Plant-Aurangabad)	26-Jun	459	439	45	150	350	No
8806526277	Hydraulic Control Valve (Plant-Nagpur)	26-Jun	324	335	48	150	350	No
8806526277	Hydraulic Control Valve (Plant-Mumbai)	26-Jun	440	374	47	150	350	No
8806526277	Hydraulic Control Valve (Plant-Gujarat)	26-Jun	407	380	46	150	350	No
8806526277	Hydraulic Control Valve (Plant-Chennai)	26-Jun	482	563	46	150	350	Yes
8806526277	Hydraulic Control Valve (Plant-Bengaluru)	26-Jun	493	300	45	150	350	No
8806526278	Seamless Carbon Pipe 4 inch (Plant-Pune)	25-Jan	2858	3269	19	900	65	Yes
8806526278	Seamless Carbon Pipe 4 inch (Plant-Chakan)	25-Jan	2036	1743	21	900	65	No
8806526278	Seamless Carbon Pipe 4 inch (Plant-Talegaon)	25-Jan	1239	698	19	900	65	No
8806526278	Seamless Carbon Pipe 4 inch (Plant-Nashik)	25-Jan	2189	1733	18	900	65	No
8806526278	Seamless Carbon Pipe 4 inch (Plant-Aurangabad)	25-Jan	2384	2531	16	900	65	No
8806526278	Seamless Carbon Pipe 4 inch (Plant-Nagpur)	25-Jan	1745	1493	20	900	65	No
8806526278	Seamless Carbon Pipe 4 inch (Plant-Mumbai)	25-Jan	1857	1849	20	900	65	No
8806526278	Seamless Carbon Pipe 4 inch (Plant-Gujarat)	25-Jan	2923	3245	20	900	65	Yes
8806526278	Seamless Carbon Pipe 4 inch (Plant-Chennai)	25-Jan	2204	2466	18	900	65	Yes
8806526278	Seamless Carbon Pipe 4 inch (Plant-Bengaluru)	25-Jan	1515	928	21	900	65	No
8806526278	Seamless Carbon Pipe 4 inch (Plant-Pune)	25-Feb	2614	2441	21	900	65	No
8806526278	Seamless Carbon Pipe 4 inch (Plant-Chakan)	25-Feb	3149	3105	17	900	65	No
8806526278	Seamless Carbon Pipe 4 inch (Plant-Talegaon)	25-Feb	3012	1564	18	900	65	No
8806526278	Seamless Carbon Pipe 4 inch (Plant-Nashik)	25-Feb	2289	1758	20	900	65	No
8806526278	Seamless Carbon Pipe 4 inch (Plant-Aurangabad)	25-Feb	2610	1658	21	900	65	No
8806526278	Seamless Carbon Pipe 4 inch (Plant-Nagpur)	25-Feb	2687	1526	16	900	65	No
8806526278	Seamless Carbon Pipe 4 inch (Plant-Mumbai)	25-Feb	756	572	21	900	65	No
8806526278	Seamless Carbon Pipe 4 inch (Plant-Gujarat)	25-Feb	1399	776	21	900	65	No
8806526278	Seamless Carbon Pipe 4 inch (Plant-Chennai)	25-Feb	1806	1102	19	900	65	No
8806526278	Seamless Carbon Pipe 4 inch (Plant-Bengaluru)	25-Feb	2595	2293	20	900	65	No
8806526278	Seamless Carbon Pipe 4 inch (Plant-Pune)	25-Mar	731	823	18	900	65	No
8806526278	Seamless Carbon Pipe 4 inch (Plant-Chakan)	25-Mar	2027	1147	18	900	65	No
8806526278	Seamless Carbon Pipe 4 inch (Plant-Talegaon)	25-Mar	1061	1291	21	900	65	Yes
8806526278	Seamless Carbon Pipe 4 inch (Plant-Nashik)	25-Mar	1556	1706	17	900	65	No
8806526278	Seamless Carbon Pipe 4 inch (Plant-Aurangabad)	25-Mar	2547	2973	16	900	65	Yes
8806526278	Seamless Carbon Pipe 4 inch (Plant-Nagpur)	25-Mar	1439	1017	19	900	65	No
8806526278	Seamless Carbon Pipe 4 inch (Plant-Mumbai)	25-Mar	2919	1692	19	900	65	No
8806526278	Seamless Carbon Pipe 4 inch (Plant-Gujarat)	25-Mar	2800	3491	21	900	65	Yes
8806526278	Seamless Carbon Pipe 4 inch (Plant-Chennai)	25-Mar	1130	1111	17	900	65	No
8806526278	Seamless Carbon Pipe 4 inch (Plant-Bengaluru)	25-Mar	3072	2049	16	900	65	No
8806526278	Seamless Carbon Pipe 4 inch (Plant-Pune)	25-Apr	1123	603	21	900	65	No
8806526278	Seamless Carbon Pipe 4 inch (Plant-Chakan)	25-Apr	1168	1032	19	900	65	No
8806526278	Seamless Carbon Pipe 4 inch (Plant-Talegaon)	25-Apr	1998	1777	21	900	65	No
8806526278	Seamless Carbon Pipe 4 inch (Plant-Nashik)	25-Apr	1570	1027	18	900	65	No
8806526278	Seamless Carbon Pipe 4 inch (Plant-Aurangabad)	25-Apr	1256	1140	16	900	65	No
8806526278	Seamless Carbon Pipe 4 inch (Plant-Nagpur)	25-Apr	2652	2014	21	900	65	No
8806526278	Seamless Carbon Pipe 4 inch (Plant-Mumbai)	25-Apr	1977	1268	19	900	65	No
8806526278	Seamless Carbon Pipe 4 inch (Plant-Gujarat)	25-Apr	2073	2501	21	900	65	Yes
8806526278	Seamless Carbon Pipe 4 inch (Plant-Chennai)	25-Apr	1114	1126	16	900	65	No
8806526278	Seamless Carbon Pipe 4 inch (Plant-Bengaluru)	25-Apr	1362	1287	18	900	65	No
8806526278	Seamless Carbon Pipe 4 inch (Plant-Pune)	25-May	1180	637	16	900	65	No
8806526278	Seamless Carbon Pipe 4 inch (Plant-Chakan)	25-May	1789	1192	18	900	65	No
8806526278	Seamless Carbon Pipe 4 inch (Plant-Talegaon)	25-May	2695	2274	17	900	65	No
8806526278	Seamless Carbon Pipe 4 inch (Plant-Nashik)	25-May	2845	3092	18	900	65	Yes
8806526278	Seamless Carbon Pipe 4 inch (Plant-Aurangabad)	25-May	1994	1776	19	900	65	No
8806526278	Seamless Carbon Pipe 4 inch (Plant-Nagpur)	25-May	1503	1442	18	900	65	No
8806526278	Seamless Carbon Pipe 4 inch (Plant-Mumbai)	25-May	1221	691	17	900	65	No
8806526278	Seamless Carbon Pipe 4 inch (Plant-Gujarat)	25-May	1138	998	17	900	65	No
8806526278	Seamless Carbon Pipe 4 inch (Plant-Chennai)	25-May	2126	2274	19	900	65	No
8806526278	Seamless Carbon Pipe 4 inch (Plant-Bengaluru)	25-May	2359	1587	16	900	65	No
8806526278	Seamless Carbon Pipe 4 inch (Plant-Pune)	25-Jun	1288	679	17	900	65	No
8806526278	Seamless Carbon Pipe 4 inch (Plant-Chakan)	25-Jun	2294	2009	21	900	65	No
8806526278	Seamless Carbon Pipe 4 inch (Plant-Talegaon)	25-Jun	2449	2940	18	900	65	Yes
8806526278	Seamless Carbon Pipe 4 inch (Plant-Nashik)	25-Jun	2480	2352	16	900	65	No
8806526278	Seamless Carbon Pipe 4 inch (Plant-Aurangabad)	25-Jun	2060	1113	17	900	65	No
8806526278	Seamless Carbon Pipe 4 inch (Plant-Nagpur)	25-Jun	2344	2821	20	900	65	Yes
8806526278	Seamless Carbon Pipe 4 inch (Plant-Mumbai)	25-Jun	3059	3322	21	900	65	Yes
8806526278	Seamless Carbon Pipe 4 inch (Plant-Gujarat)	25-Jun	846	768	18	900	65	No
8806526278	Seamless Carbon Pipe 4 inch (Plant-Chennai)	25-Jun	1329	934	19	900	65	No
8806526278	Seamless Carbon Pipe 4 inch (Plant-Bengaluru)	25-Jun	2318	2186	17	900	65	No
8806526278	Seamless Carbon Pipe 4 inch (Plant-Pune)	25-Jul	1826	1289	20	900	65	No
8806526278	Seamless Carbon Pipe 4 inch (Plant-Chakan)	25-Jul	2187	2727	19	900	65	Yes
8806526278	Seamless Carbon Pipe 4 inch (Plant-Talegaon)	25-Jul	2285	2297	19	900	65	No
8806526278	Seamless Carbon Pipe 4 inch (Plant-Nashik)	25-Jul	1192	1207	21	900	65	No
8806526278	Seamless Carbon Pipe 4 inch (Plant-Aurangabad)	25-Jul	1708	929	20	900	65	No
8806526278	Seamless Carbon Pipe 4 inch (Plant-Nagpur)	25-Jul	788	429	20	900	65	No
8806526278	Seamless Carbon Pipe 4 inch (Plant-Mumbai)	25-Jul	2316	2392	17	900	65	No
8806526278	Seamless Carbon Pipe 4 inch (Plant-Gujarat)	25-Jul	2207	2699	21	900	65	Yes
8806526278	Seamless Carbon Pipe 4 inch (Plant-Chennai)	25-Jul	2713	1796	18	900	65	No
8806526278	Seamless Carbon Pipe 4 inch (Plant-Bengaluru)	25-Jul	1967	1633	19	900	65	No
8806526278	Seamless Carbon Pipe 4 inch (Plant-Pune)	25-Aug	1790	1832	21	900	65	No
8806526278	Seamless Carbon Pipe 4 inch (Plant-Chakan)	25-Aug	886	927	16	900	65	No
8806526278	Seamless Carbon Pipe 4 inch (Plant-Talegaon)	25-Aug	2899	2958	19	900	65	No
8806526278	Seamless Carbon Pipe 4 inch (Plant-Nashik)	25-Aug	2789	1765	20	900	65	No
8806526278	Seamless Carbon Pipe 4 inch (Plant-Aurangabad)	25-Aug	3045	2959	18	900	65	No
8806526278	Seamless Carbon Pipe 4 inch (Plant-Nagpur)	25-Aug	3126	3019	19	900	65	No
8806526278	Seamless Carbon Pipe 4 inch (Plant-Mumbai)	25-Aug	1915	1999	16	900	65	No
8806526278	Seamless Carbon Pipe 4 inch (Plant-Gujarat)	25-Aug	1012	1040	21	900	65	No
8806526278	Seamless Carbon Pipe 4 inch (Plant-Chennai)	25-Aug	2089	1432	16	900	65	No
8806526278	Seamless Carbon Pipe 4 inch (Plant-Bengaluru)	25-Aug	1864	2062	19	900	65	Yes
8806526278	Seamless Carbon Pipe 4 inch (Plant-Pune)	25-Sep	2711	2125	16	900	65	No
8806526278	Seamless Carbon Pipe 4 inch (Plant-Chakan)	25-Sep	2114	1881	16	900	65	No
8806526278	Seamless Carbon Pipe 4 inch (Plant-Talegaon)	25-Sep	2463	2941	17	900	65	Yes
8806526278	Seamless Carbon Pipe 4 inch (Plant-Nashik)	25-Sep	2595	3058	21	900	65	Yes
8806526278	Seamless Carbon Pipe 4 inch (Plant-Aurangabad)	25-Sep	2715	2620	20	900	65	No
8806526278	Seamless Carbon Pipe 4 inch (Plant-Nagpur)	25-Sep	1996	1513	20	900	65	No
8806526278	Seamless Carbon Pipe 4 inch (Plant-Mumbai)	25-Sep	1687	1323	19	900	65	No
8806526278	Seamless Carbon Pipe 4 inch (Plant-Gujarat)	25-Sep	1174	1018	16	900	65	No
8806526278	Seamless Carbon Pipe 4 inch (Plant-Chennai)	25-Sep	1044	827	17	900	65	No
8806526278	Seamless Carbon Pipe 4 inch (Plant-Bengaluru)	25-Sep	1298	1354	18	900	65	No
8806526278	Seamless Carbon Pipe 4 inch (Plant-Pune)	25-Oct	3083	1856	21	900	65	No
8806526278	Seamless Carbon Pipe 4 inch (Plant-Chakan)	25-Oct	2088	1678	20	900	65	No
8806526278	Seamless Carbon Pipe 4 inch (Plant-Talegaon)	25-Oct	2438	1453	20	900	65	No
8806526278	Seamless Carbon Pipe 4 inch (Plant-Nashik)	25-Oct	2411	1261	21	900	65	No
8806526278	Seamless Carbon Pipe 4 inch (Plant-Aurangabad)	25-Oct	740	453	19	900	65	No
8806526278	Seamless Carbon Pipe 4 inch (Plant-Nagpur)	25-Oct	1829	1128	16	900	65	No
8806526278	Seamless Carbon Pipe 4 inch (Plant-Mumbai)	25-Oct	812	542	21	900	65	No
8806526278	Seamless Carbon Pipe 4 inch (Plant-Gujarat)	25-Oct	929	502	16	900	65	No
8806526278	Seamless Carbon Pipe 4 inch (Plant-Chennai)	25-Oct	1590	1963	19	900	65	Yes
8806526278	Seamless Carbon Pipe 4 inch (Plant-Bengaluru)	25-Oct	1366	892	20	900	65	No
8806526278	Seamless Carbon Pipe 4 inch (Plant-Pune)	25-Nov	2640	1370	17	900	65	No
8806526278	Seamless Carbon Pipe 4 inch (Plant-Chakan)	25-Nov	3145	3598	17	900	65	Yes
8806526278	Seamless Carbon Pipe 4 inch (Plant-Talegaon)	25-Nov	1754	1261	20	900	65	No
8806526278	Seamless Carbon Pipe 4 inch (Plant-Nashik)	25-Nov	2165	2049	18	900	65	No
8806526278	Seamless Carbon Pipe 4 inch (Plant-Aurangabad)	25-Nov	1247	688	19	900	65	No
8806526278	Seamless Carbon Pipe 4 inch (Plant-Nagpur)	25-Nov	1869	1363	19	900	65	No
8806526278	Seamless Carbon Pipe 4 inch (Plant-Mumbai)	25-Nov	2719	2406	21	900	65	No
8806526278	Seamless Carbon Pipe 4 inch (Plant-Gujarat)	25-Nov	2258	2075	20	900	65	No
8806526278	Seamless Carbon Pipe 4 inch (Plant-Chennai)	25-Nov	2547	2095	18	900	65	No
8806526278	Seamless Carbon Pipe 4 inch (Plant-Bengaluru)	25-Nov	2368	2262	20	900	65	No
8806526278	Seamless Carbon Pipe 4 inch (Plant-Pune)	25-Dec	1435	1616	18	900	65	Yes
8806526278	Seamless Carbon Pipe 4 inch (Plant-Chakan)	25-Dec	3016	1680	18	900	65	No
8806526278	Seamless Carbon Pipe 4 inch (Plant-Talegaon)	25-Dec	1065	909	17	900	65	No
8806526278	Seamless Carbon Pipe 4 inch (Plant-Nashik)	25-Dec	1088	580	20	900	65	No
8806526278	Seamless Carbon Pipe 4 inch (Plant-Aurangabad)	25-Dec	2183	1346	21	900	65	No
8806526278	Seamless Carbon Pipe 4 inch (Plant-Nagpur)	25-Dec	941	576	20	900	65	No
8806526278	Seamless Carbon Pipe 4 inch (Plant-Mumbai)	25-Dec	968	594	20	900	65	No
8806526278	Seamless Carbon Pipe 4 inch (Plant-Gujarat)	25-Dec	2471	1278	17	900	65	No
8806526278	Seamless Carbon Pipe 4 inch (Plant-Chennai)	25-Dec	2917	1749	21	900	65	No
8806526278	Seamless Carbon Pipe 4 inch (Plant-Bengaluru)	25-Dec	2003	2309	20	900	65	Yes
8806526278	Seamless Carbon Pipe 4 inch (Plant-Pune)	26-Jan	1051	660	21	900	65	No
8806526278	Seamless Carbon Pipe 4 inch (Plant-Chakan)	26-Jan	1471	1464	17	900	65	No
8806526278	Seamless Carbon Pipe 4 inch (Plant-Talegaon)	26-Jan	722	832	20	900	65	No
8806526278	Seamless Carbon Pipe 4 inch (Plant-Nashik)	26-Jan	3132	2858	16	900	65	No
8806526278	Seamless Carbon Pipe 4 inch (Plant-Aurangabad)	26-Jan	758	437	20	900	65	No
8806526278	Seamless Carbon Pipe 4 inch (Plant-Nagpur)	26-Jan	1594	1948	19	900	65	Yes
8806526278	Seamless Carbon Pipe 4 inch (Plant-Mumbai)	26-Jan	1199	1239	21	900	65	No
8806526278	Seamless Carbon Pipe 4 inch (Plant-Gujarat)	26-Jan	1574	890	20	900	65	No
8806526278	Seamless Carbon Pipe 4 inch (Plant-Chennai)	26-Jan	2062	2464	20	900	65	Yes
8806526278	Seamless Carbon Pipe 4 inch (Plant-Bengaluru)	26-Jan	2253	1696	17	900	65	No
8806526278	Seamless Carbon Pipe 4 inch (Plant-Pune)	26-Feb	1799	1272	20	900	65	No
8806526278	Seamless Carbon Pipe 4 inch (Plant-Chakan)	26-Feb	2598	1768	18	900	65	No
8806526278	Seamless Carbon Pipe 4 inch (Plant-Talegaon)	26-Feb	2643	2139	21	900	65	No
8806526278	Seamless Carbon Pipe 4 inch (Plant-Nashik)	26-Feb	3054	2025	17	900	65	No
8806526278	Seamless Carbon Pipe 4 inch (Plant-Aurangabad)	26-Feb	1606	892	20	900	65	No
8806526278	Seamless Carbon Pipe 4 inch (Plant-Nagpur)	26-Feb	1700	1500	17	900	65	No
8806526278	Seamless Carbon Pipe 4 inch (Plant-Mumbai)	26-Feb	1269	875	18	900	65	No
8806526278	Seamless Carbon Pipe 4 inch (Plant-Gujarat)	26-Feb	1293	648	19	900	65	No
8806526278	Seamless Carbon Pipe 4 inch (Plant-Chennai)	26-Feb	3008	3147	21	900	65	No
8806526278	Seamless Carbon Pipe 4 inch (Plant-Bengaluru)	26-Feb	985	843	18	900	65	No
8806526278	Seamless Carbon Pipe 4 inch (Plant-Pune)	26-Mar	2708	2443	18	900	65	No
8806526278	Seamless Carbon Pipe 4 inch (Plant-Chakan)	26-Mar	1728	1518	18	900	65	No
8806526278	Seamless Carbon Pipe 4 inch (Plant-Talegaon)	26-Mar	2892	3384	20	900	65	Yes
8806526278	Seamless Carbon Pipe 4 inch (Plant-Nashik)	26-Mar	1073	1138	20	900	65	No
8806526278	Seamless Carbon Pipe 4 inch (Plant-Aurangabad)	26-Mar	2726	2844	17	900	65	No
8806526278	Seamless Carbon Pipe 4 inch (Plant-Nagpur)	26-Mar	2132	1477	19	900	65	No
8806526278	Seamless Carbon Pipe 4 inch (Plant-Mumbai)	26-Mar	1865	1046	18	900	65	No
8806526278	Seamless Carbon Pipe 4 inch (Plant-Gujarat)	26-Mar	1403	1665	16	900	65	Yes
8806526278	Seamless Carbon Pipe 4 inch (Plant-Chennai)	26-Mar	743	413	20	900	65	No
8806526278	Seamless Carbon Pipe 4 inch (Plant-Bengaluru)	26-Mar	1689	1162	20	900	65	No
8806526278	Seamless Carbon Pipe 4 inch (Plant-Pune)	26-Apr	860	1007	21	900	65	No
8806526278	Seamless Carbon Pipe 4 inch (Plant-Chakan)	26-Apr	1968	1280	20	900	65	No
8806526278	Seamless Carbon Pipe 4 inch (Plant-Talegaon)	26-Apr	1753	1435	17	900	65	No
8806526278	Seamless Carbon Pipe 4 inch (Plant-Nashik)	26-Apr	760	906	19	900	65	No
8806526278	Seamless Carbon Pipe 4 inch (Plant-Aurangabad)	26-Apr	2320	2054	21	900	65	No
8806526278	Seamless Carbon Pipe 4 inch (Plant-Nagpur)	26-Apr	2850	2963	18	900	65	No
8806526278	Seamless Carbon Pipe 4 inch (Plant-Mumbai)	26-Apr	1241	1239	16	900	65	No
8806526278	Seamless Carbon Pipe 4 inch (Plant-Gujarat)	26-Apr	1637	1101	19	900	65	No
8806526278	Seamless Carbon Pipe 4 inch (Plant-Chennai)	26-Apr	1700	959	21	900	65	No
8806526278	Seamless Carbon Pipe 4 inch (Plant-Bengaluru)	26-Apr	1565	1675	19	900	65	No
8806526278	Seamless Carbon Pipe 4 inch (Plant-Pune)	26-May	3048	2029	21	900	65	No
8806526278	Seamless Carbon Pipe 4 inch (Plant-Chakan)	26-May	1437	1592	18	900	65	No
8806526278	Seamless Carbon Pipe 4 inch (Plant-Talegaon)	26-May	2255	2394	16	900	65	No
8806526278	Seamless Carbon Pipe 4 inch (Plant-Nashik)	26-May	2678	2763	16	900	65	No
8806526278	Seamless Carbon Pipe 4 inch (Plant-Aurangabad)	26-May	2598	1588	21	900	65	No
8806526278	Seamless Carbon Pipe 4 inch (Plant-Nagpur)	26-May	1822	1609	17	900	65	No
8806526278	Seamless Carbon Pipe 4 inch (Plant-Mumbai)	26-May	822	548	20	900	65	No
8806526278	Seamless Carbon Pipe 4 inch (Plant-Gujarat)	26-May	1422	1732	18	900	65	Yes
8806526278	Seamless Carbon Pipe 4 inch (Plant-Chennai)	26-May	2004	2288	19	900	65	Yes
8806526278	Seamless Carbon Pipe 4 inch (Plant-Bengaluru)	26-May	1870	2064	16	900	65	Yes
8806526278	Seamless Carbon Pipe 4 inch (Plant-Pune)	26-Jun	3135	3857	20	900	65	Yes
8806526278	Seamless Carbon Pipe 4 inch (Plant-Chakan)	26-Jun	2195	2167	19	900	65	No
8806526278	Seamless Carbon Pipe 4 inch (Plant-Talegaon)	26-Jun	1789	1269	18	900	65	No
8806526278	Seamless Carbon Pipe 4 inch (Plant-Nashik)	26-Jun	3011	3655	18	900	65	Yes
8806526278	Seamless Carbon Pipe 4 inch (Plant-Aurangabad)	26-Jun	1214	1442	16	900	65	Yes
8806526278	Seamless Carbon Pipe 4 inch (Plant-Nagpur)	26-Jun	771	806	20	900	65	No
8806526278	Seamless Carbon Pipe 4 inch (Plant-Mumbai)	26-Jun	1802	1361	18	900	65	No
8806526278	Seamless Carbon Pipe 4 inch (Plant-Gujarat)	26-Jun	2126	1836	19	900	65	No
8806526278	Seamless Carbon Pipe 4 inch (Plant-Chennai)	26-Jun	2107	1594	18	900	65	No
8806526278	Seamless Carbon Pipe 4 inch (Plant-Bengaluru)	26-Jun	1325	725	16	900	65	No
8806526279	Industrial Copper Wire 10mm (Plant-Pune)	25-Jan	3493	3711	8	2500	25	No
8806526279	Industrial Copper Wire 10mm (Plant-Chakan)	25-Jan	3672	1889	12	2500	25	No
8806526279	Industrial Copper Wire 10mm (Plant-Talegaon)	25-Jan	2787	2985	13	2500	25	No
8806526279	Industrial Copper Wire 10mm (Plant-Nashik)	25-Jan	8381	9845	12	2500	25	Yes
8806526279	Industrial Copper Wire 10mm (Plant-Aurangabad)	25-Jan	4582	2909	9	2500	25	No
8806526279	Industrial Copper Wire 10mm (Plant-Nagpur)	25-Jan	3875	3086	9	2500	25	No
8806526279	Industrial Copper Wire 10mm (Plant-Mumbai)	25-Jan	4197	2873	11	2500	25	No
8806526279	Industrial Copper Wire 10mm (Plant-Gujarat)	25-Jan	5279	3727	8	2500	25	No
8806526279	Industrial Copper Wire 10mm (Plant-Chennai)	25-Jan	3433	3772	13	2500	25	No
8806526279	Industrial Copper Wire 10mm (Plant-Bengaluru)	25-Jan	5835	6131	9	2500	25	No
8806526279	Industrial Copper Wire 10mm (Plant-Pune)	25-Feb	5600	5366	10	2500	25	No
8806526279	Industrial Copper Wire 10mm (Plant-Chakan)	25-Feb	8045	7692	13	2500	25	No
8806526279	Industrial Copper Wire 10mm (Plant-Talegaon)	25-Feb	5746	5650	10	2500	25	No
8806526279	Industrial Copper Wire 10mm (Plant-Nashik)	25-Feb	2210	1614	13	2500	25	No
8806526279	Industrial Copper Wire 10mm (Plant-Aurangabad)	25-Feb	5379	2882	9	2500	25	No
8806526279	Industrial Copper Wire 10mm (Plant-Nagpur)	25-Feb	3360	3570	8	2500	25	No
8806526279	Industrial Copper Wire 10mm (Plant-Mumbai)	25-Feb	3606	4239	12	2500	25	Yes
8806526279	Industrial Copper Wire 10mm (Plant-Gujarat)	25-Feb	8648	10016	10	2500	25	Yes
8806526279	Industrial Copper Wire 10mm (Plant-Chennai)	25-Feb	5352	5963	13	2500	25	Yes
8806526279	Industrial Copper Wire 10mm (Plant-Bengaluru)	25-Feb	4215	3324	10	2500	25	No
8806526279	Industrial Copper Wire 10mm (Plant-Pune)	25-Mar	8511	8892	10	2500	25	No
8806526279	Industrial Copper Wire 10mm (Plant-Chakan)	25-Mar	8031	5250	13	2500	25	No
8806526279	Industrial Copper Wire 10mm (Plant-Talegaon)	25-Mar	4053	4425	10	2500	25	No
8806526279	Industrial Copper Wire 10mm (Plant-Nashik)	25-Mar	7178	6401	8	2500	25	No
8806526279	Industrial Copper Wire 10mm (Plant-Aurangabad)	25-Mar	6735	7655	8	2500	25	Yes
8806526279	Industrial Copper Wire 10mm (Plant-Nagpur)	25-Mar	3004	3297	12	2500	25	No
8806526279	Industrial Copper Wire 10mm (Plant-Mumbai)	25-Mar	8325	8829	8	2500	25	Yes
8806526279	Industrial Copper Wire 10mm (Plant-Gujarat)	25-Mar	2492	1963	13	2500	25	No
8806526279	Industrial Copper Wire 10mm (Plant-Chennai)	25-Mar	7358	5381	8	2500	25	No
8806526279	Industrial Copper Wire 10mm (Plant-Bengaluru)	25-Mar	5818	3220	12	2500	25	No
8806526279	Industrial Copper Wire 10mm (Plant-Pune)	25-Apr	5893	4690	8	2500	25	No
8806526279	Industrial Copper Wire 10mm (Plant-Chakan)	25-Apr	3102	3229	10	2500	25	No
8806526279	Industrial Copper Wire 10mm (Plant-Talegaon)	25-Apr	8168	8476	8	2500	25	No
8806526279	Industrial Copper Wire 10mm (Plant-Nashik)	25-Apr	4462	4408	13	2500	25	No
8806526279	Industrial Copper Wire 10mm (Plant-Aurangabad)	25-Apr	3665	2696	13	2500	25	No
8806526279	Industrial Copper Wire 10mm (Plant-Nagpur)	25-Apr	6753	6206	13	2500	25	No
8806526279	Industrial Copper Wire 10mm (Plant-Mumbai)	25-Apr	6605	6145	10	2500	25	No
8806526279	Industrial Copper Wire 10mm (Plant-Gujarat)	25-Apr	3209	3477	8	2500	25	No
8806526279	Industrial Copper Wire 10mm (Plant-Chennai)	25-Apr	5697	3532	8	2500	25	No
8806526279	Industrial Copper Wire 10mm (Plant-Bengaluru)	25-Apr	4355	5119	11	2500	25	Yes
8806526279	Industrial Copper Wire 10mm (Plant-Pune)	25-May	3410	2459	13	2500	25	No
8806526279	Industrial Copper Wire 10mm (Plant-Chakan)	25-May	2528	1381	13	2500	25	No
8806526279	Industrial Copper Wire 10mm (Plant-Talegaon)	25-May	3737	3659	9	2500	25	No
8806526279	Industrial Copper Wire 10mm (Plant-Nashik)	25-May	2950	2328	10	2500	25	No
8806526279	Industrial Copper Wire 10mm (Plant-Aurangabad)	25-May	6754	8354	11	2500	25	Yes
8806526279	Industrial Copper Wire 10mm (Plant-Nagpur)	25-May	2650	1955	10	2500	25	No
8806526279	Industrial Copper Wire 10mm (Plant-Mumbai)	25-May	4769	2875	8	2500	25	No
8806526279	Industrial Copper Wire 10mm (Plant-Gujarat)	25-May	7392	5454	13	2500	25	No
8806526279	Industrial Copper Wire 10mm (Plant-Chennai)	25-May	3963	2276	11	2500	25	No
8806526279	Industrial Copper Wire 10mm (Plant-Bengaluru)	25-May	5308	4830	9	2500	25	No
8806526279	Industrial Copper Wire 10mm (Plant-Pune)	25-Jun	4673	5496	10	2500	25	Yes
8806526279	Industrial Copper Wire 10mm (Plant-Chakan)	25-Jun	6164	7162	9	2500	25	Yes
8806526279	Industrial Copper Wire 10mm (Plant-Talegaon)	25-Jun	2512	1361	11	2500	25	No
8806526279	Industrial Copper Wire 10mm (Plant-Nashik)	25-Jun	6986	8001	11	2500	25	Yes
8806526279	Industrial Copper Wire 10mm (Plant-Aurangabad)	25-Jun	3212	1805	10	2500	25	No
8806526279	Industrial Copper Wire 10mm (Plant-Nagpur)	25-Jun	2174	2511	8	2500	25	No
8806526279	Industrial Copper Wire 10mm (Plant-Mumbai)	25-Jun	8659	6306	12	2500	25	No
8806526279	Industrial Copper Wire 10mm (Plant-Gujarat)	25-Jun	7469	5300	9	2500	25	No
8806526279	Industrial Copper Wire 10mm (Plant-Chennai)	25-Jun	2811	1625	9	2500	25	No
8806526279	Industrial Copper Wire 10mm (Plant-Bengaluru)	25-Jun	2786	1398	9	2500	25	No
8806526279	Industrial Copper Wire 10mm (Plant-Pune)	25-Jul	3132	3192	9	2500	25	No
8806526279	Industrial Copper Wire 10mm (Plant-Chakan)	25-Jul	2530	2381	11	2500	25	No
8806526279	Industrial Copper Wire 10mm (Plant-Talegaon)	25-Jul	8049	6587	13	2500	25	No
8806526279	Industrial Copper Wire 10mm (Plant-Nashik)	25-Jul	8020	5589	13	2500	25	No
8806526279	Industrial Copper Wire 10mm (Plant-Aurangabad)	25-Jul	7591	4365	11	2500	25	No
8806526279	Industrial Copper Wire 10mm (Plant-Nagpur)	25-Jul	3469	4108	8	2500	25	Yes
8806526279	Industrial Copper Wire 10mm (Plant-Mumbai)	25-Jul	6584	5397	13	2500	25	No
8806526279	Industrial Copper Wire 10mm (Plant-Gujarat)	25-Jul	4112	4261	13	2500	25	No
8806526279	Industrial Copper Wire 10mm (Plant-Chennai)	25-Jul	8601	8506	10	2500	25	No
8806526279	Industrial Copper Wire 10mm (Plant-Bengaluru)	25-Jul	6440	5818	9	2500	25	No
8806526279	Industrial Copper Wire 10mm (Plant-Pune)	25-Aug	8272	6851	11	2500	25	No
8806526279	Industrial Copper Wire 10mm (Plant-Chakan)	25-Aug	2529	1848	10	2500	25	No
8806526279	Industrial Copper Wire 10mm (Plant-Talegaon)	25-Aug	3018	1670	8	2500	25	No
8806526279	Industrial Copper Wire 10mm (Plant-Nashik)	25-Aug	4238	5209	11	2500	25	Yes
8806526279	Industrial Copper Wire 10mm (Plant-Aurangabad)	25-Aug	8397	8344	9	2500	25	No
8806526279	Industrial Copper Wire 10mm (Plant-Nagpur)	25-Aug	6795	4892	12	2500	25	No
8806526279	Industrial Copper Wire 10mm (Plant-Mumbai)	25-Aug	4896	2654	9	2500	25	No
8806526279	Industrial Copper Wire 10mm (Plant-Gujarat)	25-Aug	7914	9878	10	2500	25	Yes
8806526279	Industrial Copper Wire 10mm (Plant-Chennai)	25-Aug	5179	3544	9	2500	25	No
8806526279	Industrial Copper Wire 10mm (Plant-Bengaluru)	25-Aug	4592	5511	12	2500	25	Yes
8806526279	Industrial Copper Wire 10mm (Plant-Pune)	25-Sep	6508	5887	11	2500	25	No
8806526279	Industrial Copper Wire 10mm (Plant-Chakan)	25-Sep	6219	5959	11	2500	25	No
8806526279	Industrial Copper Wire 10mm (Plant-Talegaon)	25-Sep	5612	3821	13	2500	25	No
8806526279	Industrial Copper Wire 10mm (Plant-Nashik)	25-Sep	7287	5355	11	2500	25	No
8806526279	Industrial Copper Wire 10mm (Plant-Aurangabad)	25-Sep	7254	7427	10	2500	25	No
8806526279	Industrial Copper Wire 10mm (Plant-Nagpur)	25-Sep	3678	4413	12	2500	25	Yes
8806526279	Industrial Copper Wire 10mm (Plant-Mumbai)	25-Sep	4593	2950	10	2500	25	No
8806526279	Industrial Copper Wire 10mm (Plant-Gujarat)	25-Sep	3655	4209	8	2500	25	Yes
8806526279	Industrial Copper Wire 10mm (Plant-Chennai)	25-Sep	4427	4312	12	2500	25	No
8806526279	Industrial Copper Wire 10mm (Plant-Bengaluru)	25-Sep	6405	3248	13	2500	25	No
8806526279	Industrial Copper Wire 10mm (Plant-Pune)	25-Oct	8744	7436	8	2500	25	No
8806526279	Industrial Copper Wire 10mm (Plant-Chakan)	25-Oct	6788	8453	13	2500	25	Yes
8806526279	Industrial Copper Wire 10mm (Plant-Talegaon)	25-Oct	5197	3896	10	2500	25	No
8806526279	Industrial Copper Wire 10mm (Plant-Nashik)	25-Oct	3383	3666	9	2500	25	No
8806526279	Industrial Copper Wire 10mm (Plant-Aurangabad)	25-Oct	6400	5537	11	2500	25	No
8806526279	Industrial Copper Wire 10mm (Plant-Nagpur)	25-Oct	4673	5774	9	2500	25	Yes
8806526279	Industrial Copper Wire 10mm (Plant-Mumbai)	25-Oct	7888	7941	9	2500	25	No
8806526279	Industrial Copper Wire 10mm (Plant-Gujarat)	25-Oct	4887	4857	11	2500	25	No
8806526279	Industrial Copper Wire 10mm (Plant-Chennai)	25-Oct	4763	3642	8	2500	25	No
8806526279	Industrial Copper Wire 10mm (Plant-Bengaluru)	25-Oct	4000	2586	12	2500	25	No
8806526279	Industrial Copper Wire 10mm (Plant-Pune)	25-Nov	7552	4148	12	2500	25	No
8806526279	Industrial Copper Wire 10mm (Plant-Chakan)	25-Nov	3311	3274	9	2500	25	No
8806526279	Industrial Copper Wire 10mm (Plant-Talegaon)	25-Nov	3449	4237	10	2500	25	Yes
8806526279	Industrial Copper Wire 10mm (Plant-Nashik)	25-Nov	6208	5771	10	2500	25	No
8806526279	Industrial Copper Wire 10mm (Plant-Aurangabad)	25-Nov	6177	6292	11	2500	25	No
8806526279	Industrial Copper Wire 10mm (Plant-Nagpur)	25-Nov	2564	2630	10	2500	25	No
8806526279	Industrial Copper Wire 10mm (Plant-Mumbai)	25-Nov	4492	5357	9	2500	25	Yes
8806526279	Industrial Copper Wire 10mm (Plant-Gujarat)	25-Nov	3938	3246	10	2500	25	No
8806526279	Industrial Copper Wire 10mm (Plant-Chennai)	25-Nov	3085	2379	8	2500	25	No
8806526279	Industrial Copper Wire 10mm (Plant-Bengaluru)	25-Nov	3290	4011	9	2500	25	Yes
8806526279	Industrial Copper Wire 10mm (Plant-Pune)	25-Dec	7141	7298	8	2500	25	No
8806526279	Industrial Copper Wire 10mm (Plant-Chakan)	25-Dec	5790	4583	11	2500	25	No
8806526279	Industrial Copper Wire 10mm (Plant-Talegaon)	25-Dec	3420	3475	12	2500	25	No
8806526279	Industrial Copper Wire 10mm (Plant-Nashik)	25-Dec	8487	8126	11	2500	25	No
8806526279	Industrial Copper Wire 10mm (Plant-Aurangabad)	25-Dec	3898	4202	10	2500	25	No
8806526279	Industrial Copper Wire 10mm (Plant-Nagpur)	25-Dec	6780	6547	9	2500	25	No
8806526279	Industrial Copper Wire 10mm (Plant-Mumbai)	25-Dec	3164	2021	8	2500	25	No
8806526279	Industrial Copper Wire 10mm (Plant-Gujarat)	25-Dec	2434	1310	12	2500	25	No
8806526279	Industrial Copper Wire 10mm (Plant-Chennai)	25-Dec	7411	5720	13	2500	25	No
8806526279	Industrial Copper Wire 10mm (Plant-Bengaluru)	25-Dec	4540	5104	10	2500	25	Yes
8806526279	Industrial Copper Wire 10mm (Plant-Pune)	26-Jan	5403	2801	11	2500	25	No
8806526279	Industrial Copper Wire 10mm (Plant-Chakan)	26-Jan	4677	3186	11	2500	25	No
8806526279	Industrial Copper Wire 10mm (Plant-Talegaon)	26-Jan	6052	4053	11	2500	25	No
8806526279	Industrial Copper Wire 10mm (Plant-Nashik)	26-Jan	3638	2981	12	2500	25	No
8806526279	Industrial Copper Wire 10mm (Plant-Aurangabad)	26-Jan	6858	6618	12	2500	25	No
8806526279	Industrial Copper Wire 10mm (Plant-Nagpur)	26-Jan	2745	1524	13	2500	25	No
8806526279	Industrial Copper Wire 10mm (Plant-Mumbai)	26-Jan	4333	3320	9	2500	25	No
8806526279	Industrial Copper Wire 10mm (Plant-Gujarat)	26-Jan	4422	3256	13	2500	25	No
8806526279	Industrial Copper Wire 10mm (Plant-Chennai)	26-Jan	5450	3320	9	2500	25	No
8806526279	Industrial Copper Wire 10mm (Plant-Bengaluru)	26-Jan	5431	5776	12	2500	25	No
8806526279	Industrial Copper Wire 10mm (Plant-Pune)	26-Feb	3970	2580	8	2500	25	No
8806526279	Industrial Copper Wire 10mm (Plant-Chakan)	26-Feb	5456	3054	12	2500	25	No
8806526279	Industrial Copper Wire 10mm (Plant-Talegaon)	26-Feb	5487	4132	8	2500	25	No
8806526279	Industrial Copper Wire 10mm (Plant-Nashik)	26-Feb	4677	5215	12	2500	25	Yes
8806526279	Industrial Copper Wire 10mm (Plant-Aurangabad)	26-Feb	8265	10309	9	2500	25	Yes
8806526279	Industrial Copper Wire 10mm (Plant-Nagpur)	26-Feb	4592	5649	10	2500	25	Yes
8806526279	Industrial Copper Wire 10mm (Plant-Mumbai)	26-Feb	5641	6202	11	2500	25	Yes
8806526279	Industrial Copper Wire 10mm (Plant-Gujarat)	26-Feb	3541	3899	9	2500	25	No
8806526279	Industrial Copper Wire 10mm (Plant-Chennai)	26-Feb	5075	2595	8	2500	25	No
8806526279	Industrial Copper Wire 10mm (Plant-Bengaluru)	26-Feb	7722	6144	11	2500	25	No
8806526279	Industrial Copper Wire 10mm (Plant-Pune)	26-Mar	5310	6063	13	2500	25	Yes
8806526279	Industrial Copper Wire 10mm (Plant-Chakan)	26-Mar	4860	4049	12	2500	25	No
8806526279	Industrial Copper Wire 10mm (Plant-Talegaon)	26-Mar	8551	5860	9	2500	25	No
8806526279	Industrial Copper Wire 10mm (Plant-Nashik)	26-Mar	6680	6309	11	2500	25	No
8806526279	Industrial Copper Wire 10mm (Plant-Aurangabad)	26-Mar	7622	7282	11	2500	25	No
8806526279	Industrial Copper Wire 10mm (Plant-Nagpur)	26-Mar	7256	5324	11	2500	25	No
8806526279	Industrial Copper Wire 10mm (Plant-Mumbai)	26-Mar	3611	3851	8	2500	25	No
8806526279	Industrial Copper Wire 10mm (Plant-Gujarat)	26-Mar	3745	4054	13	2500	25	No
8806526279	Industrial Copper Wire 10mm (Plant-Chennai)	26-Mar	4778	4142	11	2500	25	No
8806526279	Industrial Copper Wire 10mm (Plant-Bengaluru)	26-Mar	4104	3058	10	2500	25	No
8806526279	Industrial Copper Wire 10mm (Plant-Pune)	26-Apr	5515	6065	8	2500	25	Yes
8806526279	Industrial Copper Wire 10mm (Plant-Chakan)	26-Apr	4285	4560	11	2500	25	No
8806526279	Industrial Copper Wire 10mm (Plant-Talegaon)	26-Apr	3405	3814	8	2500	25	No
8806526279	Industrial Copper Wire 10mm (Plant-Nashik)	26-Apr	3878	2968	13	2500	25	No
8806526279	Industrial Copper Wire 10mm (Plant-Aurangabad)	26-Apr	3490	4044	8	2500	25	Yes
8806526279	Industrial Copper Wire 10mm (Plant-Nagpur)	26-Apr	6626	7430	13	2500	25	Yes
8806526279	Industrial Copper Wire 10mm (Plant-Mumbai)	26-Apr	4595	3120	12	2500	25	No
8806526279	Industrial Copper Wire 10mm (Plant-Gujarat)	26-Apr	2495	2597	12	2500	25	No
8806526279	Industrial Copper Wire 10mm (Plant-Chennai)	26-Apr	3075	3182	11	2500	25	No
8806526279	Industrial Copper Wire 10mm (Plant-Bengaluru)	26-Apr	3644	3182	9	2500	25	No
8806526279	Industrial Copper Wire 10mm (Plant-Pune)	26-May	4635	5520	10	2500	25	Yes
8806526279	Industrial Copper Wire 10mm (Plant-Chakan)	26-May	2951	3513	13	2500	25	Yes
8806526279	Industrial Copper Wire 10mm (Plant-Talegaon)	26-May	3033	3765	8	2500	25	Yes
8806526279	Industrial Copper Wire 10mm (Plant-Nashik)	26-May	4621	2952	13	2500	25	No
8806526279	Industrial Copper Wire 10mm (Plant-Aurangabad)	26-May	6469	7964	8	2500	25	Yes
8806526279	Industrial Copper Wire 10mm (Plant-Nagpur)	26-May	3770	3460	12	2500	25	No
8806526279	Industrial Copper Wire 10mm (Plant-Mumbai)	26-May	2669	2309	9	2500	25	No
8806526279	Industrial Copper Wire 10mm (Plant-Gujarat)	26-May	5493	4086	12	2500	25	No
8806526279	Industrial Copper Wire 10mm (Plant-Chennai)	26-May	6140	7352	13	2500	25	Yes
8806526279	Industrial Copper Wire 10mm (Plant-Bengaluru)	26-May	4710	2484	9	2500	25	No
8806526279	Industrial Copper Wire 10mm (Plant-Pune)	26-Jun	5387	3865	12	2500	25	No
8806526279	Industrial Copper Wire 10mm (Plant-Chakan)	26-Jun	5956	7174	13	2500	25	Yes
8806526279	Industrial Copper Wire 10mm (Plant-Talegaon)	26-Jun	3314	4008	11	2500	25	Yes
8806526279	Industrial Copper Wire 10mm (Plant-Nashik)	26-Jun	5609	5928	8	2500	25	No
8806526279	Industrial Copper Wire 10mm (Plant-Aurangabad)	26-Jun	7113	5323	9	2500	25	No
8806526279	Industrial Copper Wire 10mm (Plant-Nagpur)	26-Jun	2646	3026	12	2500	25	No
8806526279	Industrial Copper Wire 10mm (Plant-Mumbai)	26-Jun	3999	2012	8	2500	25	No
8806526279	Industrial Copper Wire 10mm (Plant-Gujarat)	26-Jun	4766	5631	10	2500	25	Yes
8806526279	Industrial Copper Wire 10mm (Plant-Chennai)	26-Jun	4595	3775	12	2500	25	No
8806526279	Industrial Copper Wire 10mm (Plant-Bengaluru)	26-Jun	5061	4751	9	2500	25	No
8806526280	Aluminum Alloy Sheet 6061 (Plant-Pune)	25-Jan	1066	1163	16	1000	70	No
8806526280	Aluminum Alloy Sheet 6061 (Plant-Chakan)	25-Jan	3085	3417	15	1000	70	Yes
8806526280	Aluminum Alloy Sheet 6061 (Plant-Talegaon)	25-Jan	1671	989	12	1000	70	No
8806526280	Aluminum Alloy Sheet 6061 (Plant-Nashik)	25-Jan	1662	1217	13	1000	70	No
8806526280	Aluminum Alloy Sheet 6061 (Plant-Aurangabad)	25-Jan	2209	1212	17	1000	70	No
8806526280	Aluminum Alloy Sheet 6061 (Plant-Nagpur)	25-Jan	2223	2135	15	1000	70	No
8806526280	Aluminum Alloy Sheet 6061 (Plant-Mumbai)	25-Jan	3303	3252	16	1000	70	No
8806526280	Aluminum Alloy Sheet 6061 (Plant-Gujarat)	25-Jan	2675	2371	15	1000	70	No
8806526280	Aluminum Alloy Sheet 6061 (Plant-Chennai)	25-Jan	1743	892	16	1000	70	No
8806526280	Aluminum Alloy Sheet 6061 (Plant-Bengaluru)	25-Jan	1760	1279	14	1000	70	No
8806526280	Aluminum Alloy Sheet 6061 (Plant-Pune)	25-Feb	1336	851	12	1000	70	No
8806526280	Aluminum Alloy Sheet 6061 (Plant-Chakan)	25-Feb	1555	1381	12	1000	70	No
8806526280	Aluminum Alloy Sheet 6061 (Plant-Talegaon)	25-Feb	2312	1238	12	1000	70	No
8806526280	Aluminum Alloy Sheet 6061 (Plant-Nashik)	25-Feb	1895	2104	14	1000	70	Yes
8806526280	Aluminum Alloy Sheet 6061 (Plant-Aurangabad)	25-Feb	1298	1188	12	1000	70	No
8806526280	Aluminum Alloy Sheet 6061 (Plant-Nagpur)	25-Feb	2931	2058	14	1000	70	No
8806526280	Aluminum Alloy Sheet 6061 (Plant-Mumbai)	25-Feb	1434	725	17	1000	70	No
8806526280	Aluminum Alloy Sheet 6061 (Plant-Gujarat)	25-Feb	2377	1973	12	1000	70	No
8806526280	Aluminum Alloy Sheet 6061 (Plant-Chennai)	25-Feb	1680	1931	15	1000	70	Yes
8806526280	Aluminum Alloy Sheet 6061 (Plant-Bengaluru)	25-Feb	1299	1253	16	1000	70	No
8806526280	Aluminum Alloy Sheet 6061 (Plant-Pune)	25-Mar	1189	1156	13	1000	70	No
8806526280	Aluminum Alloy Sheet 6061 (Plant-Chakan)	25-Mar	1529	1591	12	1000	70	No
8806526280	Aluminum Alloy Sheet 6061 (Plant-Talegaon)	25-Mar	2188	2473	14	1000	70	Yes
8806526280	Aluminum Alloy Sheet 6061 (Plant-Nashik)	25-Mar	1338	771	12	1000	70	No
8806526280	Aluminum Alloy Sheet 6061 (Plant-Aurangabad)	25-Mar	2294	1593	16	1000	70	No
8806526280	Aluminum Alloy Sheet 6061 (Plant-Nagpur)	25-Mar	1037	851	16	1000	70	No
8806526280	Aluminum Alloy Sheet 6061 (Plant-Mumbai)	25-Mar	3130	2435	15	1000	70	No
8806526280	Aluminum Alloy Sheet 6061 (Plant-Gujarat)	25-Mar	3155	2545	16	1000	70	No
8806526280	Aluminum Alloy Sheet 6061 (Plant-Chennai)	25-Mar	3184	2025	17	1000	70	No
8806526280	Aluminum Alloy Sheet 6061 (Plant-Bengaluru)	25-Mar	1030	873	13	1000	70	No
8806526280	Aluminum Alloy Sheet 6061 (Plant-Pune)	25-Apr	2479	2071	16	1000	70	No
8806526280	Aluminum Alloy Sheet 6061 (Plant-Chakan)	25-Apr	821	982	16	1000	70	No
8806526280	Aluminum Alloy Sheet 6061 (Plant-Talegaon)	25-Apr	3460	2905	14	1000	70	No
8806526280	Aluminum Alloy Sheet 6061 (Plant-Nashik)	25-Apr	1558	934	12	1000	70	No
8806526280	Aluminum Alloy Sheet 6061 (Plant-Aurangabad)	25-Apr	1219	923	16	1000	70	No
8806526280	Aluminum Alloy Sheet 6061 (Plant-Nagpur)	25-Apr	921	836	16	1000	70	No
8806526280	Aluminum Alloy Sheet 6061 (Plant-Mumbai)	25-Apr	1182	1373	17	1000	70	No
8806526280	Aluminum Alloy Sheet 6061 (Plant-Gujarat)	25-Apr	1510	1300	14	1000	70	No
8806526280	Aluminum Alloy Sheet 6061 (Plant-Chennai)	25-Apr	3136	2425	16	1000	70	No
8806526280	Aluminum Alloy Sheet 6061 (Plant-Bengaluru)	25-Apr	3437	4070	15	1000	70	Yes
8806526280	Aluminum Alloy Sheet 6061 (Plant-Pune)	25-May	1592	1410	17	1000	70	No
8806526280	Aluminum Alloy Sheet 6061 (Plant-Chakan)	25-May	1344	1446	16	1000	70	No
8806526280	Aluminum Alloy Sheet 6061 (Plant-Talegaon)	25-May	2208	1467	14	1000	70	No
8806526280	Aluminum Alloy Sheet 6061 (Plant-Nashik)	25-May	1294	724	15	1000	70	No
8806526280	Aluminum Alloy Sheet 6061 (Plant-Aurangabad)	25-May	2991	1952	14	1000	70	No
8806526280	Aluminum Alloy Sheet 6061 (Plant-Nagpur)	25-May	3396	3320	14	1000	70	No
8806526280	Aluminum Alloy Sheet 6061 (Plant-Mumbai)	25-May	1284	801	16	1000	70	No
8806526280	Aluminum Alloy Sheet 6061 (Plant-Gujarat)	25-May	2452	2518	17	1000	70	No
8806526280	Aluminum Alloy Sheet 6061 (Plant-Chennai)	25-May	2706	1499	15	1000	70	No
8806526280	Aluminum Alloy Sheet 6061 (Plant-Bengaluru)	25-May	2052	1760	16	1000	70	No
8806526280	Aluminum Alloy Sheet 6061 (Plant-Pune)	25-Jun	1956	1433	14	1000	70	No
8806526280	Aluminum Alloy Sheet 6061 (Plant-Chakan)	25-Jun	2892	3019	14	1000	70	No
8806526280	Aluminum Alloy Sheet 6061 (Plant-Talegaon)	25-Jun	2044	1344	12	1000	70	No
8806526280	Aluminum Alloy Sheet 6061 (Plant-Nashik)	25-Jun	2394	1703	13	1000	70	No
8806526280	Aluminum Alloy Sheet 6061 (Plant-Aurangabad)	25-Jun	1765	1266	15	1000	70	No
8806526280	Aluminum Alloy Sheet 6061 (Plant-Nagpur)	25-Jun	1307	1407	12	1000	70	No
8806526280	Aluminum Alloy Sheet 6061 (Plant-Mumbai)	25-Jun	3385	2413	14	1000	70	No
8806526280	Aluminum Alloy Sheet 6061 (Plant-Gujarat)	25-Jun	1834	1135	12	1000	70	No
8806526280	Aluminum Alloy Sheet 6061 (Plant-Chennai)	25-Jun	3228	3829	16	1000	70	Yes
8806526280	Aluminum Alloy Sheet 6061 (Plant-Bengaluru)	25-Jun	1819	1524	16	1000	70	No
8806526280	Aluminum Alloy Sheet 6061 (Plant-Pune)	25-Jul	1036	926	12	1000	70	No
8806526280	Aluminum Alloy Sheet 6061 (Plant-Chakan)	25-Jul	1492	936	16	1000	70	No
8806526280	Aluminum Alloy Sheet 6061 (Plant-Talegaon)	25-Jul	2219	2398	13	1000	70	No
8806526280	Aluminum Alloy Sheet 6061 (Plant-Nashik)	25-Jul	3431	1914	17	1000	70	No
8806526280	Aluminum Alloy Sheet 6061 (Plant-Aurangabad)	25-Jul	2929	2414	15	1000	70	No
8806526280	Aluminum Alloy Sheet 6061 (Plant-Nagpur)	25-Jul	2966	2732	13	1000	70	No
8806526280	Aluminum Alloy Sheet 6061 (Plant-Mumbai)	25-Jul	1801	1463	16	1000	70	No
8806526280	Aluminum Alloy Sheet 6061 (Plant-Gujarat)	25-Jul	1248	1370	13	1000	70	No
8806526280	Aluminum Alloy Sheet 6061 (Plant-Chennai)	25-Jul	1899	1833	14	1000	70	No
8806526280	Aluminum Alloy Sheet 6061 (Plant-Bengaluru)	25-Jul	1620	1366	13	1000	70	No
8806526280	Aluminum Alloy Sheet 6061 (Plant-Pune)	25-Aug	2493	1920	16	1000	70	No
8806526280	Aluminum Alloy Sheet 6061 (Plant-Chakan)	25-Aug	807	409	15	1000	70	No
8806526280	Aluminum Alloy Sheet 6061 (Plant-Talegaon)	25-Aug	3347	3191	12	1000	70	No
8806526280	Aluminum Alloy Sheet 6061 (Plant-Nashik)	25-Aug	2628	3140	17	1000	70	Yes
8806526280	Aluminum Alloy Sheet 6061 (Plant-Aurangabad)	25-Aug	2266	1430	12	1000	70	No
8806526280	Aluminum Alloy Sheet 6061 (Plant-Nagpur)	25-Aug	2260	1459	15	1000	70	No
8806526280	Aluminum Alloy Sheet 6061 (Plant-Mumbai)	25-Aug	992	707	16	1000	70	No
8806526280	Aluminum Alloy Sheet 6061 (Plant-Gujarat)	25-Aug	1705	2065	16	1000	70	Yes
8806526280	Aluminum Alloy Sheet 6061 (Plant-Chennai)	25-Aug	2799	2136	16	1000	70	No
8806526280	Aluminum Alloy Sheet 6061 (Plant-Bengaluru)	25-Aug	2517	3138	14	1000	70	Yes
8806526280	Aluminum Alloy Sheet 6061 (Plant-Pune)	25-Sep	2247	2331	15	1000	70	No
8806526280	Aluminum Alloy Sheet 6061 (Plant-Chakan)	25-Sep	1087	838	13	1000	70	No
8806526280	Aluminum Alloy Sheet 6061 (Plant-Talegaon)	25-Sep	1063	544	15	1000	70	No
8806526280	Aluminum Alloy Sheet 6061 (Plant-Nashik)	25-Sep	1553	1613	15	1000	70	No
8806526280	Aluminum Alloy Sheet 6061 (Plant-Aurangabad)	25-Sep	2422	2225	17	1000	70	No
8806526280	Aluminum Alloy Sheet 6061 (Plant-Nagpur)	25-Sep	1093	613	14	1000	70	No
8806526280	Aluminum Alloy Sheet 6061 (Plant-Mumbai)	25-Sep	2624	2647	13	1000	70	No
8806526280	Aluminum Alloy Sheet 6061 (Plant-Gujarat)	25-Sep	2216	1357	17	1000	70	No
8806526280	Aluminum Alloy Sheet 6061 (Plant-Chennai)	25-Sep	1466	1459	12	1000	70	No
8806526280	Aluminum Alloy Sheet 6061 (Plant-Bengaluru)	25-Sep	2668	2110	15	1000	70	No
8806526280	Aluminum Alloy Sheet 6061 (Plant-Pune)	25-Oct	974	1207	16	1000	70	Yes
8806526280	Aluminum Alloy Sheet 6061 (Plant-Chakan)	25-Oct	3095	3138	13	1000	70	No
8806526280	Aluminum Alloy Sheet 6061 (Plant-Talegaon)	25-Oct	3431	1855	14	1000	70	No
8806526280	Aluminum Alloy Sheet 6061 (Plant-Nashik)	25-Oct	2288	1382	13	1000	70	No
8806526280	Aluminum Alloy Sheet 6061 (Plant-Aurangabad)	25-Oct	927	879	13	1000	70	No
8806526280	Aluminum Alloy Sheet 6061 (Plant-Nagpur)	25-Oct	2343	1454	16	1000	70	No
8806526280	Aluminum Alloy Sheet 6061 (Plant-Mumbai)	25-Oct	2279	1259	17	1000	70	No
8806526280	Aluminum Alloy Sheet 6061 (Plant-Gujarat)	25-Oct	845	590	17	1000	70	No
8806526280	Aluminum Alloy Sheet 6061 (Plant-Chennai)	25-Oct	1060	1234	13	1000	70	No
8806526280	Aluminum Alloy Sheet 6061 (Plant-Bengaluru)	25-Oct	2308	1439	17	1000	70	No
8806526280	Aluminum Alloy Sheet 6061 (Plant-Pune)	25-Nov	3137	3045	13	1000	70	No
8806526280	Aluminum Alloy Sheet 6061 (Plant-Chakan)	25-Nov	1803	1014	16	1000	70	No
8806526280	Aluminum Alloy Sheet 6061 (Plant-Talegaon)	25-Nov	1195	800	15	1000	70	No
8806526280	Aluminum Alloy Sheet 6061 (Plant-Nashik)	25-Nov	2462	2577	15	1000	70	No
8806526280	Aluminum Alloy Sheet 6061 (Plant-Aurangabad)	25-Nov	1140	583	17	1000	70	No
8806526280	Aluminum Alloy Sheet 6061 (Plant-Nagpur)	25-Nov	3371	3248	15	1000	70	No
8806526280	Aluminum Alloy Sheet 6061 (Plant-Mumbai)	25-Nov	2808	3200	16	1000	70	Yes
8806526280	Aluminum Alloy Sheet 6061 (Plant-Gujarat)	25-Nov	1599	1676	15	1000	70	No
8806526280	Aluminum Alloy Sheet 6061 (Plant-Chennai)	25-Nov	2189	1098	13	1000	70	No
8806526280	Aluminum Alloy Sheet 6061 (Plant-Bengaluru)	25-Nov	2315	1707	14	1000	70	No
8806526280	Aluminum Alloy Sheet 6061 (Plant-Pune)	25-Dec	914	609	12	1000	70	No
8806526280	Aluminum Alloy Sheet 6061 (Plant-Chakan)	25-Dec	1978	1722	12	1000	70	No
8806526280	Aluminum Alloy Sheet 6061 (Plant-Talegaon)	25-Dec	2327	2188	15	1000	70	No
8806526280	Aluminum Alloy Sheet 6061 (Plant-Nashik)	25-Dec	3350	3017	16	1000	70	No
8806526280	Aluminum Alloy Sheet 6061 (Plant-Aurangabad)	25-Dec	2377	1857	12	1000	70	No
8806526280	Aluminum Alloy Sheet 6061 (Plant-Nagpur)	25-Dec	3333	3171	17	1000	70	No
8806526280	Aluminum Alloy Sheet 6061 (Plant-Mumbai)	25-Dec	1189	859	17	1000	70	No
8806526280	Aluminum Alloy Sheet 6061 (Plant-Gujarat)	25-Dec	1318	1093	14	1000	70	No
8806526280	Aluminum Alloy Sheet 6061 (Plant-Chennai)	25-Dec	2849	2939	12	1000	70	No
8806526280	Aluminum Alloy Sheet 6061 (Plant-Bengaluru)	25-Dec	2362	2143	14	1000	70	No
8806526280	Aluminum Alloy Sheet 6061 (Plant-Pune)	26-Jan	1726	864	14	1000	70	No
8806526280	Aluminum Alloy Sheet 6061 (Plant-Chakan)	26-Jan	3398	3101	16	1000	70	No
8806526280	Aluminum Alloy Sheet 6061 (Plant-Talegaon)	26-Jan	2050	1499	15	1000	70	No
8806526280	Aluminum Alloy Sheet 6061 (Plant-Nashik)	26-Jan	1701	1789	15	1000	70	No
8806526280	Aluminum Alloy Sheet 6061 (Plant-Aurangabad)	26-Jan	2661	2555	13	1000	70	No
8806526280	Aluminum Alloy Sheet 6061 (Plant-Nagpur)	26-Jan	991	1186	12	1000	70	No
8806526280	Aluminum Alloy Sheet 6061 (Plant-Mumbai)	26-Jan	3263	3388	15	1000	70	No
8806526280	Aluminum Alloy Sheet 6061 (Plant-Gujarat)	26-Jan	1880	1929	12	1000	70	No
8806526280	Aluminum Alloy Sheet 6061 (Plant-Chennai)	26-Jan	1355	1280	12	1000	70	No
8806526280	Aluminum Alloy Sheet 6061 (Plant-Bengaluru)	26-Jan	3315	3518	15	1000	70	Yes
8806526280	Aluminum Alloy Sheet 6061 (Plant-Pune)	26-Feb	2142	2097	15	1000	70	No
8806526280	Aluminum Alloy Sheet 6061 (Plant-Chakan)	26-Feb	1396	1650	15	1000	70	Yes
8806526280	Aluminum Alloy Sheet 6061 (Plant-Talegaon)	26-Feb	1164	980	12	1000	70	No
8806526280	Aluminum Alloy Sheet 6061 (Plant-Nashik)	26-Feb	801	956	14	1000	70	No
8806526280	Aluminum Alloy Sheet 6061 (Plant-Aurangabad)	26-Feb	1005	1177	13	1000	70	No
8806526280	Aluminum Alloy Sheet 6061 (Plant-Nagpur)	26-Feb	2255	2659	14	1000	70	Yes
8806526280	Aluminum Alloy Sheet 6061 (Plant-Mumbai)	26-Feb	2549	1659	13	1000	70	No
8806526280	Aluminum Alloy Sheet 6061 (Plant-Gujarat)	26-Feb	3191	2097	12	1000	70	No
8806526280	Aluminum Alloy Sheet 6061 (Plant-Chennai)	26-Feb	2474	1524	13	1000	70	No
8806526280	Aluminum Alloy Sheet 6061 (Plant-Bengaluru)	26-Feb	2715	2735	16	1000	70	No
8806526280	Aluminum Alloy Sheet 6061 (Plant-Pune)	26-Mar	3175	2844	14	1000	70	No
8806526280	Aluminum Alloy Sheet 6061 (Plant-Chakan)	26-Mar	3377	2037	16	1000	70	No
8806526280	Aluminum Alloy Sheet 6061 (Plant-Talegaon)	26-Mar	2598	2749	16	1000	70	No
8806526280	Aluminum Alloy Sheet 6061 (Plant-Nashik)	26-Mar	2178	2469	13	1000	70	Yes
8806526280	Aluminum Alloy Sheet 6061 (Plant-Aurangabad)	26-Mar	2015	2280	15	1000	70	Yes
8806526280	Aluminum Alloy Sheet 6061 (Plant-Nagpur)	26-Mar	1744	1104	15	1000	70	No
8806526280	Aluminum Alloy Sheet 6061 (Plant-Mumbai)	26-Mar	2849	2771	13	1000	70	No
8806526280	Aluminum Alloy Sheet 6061 (Plant-Gujarat)	26-Mar	2148	1856	15	1000	70	No
8806526280	Aluminum Alloy Sheet 6061 (Plant-Chennai)	26-Mar	2033	1834	13	1000	70	No
8806526280	Aluminum Alloy Sheet 6061 (Plant-Bengaluru)	26-Mar	3127	3464	12	1000	70	Yes
8806526280	Aluminum Alloy Sheet 6061 (Plant-Pune)	26-Apr	1398	1232	16	1000	70	No
8806526280	Aluminum Alloy Sheet 6061 (Plant-Chakan)	26-Apr	2141	1393	17	1000	70	No
8806526280	Aluminum Alloy Sheet 6061 (Plant-Talegaon)	26-Apr	1135	1217	14	1000	70	No
8806526280	Aluminum Alloy Sheet 6061 (Plant-Nashik)	26-Apr	2206	2554	17	1000	70	Yes
8806526280	Aluminum Alloy Sheet 6061 (Plant-Aurangabad)	26-Apr	1819	1373	15	1000	70	No
8806526280	Aluminum Alloy Sheet 6061 (Plant-Nagpur)	26-Apr	2262	2460	17	1000	70	No
8806526280	Aluminum Alloy Sheet 6061 (Plant-Mumbai)	26-Apr	1037	816	12	1000	70	No
8806526280	Aluminum Alloy Sheet 6061 (Plant-Gujarat)	26-Apr	2524	2670	13	1000	70	No
8806526280	Aluminum Alloy Sheet 6061 (Plant-Chennai)	26-Apr	3476	3633	17	1000	70	No
8806526280	Aluminum Alloy Sheet 6061 (Plant-Bengaluru)	26-Apr	2032	2104	15	1000	70	No
8806526280	Aluminum Alloy Sheet 6061 (Plant-Pune)	26-May	2546	2056	17	1000	70	No
8806526280	Aluminum Alloy Sheet 6061 (Plant-Chakan)	26-May	1864	1744	14	1000	70	No
8806526280	Aluminum Alloy Sheet 6061 (Plant-Talegaon)	26-May	1934	1046	16	1000	70	No
8806526280	Aluminum Alloy Sheet 6061 (Plant-Nashik)	26-May	3324	2553	15	1000	70	No
8806526280	Aluminum Alloy Sheet 6061 (Plant-Aurangabad)	26-May	1615	1166	12	1000	70	No
8806526280	Aluminum Alloy Sheet 6061 (Plant-Nagpur)	26-May	1639	1892	17	1000	70	Yes
8806526280	Aluminum Alloy Sheet 6061 (Plant-Mumbai)	26-May	3424	3178	15	1000	70	No
8806526280	Aluminum Alloy Sheet 6061 (Plant-Gujarat)	26-May	1762	1036	15	1000	70	No
8806526280	Aluminum Alloy Sheet 6061 (Plant-Chennai)	26-May	1260	764	17	1000	70	No
8806526280	Aluminum Alloy Sheet 6061 (Plant-Bengaluru)	26-May	1409	1026	15	1000	70	No
8806526280	Aluminum Alloy Sheet 6061 (Plant-Pune)	26-Jun	1199	1491	16	1000	70	Yes
8806526280	Aluminum Alloy Sheet 6061 (Plant-Chakan)	26-Jun	3343	3887	16	1000	70	Yes
8806526280	Aluminum Alloy Sheet 6061 (Plant-Talegaon)	26-Jun	1956	1899	14	1000	70	No
8806526280	Aluminum Alloy Sheet 6061 (Plant-Nashik)	26-Jun	1707	1462	14	1000	70	No
8806526280	Aluminum Alloy Sheet 6061 (Plant-Aurangabad)	26-Jun	1317	1219	17	1000	70	No
8806526280	Aluminum Alloy Sheet 6061 (Plant-Nagpur)	26-Jun	2021	1971	12	1000	70	No
8806526280	Aluminum Alloy Sheet 6061 (Plant-Mumbai)	26-Jun	2991	2853	14	1000	70	No
8806526280	Aluminum Alloy Sheet 6061 (Plant-Gujarat)	26-Jun	2528	1932	17	1000	70	No
8806526280	Aluminum Alloy Sheet 6061 (Plant-Chennai)	26-Jun	2870	2427	15	1000	70	No
8806526280	Aluminum Alloy Sheet 6061 (Plant-Bengaluru)	26-Jun	3392	1805	15	1000	70	No
8806526281	Structural I-Beam ISMB 300 (Plant-Pune)	25-Jan	765	676	26	300	400	No
8806526281	Structural I-Beam ISMB 300 (Plant-Chakan)	25-Jan	506	578	25	300	400	Yes
8806526281	Structural I-Beam ISMB 300 (Plant-Talegaon)	25-Jan	403	289	24	300	400	No
8806526281	Structural I-Beam ISMB 300 (Plant-Nashik)	25-Jan	661	761	23	300	400	Yes
8806526281	Structural I-Beam ISMB 300 (Plant-Aurangabad)	25-Jan	392	309	25	300	400	No
8806526281	Structural I-Beam ISMB 300 (Plant-Nagpur)	25-Jan	944	935	27	300	400	No
8806526281	Structural I-Beam ISMB 300 (Plant-Mumbai)	25-Jan	527	589	27	300	400	Yes
8806526281	Structural I-Beam ISMB 300 (Plant-Gujarat)	25-Jan	694	567	24	300	400	No
8806526281	Structural I-Beam ISMB 300 (Plant-Chennai)	25-Jan	778	778	27	300	400	No
8806526281	Structural I-Beam ISMB 300 (Plant-Bengaluru)	25-Jan	963	824	24	300	400	No
8806526281	Structural I-Beam ISMB 300 (Plant-Pune)	25-Feb	918	723	27	300	400	No
8806526281	Structural I-Beam ISMB 300 (Plant-Chakan)	25-Feb	316	342	28	300	400	No
8806526281	Structural I-Beam ISMB 300 (Plant-Talegaon)	25-Feb	961	516	23	300	400	No
8806526281	Structural I-Beam ISMB 300 (Plant-Nashik)	25-Feb	766	777	27	300	400	No
8806526281	Structural I-Beam ISMB 300 (Plant-Aurangabad)	25-Feb	961	988	23	300	400	No
8806526281	Structural I-Beam ISMB 300 (Plant-Nagpur)	25-Feb	404	326	23	300	400	No
8806526281	Structural I-Beam ISMB 300 (Plant-Mumbai)	25-Feb	345	417	26	300	400	Yes
8806526281	Structural I-Beam ISMB 300 (Plant-Gujarat)	25-Feb	1001	841	25	300	400	No
8806526281	Structural I-Beam ISMB 300 (Plant-Chennai)	25-Feb	923	1097	24	300	400	Yes
8806526281	Structural I-Beam ISMB 300 (Plant-Bengaluru)	25-Feb	492	547	28	300	400	No
8806526281	Structural I-Beam ISMB 300 (Plant-Pune)	25-Mar	421	357	24	300	400	No
8806526281	Structural I-Beam ISMB 300 (Plant-Chakan)	25-Mar	508	557	24	300	400	No
8806526281	Structural I-Beam ISMB 300 (Plant-Talegaon)	25-Mar	645	771	25	300	400	Yes
8806526281	Structural I-Beam ISMB 300 (Plant-Nashik)	25-Mar	723	638	24	300	400	No
8806526281	Structural I-Beam ISMB 300 (Plant-Aurangabad)	25-Mar	593	494	24	300	400	No
8806526281	Structural I-Beam ISMB 300 (Plant-Nagpur)	25-Mar	766	799	27	300	400	No
8806526281	Structural I-Beam ISMB 300 (Plant-Mumbai)	25-Mar	571	308	28	300	400	No
8806526281	Structural I-Beam ISMB 300 (Plant-Gujarat)	25-Mar	421	440	26	300	400	No
8806526281	Structural I-Beam ISMB 300 (Plant-Chennai)	25-Mar	572	531	28	300	400	No
8806526281	Structural I-Beam ISMB 300 (Plant-Bengaluru)	25-Mar	894	555	26	300	400	No
8806526281	Structural I-Beam ISMB 300 (Plant-Pune)	25-Apr	408	351	26	300	400	No
8806526281	Structural I-Beam ISMB 300 (Plant-Chakan)	25-Apr	1000	980	23	300	400	No
8806526281	Structural I-Beam ISMB 300 (Plant-Talegaon)	25-Apr	569	425	24	300	400	No
8806526281	Structural I-Beam ISMB 300 (Plant-Nashik)	25-Apr	288	281	28	300	400	No
8806526281	Structural I-Beam ISMB 300 (Plant-Aurangabad)	25-Apr	407	280	27	300	400	No
8806526281	Structural I-Beam ISMB 300 (Plant-Nagpur)	25-Apr	966	1195	24	300	400	Yes
8806526281	Structural I-Beam ISMB 300 (Plant-Mumbai)	25-Apr	842	481	26	300	400	No
8806526281	Structural I-Beam ISMB 300 (Plant-Gujarat)	25-Apr	326	406	26	300	400	Yes
8806526281	Structural I-Beam ISMB 300 (Plant-Chennai)	25-Apr	402	318	28	300	400	No
8806526281	Structural I-Beam ISMB 300 (Plant-Bengaluru)	25-Apr	845	987	24	300	400	Yes
8806526281	Structural I-Beam ISMB 300 (Plant-Pune)	25-May	621	754	25	300	400	Yes
8806526281	Structural I-Beam ISMB 300 (Plant-Chakan)	25-May	648	365	24	300	400	No
8806526281	Structural I-Beam ISMB 300 (Plant-Talegaon)	25-May	744	821	23	300	400	Yes
8806526281	Structural I-Beam ISMB 300 (Plant-Nashik)	25-May	247	139	24	300	400	No
8806526281	Structural I-Beam ISMB 300 (Plant-Aurangabad)	25-May	402	446	26	300	400	No
8806526281	Structural I-Beam ISMB 300 (Plant-Nagpur)	25-May	575	303	23	300	400	No
8806526281	Structural I-Beam ISMB 300 (Plant-Mumbai)	25-May	739	580	27	300	400	No
8806526281	Structural I-Beam ISMB 300 (Plant-Gujarat)	25-May	910	668	27	300	400	No
8806526281	Structural I-Beam ISMB 300 (Plant-Chennai)	25-May	874	735	23	300	400	No
8806526281	Structural I-Beam ISMB 300 (Plant-Bengaluru)	25-May	819	910	27	300	400	Yes
8806526281	Structural I-Beam ISMB 300 (Plant-Pune)	25-Jun	754	440	27	300	400	No
8806526281	Structural I-Beam ISMB 300 (Plant-Chakan)	25-Jun	497	315	27	300	400	No
8806526281	Structural I-Beam ISMB 300 (Plant-Talegaon)	25-Jun	1024	688	24	300	400	No
8806526281	Structural I-Beam ISMB 300 (Plant-Nashik)	25-Jun	925	693	27	300	400	No
8806526281	Structural I-Beam ISMB 300 (Plant-Aurangabad)	25-Jun	895	451	23	300	400	No
8806526281	Structural I-Beam ISMB 300 (Plant-Nagpur)	25-Jun	533	452	23	300	400	No
8806526281	Structural I-Beam ISMB 300 (Plant-Mumbai)	25-Jun	997	1115	27	300	400	Yes
8806526281	Structural I-Beam ISMB 300 (Plant-Gujarat)	25-Jun	611	703	23	300	400	Yes
8806526281	Structural I-Beam ISMB 300 (Plant-Chennai)	25-Jun	1041	914	24	300	400	No
8806526281	Structural I-Beam ISMB 300 (Plant-Bengaluru)	25-Jun	732	581	25	300	400	No
8806526281	Structural I-Beam ISMB 300 (Plant-Pune)	25-Jul	870	1045	23	300	400	Yes
8806526281	Structural I-Beam ISMB 300 (Plant-Chakan)	25-Jul	417	285	26	300	400	No
8806526281	Structural I-Beam ISMB 300 (Plant-Talegaon)	25-Jul	868	535	28	300	400	No
8806526281	Structural I-Beam ISMB 300 (Plant-Nashik)	25-Jul	788	765	26	300	400	No
8806526281	Structural I-Beam ISMB 300 (Plant-Aurangabad)	25-Jul	696	861	28	300	400	Yes
8806526281	Structural I-Beam ISMB 300 (Plant-Nagpur)	25-Jul	701	720	24	300	400	No
8806526281	Structural I-Beam ISMB 300 (Plant-Mumbai)	25-Jul	299	264	27	300	400	No
8806526281	Structural I-Beam ISMB 300 (Plant-Gujarat)	25-Jul	591	398	28	300	400	No
8806526281	Structural I-Beam ISMB 300 (Plant-Chennai)	25-Jul	433	278	25	300	400	No
8806526281	Structural I-Beam ISMB 300 (Plant-Bengaluru)	25-Jul	748	775	26	300	400	No
8806526281	Structural I-Beam ISMB 300 (Plant-Pune)	25-Aug	397	439	24	300	400	No
8806526281	Structural I-Beam ISMB 300 (Plant-Chakan)	25-Aug	1014	906	25	300	400	No
8806526281	Structural I-Beam ISMB 300 (Plant-Talegaon)	25-Aug	625	384	26	300	400	No
8806526281	Structural I-Beam ISMB 300 (Plant-Nashik)	25-Aug	380	421	25	300	400	No
8806526281	Structural I-Beam ISMB 300 (Plant-Aurangabad)	25-Aug	674	555	24	300	400	No
8806526281	Structural I-Beam ISMB 300 (Plant-Nagpur)	25-Aug	654	700	24	300	400	No
8806526281	Structural I-Beam ISMB 300 (Plant-Mumbai)	25-Aug	383	478	26	300	400	Yes
8806526281	Structural I-Beam ISMB 300 (Plant-Gujarat)	25-Aug	637	703	25	300	400	Yes
8806526281	Structural I-Beam ISMB 300 (Plant-Chennai)	25-Aug	969	1072	28	300	400	Yes
8806526281	Structural I-Beam ISMB 300 (Plant-Bengaluru)	25-Aug	362	452	28	300	400	Yes
8806526281	Structural I-Beam ISMB 300 (Plant-Pune)	25-Sep	905	616	23	300	400	No
8806526281	Structural I-Beam ISMB 300 (Plant-Chakan)	25-Sep	604	656	24	300	400	No
8806526281	Structural I-Beam ISMB 300 (Plant-Talegaon)	25-Sep	580	379	26	300	400	No
8806526281	Structural I-Beam ISMB 300 (Plant-Nashik)	25-Sep	657	333	25	300	400	No
8806526281	Structural I-Beam ISMB 300 (Plant-Aurangabad)	25-Sep	626	525	23	300	400	No
8806526281	Structural I-Beam ISMB 300 (Plant-Nagpur)	25-Sep	295	180	24	300	400	No
8806526281	Structural I-Beam ISMB 300 (Plant-Mumbai)	25-Sep	291	162	25	300	400	No
8806526281	Structural I-Beam ISMB 300 (Plant-Gujarat)	25-Sep	535	356	25	300	400	No
8806526281	Structural I-Beam ISMB 300 (Plant-Chennai)	25-Sep	757	894	24	300	400	Yes
8806526281	Structural I-Beam ISMB 300 (Plant-Bengaluru)	25-Sep	488	537	24	300	400	No
8806526281	Structural I-Beam ISMB 300 (Plant-Pune)	25-Oct	408	369	26	300	400	No
8806526281	Structural I-Beam ISMB 300 (Plant-Chakan)	25-Oct	521	294	28	300	400	No
8806526281	Structural I-Beam ISMB 300 (Plant-Talegaon)	25-Oct	652	373	27	300	400	No
8806526281	Structural I-Beam ISMB 300 (Plant-Nashik)	25-Oct	819	770	24	300	400	No
8806526281	Structural I-Beam ISMB 300 (Plant-Aurangabad)	25-Oct	605	587	27	300	400	No
8806526281	Structural I-Beam ISMB 300 (Plant-Nagpur)	25-Oct	377	453	23	300	400	Yes
8806526281	Structural I-Beam ISMB 300 (Plant-Mumbai)	25-Oct	406	343	27	300	400	No
8806526281	Structural I-Beam ISMB 300 (Plant-Gujarat)	25-Oct	1035	1041	25	300	400	No
8806526281	Structural I-Beam ISMB 300 (Plant-Chennai)	25-Oct	779	887	25	300	400	Yes
8806526281	Structural I-Beam ISMB 300 (Plant-Bengaluru)	25-Oct	1039	675	27	300	400	No
8806526281	Structural I-Beam ISMB 300 (Plant-Pune)	25-Nov	712	620	25	300	400	No
8806526281	Structural I-Beam ISMB 300 (Plant-Chakan)	25-Nov	777	568	27	300	400	No
8806526281	Structural I-Beam ISMB 300 (Plant-Talegaon)	25-Nov	496	283	28	300	400	No
8806526281	Structural I-Beam ISMB 300 (Plant-Nashik)	25-Nov	937	905	23	300	400	No
8806526281	Structural I-Beam ISMB 300 (Plant-Aurangabad)	25-Nov	681	719	26	300	400	No
8806526281	Structural I-Beam ISMB 300 (Plant-Nagpur)	25-Nov	959	1018	27	300	400	No
8806526281	Structural I-Beam ISMB 300 (Plant-Mumbai)	25-Nov	326	373	25	300	400	No
8806526281	Structural I-Beam ISMB 300 (Plant-Gujarat)	25-Nov	424	509	24	300	400	Yes
8806526281	Structural I-Beam ISMB 300 (Plant-Chennai)	25-Nov	981	1050	27	300	400	Yes
8806526281	Structural I-Beam ISMB 300 (Plant-Bengaluru)	25-Nov	382	395	27	300	400	No
8806526281	Structural I-Beam ISMB 300 (Plant-Pune)	25-Dec	575	553	28	300	400	No
8806526281	Structural I-Beam ISMB 300 (Plant-Chakan)	25-Dec	334	278	25	300	400	No
8806526281	Structural I-Beam ISMB 300 (Plant-Talegaon)	25-Dec	448	299	27	300	400	No
8806526281	Structural I-Beam ISMB 300 (Plant-Nashik)	25-Dec	943	521	27	300	400	No
8806526281	Structural I-Beam ISMB 300 (Plant-Aurangabad)	25-Dec	968	821	25	300	400	No
8806526281	Structural I-Beam ISMB 300 (Plant-Nagpur)	25-Dec	470	357	25	300	400	No
8806526281	Structural I-Beam ISMB 300 (Plant-Mumbai)	25-Dec	541	616	26	300	400	Yes
8806526281	Structural I-Beam ISMB 300 (Plant-Gujarat)	25-Dec	248	305	24	300	400	No
8806526281	Structural I-Beam ISMB 300 (Plant-Chennai)	25-Dec	527	358	26	300	400	No
8806526281	Structural I-Beam ISMB 300 (Plant-Bengaluru)	25-Dec	367	238	26	300	400	No
8806526281	Structural I-Beam ISMB 300 (Plant-Pune)	26-Jan	648	583	27	300	400	No
8806526281	Structural I-Beam ISMB 300 (Plant-Chakan)	26-Jan	268	319	24	300	400	No
8806526281	Structural I-Beam ISMB 300 (Plant-Talegaon)	26-Jan	928	659	28	300	400	No
8806526281	Structural I-Beam ISMB 300 (Plant-Nashik)	26-Jan	817	531	28	300	400	No
8806526281	Structural I-Beam ISMB 300 (Plant-Aurangabad)	26-Jan	403	395	25	300	400	No
8806526281	Structural I-Beam ISMB 300 (Plant-Nagpur)	26-Jan	742	505	26	300	400	No
8806526281	Structural I-Beam ISMB 300 (Plant-Mumbai)	26-Jan	655	622	23	300	400	No
8806526281	Structural I-Beam ISMB 300 (Plant-Gujarat)	26-Jan	599	568	23	300	400	No
8806526281	Structural I-Beam ISMB 300 (Plant-Chennai)	26-Jan	413	357	25	300	400	No
8806526281	Structural I-Beam ISMB 300 (Plant-Bengaluru)	26-Jan	942	816	23	300	400	No
8806526281	Structural I-Beam ISMB 300 (Plant-Pune)	26-Feb	437	532	23	300	400	Yes
8806526281	Structural I-Beam ISMB 300 (Plant-Chakan)	26-Feb	541	363	26	300	400	No
8806526281	Structural I-Beam ISMB 300 (Plant-Talegaon)	26-Feb	741	804	23	300	400	Yes
8806526281	Structural I-Beam ISMB 300 (Plant-Nashik)	26-Feb	909	472	23	300	400	No
8806526281	Structural I-Beam ISMB 300 (Plant-Aurangabad)	26-Feb	301	351	23	300	400	No
8806526281	Structural I-Beam ISMB 300 (Plant-Nagpur)	26-Feb	872	722	27	300	400	No
8806526281	Structural I-Beam ISMB 300 (Plant-Mumbai)	26-Feb	611	341	24	300	400	No
8806526281	Structural I-Beam ISMB 300 (Plant-Gujarat)	26-Feb	461	564	28	300	400	Yes
8806526281	Structural I-Beam ISMB 300 (Plant-Chennai)	26-Feb	1021	890	24	300	400	No
8806526281	Structural I-Beam ISMB 300 (Plant-Bengaluru)	26-Feb	305	351	28	300	400	No
8806526281	Structural I-Beam ISMB 300 (Plant-Pune)	26-Mar	313	364	27	300	400	No
8806526281	Structural I-Beam ISMB 300 (Plant-Chakan)	26-Mar	622	550	26	300	400	No
8806526281	Structural I-Beam ISMB 300 (Plant-Talegaon)	26-Mar	805	678	26	300	400	No
8806526281	Structural I-Beam ISMB 300 (Plant-Nashik)	26-Mar	986	684	27	300	400	No
8806526281	Structural I-Beam ISMB 300 (Plant-Aurangabad)	26-Mar	374	254	28	300	400	No
8806526281	Structural I-Beam ISMB 300 (Plant-Nagpur)	26-Mar	707	801	26	300	400	Yes
8806526281	Structural I-Beam ISMB 300 (Plant-Mumbai)	26-Mar	974	1055	25	300	400	Yes
8806526281	Structural I-Beam ISMB 300 (Plant-Gujarat)	26-Mar	701	718	25	300	400	No
8806526281	Structural I-Beam ISMB 300 (Plant-Chennai)	26-Mar	1027	1014	27	300	400	No
8806526281	Structural I-Beam ISMB 300 (Plant-Bengaluru)	26-Mar	737	878	27	300	400	Yes
8806526281	Structural I-Beam ISMB 300 (Plant-Pune)	26-Apr	771	947	27	300	400	Yes
8806526281	Structural I-Beam ISMB 300 (Plant-Chakan)	26-Apr	610	616	24	300	400	No
8806526281	Structural I-Beam ISMB 300 (Plant-Talegaon)	26-Apr	1044	1203	23	300	400	Yes
8806526281	Structural I-Beam ISMB 300 (Plant-Nashik)	26-Apr	557	484	24	300	400	No
8806526281	Structural I-Beam ISMB 300 (Plant-Aurangabad)	26-Apr	858	482	23	300	400	No
8806526281	Structural I-Beam ISMB 300 (Plant-Nagpur)	26-Apr	892	659	27	300	400	No
8806526281	Structural I-Beam ISMB 300 (Plant-Mumbai)	26-Apr	528	385	26	300	400	No
8806526281	Structural I-Beam ISMB 300 (Plant-Gujarat)	26-Apr	1026	1080	24	300	400	No
8806526281	Structural I-Beam ISMB 300 (Plant-Chennai)	26-Apr	286	256	25	300	400	No
8806526281	Structural I-Beam ISMB 300 (Plant-Bengaluru)	26-Apr	501	621	27	300	400	Yes
8806526281	Structural I-Beam ISMB 300 (Plant-Pune)	26-May	715	657	23	300	400	No
8806526281	Structural I-Beam ISMB 300 (Plant-Chakan)	26-May	720	526	27	300	400	No
8806526281	Structural I-Beam ISMB 300 (Plant-Talegaon)	26-May	403	331	28	300	400	No
8806526281	Structural I-Beam ISMB 300 (Plant-Nashik)	26-May	1004	981	26	300	400	No
8806526281	Structural I-Beam ISMB 300 (Plant-Aurangabad)	26-May	385	406	24	300	400	No
8806526281	Structural I-Beam ISMB 300 (Plant-Nagpur)	26-May	811	721	23	300	400	No
8806526281	Structural I-Beam ISMB 300 (Plant-Mumbai)	26-May	958	787	24	300	400	No
8806526281	Structural I-Beam ISMB 300 (Plant-Gujarat)	26-May	883	591	25	300	400	No
8806526281	Structural I-Beam ISMB 300 (Plant-Chennai)	26-May	734	530	27	300	400	No
8806526281	Structural I-Beam ISMB 300 (Plant-Bengaluru)	26-May	721	441	25	300	400	No
8806526281	Structural I-Beam ISMB 300 (Plant-Pune)	26-Jun	673	381	26	300	400	No
8806526281	Structural I-Beam ISMB 300 (Plant-Chakan)	26-Jun	1021	1193	28	300	400	Yes
8806526281	Structural I-Beam ISMB 300 (Plant-Talegaon)	26-Jun	1006	1012	24	300	400	No
8806526281	Structural I-Beam ISMB 300 (Plant-Nashik)	26-Jun	543	631	27	300	400	Yes
8806526281	Structural I-Beam ISMB 300 (Plant-Aurangabad)	26-Jun	496	614	24	300	400	Yes
8806526281	Structural I-Beam ISMB 300 (Plant-Nagpur)	26-Jun	677	486	25	300	400	No
8806526281	Structural I-Beam ISMB 300 (Plant-Mumbai)	26-Jun	271	140	26	300	400	No
8806526281	Structural I-Beam ISMB 300 (Plant-Gujarat)	26-Jun	484	300	23	300	400	No
8806526281	Structural I-Beam ISMB 300 (Plant-Chennai)	26-Jun	807	996	24	300	400	Yes
8806526281	Structural I-Beam ISMB 300 (Plant-Bengaluru)	26-Jun	564	570	27	300	400	No
8806526282	High Pressure Rubber Hose (Plant-Pune)	25-Jan	1761	1643	11	1500	18	No
8806526282	High Pressure Rubber Hose (Plant-Chakan)	25-Jan	2105	2119	14	1500	18	No
8806526282	High Pressure Rubber Hose (Plant-Talegaon)	25-Jan	3656	2168	12	1500	18	No
8806526282	High Pressure Rubber Hose (Plant-Nashik)	25-Jan	1466	1660	10	1500	18	No
8806526282	High Pressure Rubber Hose (Plant-Aurangabad)	25-Jan	2055	2283	15	1500	18	No
8806526282	High Pressure Rubber Hose (Plant-Nagpur)	25-Jan	3756	3679	13	1500	18	No
8806526282	High Pressure Rubber Hose (Plant-Mumbai)	25-Jan	2044	1689	11	1500	18	No
8806526282	High Pressure Rubber Hose (Plant-Gujarat)	25-Jan	2624	2936	11	1500	18	Yes
8806526282	High Pressure Rubber Hose (Plant-Chennai)	25-Jan	4837	6031	12	1500	18	Yes
8806526282	High Pressure Rubber Hose (Plant-Bengaluru)	25-Jan	3470	2690	10	1500	18	No
8806526282	High Pressure Rubber Hose (Plant-Pune)	25-Feb	4848	3845	15	1500	18	No
8806526282	High Pressure Rubber Hose (Plant-Chakan)	25-Feb	4813	4443	13	1500	18	No
8806526282	High Pressure Rubber Hose (Plant-Talegaon)	25-Feb	3537	3548	10	1500	18	No
8806526282	High Pressure Rubber Hose (Plant-Nashik)	25-Feb	4756	4625	15	1500	18	No
8806526282	High Pressure Rubber Hose (Plant-Aurangabad)	25-Feb	4999	3133	12	1500	18	No
8806526282	High Pressure Rubber Hose (Plant-Nagpur)	25-Feb	3269	2557	10	1500	18	No
8806526282	High Pressure Rubber Hose (Plant-Mumbai)	25-Feb	3812	2851	11	1500	18	No
8806526282	High Pressure Rubber Hose (Plant-Gujarat)	25-Feb	3747	4166	15	1500	18	Yes
8806526282	High Pressure Rubber Hose (Plant-Chennai)	25-Feb	1476	1705	13	1500	18	No
8806526282	High Pressure Rubber Hose (Plant-Bengaluru)	25-Feb	4860	3305	11	1500	18	No
8806526282	High Pressure Rubber Hose (Plant-Pune)	25-Mar	2928	2843	14	1500	18	No
8806526282	High Pressure Rubber Hose (Plant-Chakan)	25-Mar	2879	2084	12	1500	18	No
8806526282	High Pressure Rubber Hose (Plant-Talegaon)	25-Mar	2919	3582	15	1500	18	Yes
8806526282	High Pressure Rubber Hose (Plant-Nashik)	25-Mar	5049	5768	15	1500	18	Yes
8806526282	High Pressure Rubber Hose (Plant-Aurangabad)	25-Mar	4130	2239	11	1500	18	No
8806526282	High Pressure Rubber Hose (Plant-Nagpur)	25-Mar	4596	3963	15	1500	18	No
8806526282	High Pressure Rubber Hose (Plant-Mumbai)	25-Mar	1731	1900	12	1500	18	No
8806526282	High Pressure Rubber Hose (Plant-Gujarat)	25-Mar	3652	3726	12	1500	18	No
8806526282	High Pressure Rubber Hose (Plant-Chennai)	25-Mar	1815	2053	13	1500	18	No
8806526282	High Pressure Rubber Hose (Plant-Bengaluru)	25-Mar	1922	1361	10	1500	18	No
8806526282	High Pressure Rubber Hose (Plant-Pune)	25-Apr	4976	5546	10	1500	18	Yes
8806526282	High Pressure Rubber Hose (Plant-Chakan)	25-Apr	3337	1782	14	1500	18	No
8806526282	High Pressure Rubber Hose (Plant-Talegaon)	25-Apr	1823	2033	10	1500	18	No
8806526282	High Pressure Rubber Hose (Plant-Nashik)	25-Apr	2002	1018	14	1500	18	No
8806526282	High Pressure Rubber Hose (Plant-Aurangabad)	25-Apr	3678	3573	11	1500	18	No
8806526282	High Pressure Rubber Hose (Plant-Nagpur)	25-Apr	2291	2116	11	1500	18	No
8806526282	High Pressure Rubber Hose (Plant-Mumbai)	25-Apr	1746	1050	11	1500	18	No
8806526282	High Pressure Rubber Hose (Plant-Gujarat)	25-Apr	3341	4090	10	1500	18	Yes
8806526282	High Pressure Rubber Hose (Plant-Chennai)	25-Apr	4663	2573	11	1500	18	No
8806526282	High Pressure Rubber Hose (Plant-Bengaluru)	25-Apr	1434	780	12	1500	18	No
8806526282	High Pressure Rubber Hose (Plant-Pune)	25-May	3753	4444	14	1500	18	Yes
8806526282	High Pressure Rubber Hose (Plant-Chakan)	25-May	3021	2459	11	1500	18	No
8806526282	High Pressure Rubber Hose (Plant-Talegaon)	25-May	1441	1388	13	1500	18	No
8806526282	High Pressure Rubber Hose (Plant-Nashik)	25-May	3154	3198	12	1500	18	No
8806526282	High Pressure Rubber Hose (Plant-Aurangabad)	25-May	2375	1925	11	1500	18	No
8806526282	High Pressure Rubber Hose (Plant-Nagpur)	25-May	2715	2435	13	1500	18	No
8806526282	High Pressure Rubber Hose (Plant-Mumbai)	25-May	1449	1397	12	1500	18	No
8806526282	High Pressure Rubber Hose (Plant-Gujarat)	25-May	2571	1917	10	1500	18	No
8806526282	High Pressure Rubber Hose (Plant-Chennai)	25-May	2794	2119	13	1500	18	No
8806526282	High Pressure Rubber Hose (Plant-Bengaluru)	25-May	1832	1679	14	1500	18	No
8806526282	High Pressure Rubber Hose (Plant-Pune)	25-Jun	3862	3618	13	1500	18	No
8806526282	High Pressure Rubber Hose (Plant-Chakan)	25-Jun	3911	2540	12	1500	18	No
8806526282	High Pressure Rubber Hose (Plant-Talegaon)	25-Jun	4605	3956	14	1500	18	No
8806526282	High Pressure Rubber Hose (Plant-Nashik)	25-Jun	3287	4024	11	1500	18	Yes
8806526282	High Pressure Rubber Hose (Plant-Aurangabad)	25-Jun	3601	3823	14	1500	18	No
8806526282	High Pressure Rubber Hose (Plant-Nagpur)	25-Jun	4818	3295	15	1500	18	No
8806526282	High Pressure Rubber Hose (Plant-Mumbai)	25-Jun	4114	2075	13	1500	18	No
8806526282	High Pressure Rubber Hose (Plant-Gujarat)	25-Jun	1230	1258	13	1500	18	No
8806526282	High Pressure Rubber Hose (Plant-Chennai)	25-Jun	1359	1019	15	1500	18	No
8806526282	High Pressure Rubber Hose (Plant-Bengaluru)	25-Jun	1433	1424	10	1500	18	No
8806526282	High Pressure Rubber Hose (Plant-Pune)	25-Jul	2992	3344	10	1500	18	Yes
8806526282	High Pressure Rubber Hose (Plant-Chakan)	25-Jul	3373	3017	15	1500	18	No
8806526282	High Pressure Rubber Hose (Plant-Talegaon)	25-Jul	3825	3466	13	1500	18	No
8806526282	High Pressure Rubber Hose (Plant-Nashik)	25-Jul	1298	1353	11	1500	18	No
8806526282	High Pressure Rubber Hose (Plant-Aurangabad)	25-Jul	4825	2920	11	1500	18	No
8806526282	High Pressure Rubber Hose (Plant-Nagpur)	25-Jul	2382	2180	11	1500	18	No
8806526282	High Pressure Rubber Hose (Plant-Mumbai)	25-Jul	3830	3975	15	1500	18	No
8806526282	High Pressure Rubber Hose (Plant-Gujarat)	25-Jul	1771	1500	10	1500	18	No
8806526282	High Pressure Rubber Hose (Plant-Chennai)	25-Jul	4702	3174	11	1500	18	No
8806526282	High Pressure Rubber Hose (Plant-Bengaluru)	25-Jul	4312	2166	13	1500	18	No
8806526282	High Pressure Rubber Hose (Plant-Pune)	25-Aug	4080	2378	12	1500	18	No
8806526282	High Pressure Rubber Hose (Plant-Chakan)	25-Aug	2384	1450	10	1500	18	No
8806526282	High Pressure Rubber Hose (Plant-Talegaon)	25-Aug	1944	2012	14	1500	18	No
8806526282	High Pressure Rubber Hose (Plant-Nashik)	25-Aug	2786	3082	11	1500	18	No
8806526282	High Pressure Rubber Hose (Plant-Aurangabad)	25-Aug	2990	3258	15	1500	18	No
8806526282	High Pressure Rubber Hose (Plant-Nagpur)	25-Aug	4021	4576	12	1500	18	Yes
8806526282	High Pressure Rubber Hose (Plant-Mumbai)	25-Aug	3075	2079	13	1500	18	No
8806526282	High Pressure Rubber Hose (Plant-Gujarat)	25-Aug	2683	2390	10	1500	18	No
8806526282	High Pressure Rubber Hose (Plant-Chennai)	25-Aug	3593	3017	11	1500	18	No
8806526282	High Pressure Rubber Hose (Plant-Bengaluru)	25-Aug	3197	3537	10	1500	18	Yes
8806526282	High Pressure Rubber Hose (Plant-Pune)	25-Sep	4823	2657	13	1500	18	No
8806526282	High Pressure Rubber Hose (Plant-Chakan)	25-Sep	3563	2206	13	1500	18	No
8806526282	High Pressure Rubber Hose (Plant-Talegaon)	25-Sep	3358	1718	15	1500	18	No
8806526282	High Pressure Rubber Hose (Plant-Nashik)	25-Sep	4390	3239	11	1500	18	No
8806526282	High Pressure Rubber Hose (Plant-Aurangabad)	25-Sep	4951	3440	13	1500	18	No
8806526282	High Pressure Rubber Hose (Plant-Nagpur)	25-Sep	4204	5226	12	1500	18	Yes
8806526282	High Pressure Rubber Hose (Plant-Mumbai)	25-Sep	3461	4215	12	1500	18	Yes
8806526282	High Pressure Rubber Hose (Plant-Gujarat)	25-Sep	2654	2115	10	1500	18	No
8806526282	High Pressure Rubber Hose (Plant-Chennai)	25-Sep	3197	3442	15	1500	18	No
8806526282	High Pressure Rubber Hose (Plant-Bengaluru)	25-Sep	4960	2776	11	1500	18	No
8806526282	High Pressure Rubber Hose (Plant-Pune)	25-Oct	2338	1710	11	1500	18	No
8806526282	High Pressure Rubber Hose (Plant-Chakan)	25-Oct	5114	2956	10	1500	18	No
8806526282	High Pressure Rubber Hose (Plant-Talegaon)	25-Oct	1851	1726	12	1500	18	No
8806526282	High Pressure Rubber Hose (Plant-Nashik)	25-Oct	1656	920	14	1500	18	No
8806526282	High Pressure Rubber Hose (Plant-Aurangabad)	25-Oct	4100	4311	15	1500	18	No
8806526282	High Pressure Rubber Hose (Plant-Nagpur)	25-Oct	2304	2568	15	1500	18	No
8806526282	High Pressure Rubber Hose (Plant-Mumbai)	25-Oct	2761	3441	14	1500	18	Yes
8806526282	High Pressure Rubber Hose (Plant-Gujarat)	25-Oct	3927	3301	13	1500	18	No
8806526282	High Pressure Rubber Hose (Plant-Chennai)	25-Oct	4934	3193	14	1500	18	No
8806526282	High Pressure Rubber Hose (Plant-Bengaluru)	25-Oct	3426	2282	12	1500	18	No
8806526282	High Pressure Rubber Hose (Plant-Pune)	25-Nov	2613	2652	15	1500	18	No
8806526282	High Pressure Rubber Hose (Plant-Chakan)	25-Nov	2018	1509	11	1500	18	No
8806526282	High Pressure Rubber Hose (Plant-Talegaon)	25-Nov	4886	3989	14	1500	18	No
8806526282	High Pressure Rubber Hose (Plant-Nashik)	25-Nov	4604	4552	12	1500	18	No
8806526282	High Pressure Rubber Hose (Plant-Aurangabad)	25-Nov	1356	1029	14	1500	18	No
8806526282	High Pressure Rubber Hose (Plant-Nagpur)	25-Nov	3441	2774	15	1500	18	No
8806526282	High Pressure Rubber Hose (Plant-Mumbai)	25-Nov	2172	1712	15	1500	18	No
8806526282	High Pressure Rubber Hose (Plant-Gujarat)	25-Nov	1417	1275	13	1500	18	No
8806526282	High Pressure Rubber Hose (Plant-Chennai)	25-Nov	1203	1155	11	1500	18	No
8806526282	High Pressure Rubber Hose (Plant-Bengaluru)	25-Nov	2399	2082	10	1500	18	No
8806526282	High Pressure Rubber Hose (Plant-Pune)	25-Dec	3086	2978	13	1500	18	No
8806526282	High Pressure Rubber Hose (Plant-Chakan)	25-Dec	3035	3611	11	1500	18	Yes
8806526282	High Pressure Rubber Hose (Plant-Talegaon)	25-Dec	1697	941	12	1500	18	No
8806526282	High Pressure Rubber Hose (Plant-Nashik)	25-Dec	1804	1711	13	1500	18	No
8806526282	High Pressure Rubber Hose (Plant-Aurangabad)	25-Dec	2407	2782	12	1500	18	Yes
8806526282	High Pressure Rubber Hose (Plant-Nagpur)	25-Dec	3962	2833	13	1500	18	No
8806526282	High Pressure Rubber Hose (Plant-Mumbai)	25-Dec	2974	2110	11	1500	18	No
8806526282	High Pressure Rubber Hose (Plant-Gujarat)	25-Dec	1314	719	14	1500	18	No
8806526282	High Pressure Rubber Hose (Plant-Chennai)	25-Dec	2079	2449	11	1500	18	Yes
8806526282	High Pressure Rubber Hose (Plant-Bengaluru)	25-Dec	3146	2820	14	1500	18	No
8806526282	High Pressure Rubber Hose (Plant-Pune)	26-Jan	2316	2038	15	1500	18	No
8806526282	High Pressure Rubber Hose (Plant-Chakan)	26-Jan	1473	813	15	1500	18	No
8806526282	High Pressure Rubber Hose (Plant-Talegaon)	26-Jan	4076	4534	13	1500	18	Yes
8806526282	High Pressure Rubber Hose (Plant-Nashik)	26-Jan	1472	739	10	1500	18	No
8806526282	High Pressure Rubber Hose (Plant-Aurangabad)	26-Jan	4972	3011	12	1500	18	No
8806526282	High Pressure Rubber Hose (Plant-Nagpur)	26-Jan	5196	6285	10	1500	18	Yes
8806526282	High Pressure Rubber Hose (Plant-Mumbai)	26-Jan	4346	5235	15	1500	18	Yes
8806526282	High Pressure Rubber Hose (Plant-Gujarat)	26-Jan	4717	2928	13	1500	18	No
8806526282	High Pressure Rubber Hose (Plant-Chennai)	26-Jan	4559	2587	11	1500	18	No
8806526282	High Pressure Rubber Hose (Plant-Bengaluru)	26-Jan	3894	2678	11	1500	18	No
8806526282	High Pressure Rubber Hose (Plant-Pune)	26-Feb	3839	3645	13	1500	18	No
8806526282	High Pressure Rubber Hose (Plant-Chakan)	26-Feb	5244	3400	12	1500	18	No
8806526282	High Pressure Rubber Hose (Plant-Talegaon)	26-Feb	1389	736	10	1500	18	No
8806526282	High Pressure Rubber Hose (Plant-Nashik)	26-Feb	1914	1841	10	1500	18	No
8806526282	High Pressure Rubber Hose (Plant-Aurangabad)	26-Feb	4427	4211	12	1500	18	No
8806526282	High Pressure Rubber Hose (Plant-Nagpur)	26-Feb	3316	3467	10	1500	18	No
8806526282	High Pressure Rubber Hose (Plant-Mumbai)	26-Feb	5232	5044	13	1500	18	No
8806526282	High Pressure Rubber Hose (Plant-Gujarat)	26-Feb	1769	1023	13	1500	18	No
8806526282	High Pressure Rubber Hose (Plant-Chennai)	26-Feb	4009	2750	12	1500	18	No
8806526282	High Pressure Rubber Hose (Plant-Bengaluru)	26-Feb	4381	2893	11	1500	18	No
8806526282	High Pressure Rubber Hose (Plant-Pune)	26-Mar	3311	2993	15	1500	18	No
8806526282	High Pressure Rubber Hose (Plant-Chakan)	26-Mar	4473	4904	14	1500	18	Yes
8806526282	High Pressure Rubber Hose (Plant-Talegaon)	26-Mar	1904	1370	13	1500	18	No
8806526282	High Pressure Rubber Hose (Plant-Nashik)	26-Mar	4089	4680	12	1500	18	Yes
8806526282	High Pressure Rubber Hose (Plant-Aurangabad)	26-Mar	5206	5028	11	1500	18	No
8806526282	High Pressure Rubber Hose (Plant-Nagpur)	26-Mar	4959	5519	13	1500	18	Yes
8806526282	High Pressure Rubber Hose (Plant-Mumbai)	26-Mar	2587	2182	11	1500	18	No
8806526282	High Pressure Rubber Hose (Plant-Gujarat)	26-Mar	4220	3200	10	1500	18	No
8806526282	High Pressure Rubber Hose (Plant-Chennai)	26-Mar	5172	3294	12	1500	18	No
8806526282	High Pressure Rubber Hose (Plant-Bengaluru)	26-Mar	1237	1541	12	1500	18	Yes
8806526282	High Pressure Rubber Hose (Plant-Pune)	26-Apr	3215	2121	13	1500	18	No
8806526282	High Pressure Rubber Hose (Plant-Chakan)	26-Apr	2155	1749	10	1500	18	No
8806526282	High Pressure Rubber Hose (Plant-Talegaon)	26-Apr	5208	3456	13	1500	18	No
8806526282	High Pressure Rubber Hose (Plant-Nashik)	26-Apr	3934	3641	14	1500	18	No
8806526282	High Pressure Rubber Hose (Plant-Aurangabad)	26-Apr	1794	1840	12	1500	18	No
8806526282	High Pressure Rubber Hose (Plant-Nagpur)	26-Apr	2558	1846	10	1500	18	No
8806526282	High Pressure Rubber Hose (Plant-Mumbai)	26-Apr	2831	3091	13	1500	18	No
8806526282	High Pressure Rubber Hose (Plant-Gujarat)	26-Apr	2820	2581	14	1500	18	No
8806526282	High Pressure Rubber Hose (Plant-Chennai)	26-Apr	3988	3591	13	1500	18	No
8806526282	High Pressure Rubber Hose (Plant-Bengaluru)	26-Apr	3603	2616	13	1500	18	No
8806526282	High Pressure Rubber Hose (Plant-Pune)	26-May	2286	1583	13	1500	18	No
8806526282	High Pressure Rubber Hose (Plant-Chakan)	26-May	3473	4255	15	1500	18	Yes
8806526282	High Pressure Rubber Hose (Plant-Talegaon)	26-May	1747	2087	13	1500	18	Yes
8806526282	High Pressure Rubber Hose (Plant-Nashik)	26-May	3441	3724	13	1500	18	No
8806526282	High Pressure Rubber Hose (Plant-Aurangabad)	26-May	2455	2850	15	1500	18	Yes
8806526282	High Pressure Rubber Hose (Plant-Nagpur)	26-May	2713	1631	14	1500	18	No
8806526282	High Pressure Rubber Hose (Plant-Mumbai)	26-May	4284	2867	14	1500	18	No
8806526282	High Pressure Rubber Hose (Plant-Gujarat)	26-May	4493	2655	14	1500	18	No
8806526282	High Pressure Rubber Hose (Plant-Chennai)	26-May	2229	2536	10	1500	18	Yes
8806526282	High Pressure Rubber Hose (Plant-Bengaluru)	26-May	4956	5926	13	1500	18	Yes
8806526282	High Pressure Rubber Hose (Plant-Pune)	26-Jun	3241	3307	14	1500	18	No
8806526282	High Pressure Rubber Hose (Plant-Chakan)	26-Jun	1278	680	14	1500	18	No
8806526282	High Pressure Rubber Hose (Plant-Talegaon)	26-Jun	4341	3497	13	1500	18	No
8806526282	High Pressure Rubber Hose (Plant-Nashik)	26-Jun	3703	3779	15	1500	18	No
8806526282	High Pressure Rubber Hose (Plant-Aurangabad)	26-Jun	2002	1263	14	1500	18	No
8806526282	High Pressure Rubber Hose (Plant-Nagpur)	26-Jun	3436	4152	15	1500	18	Yes
8806526282	High Pressure Rubber Hose (Plant-Mumbai)	26-Jun	4732	3440	10	1500	18	No
8806526282	High Pressure Rubber Hose (Plant-Gujarat)	26-Jun	5102	3446	14	1500	18	No
8806526282	High Pressure Rubber Hose (Plant-Chennai)	26-Jun	1789	964	15	1500	18	No
8806526282	High Pressure Rubber Hose (Plant-Bengaluru)	26-Jun	4397	5290	13	1500	18	Yes
8806526283	Pneumatic Cylinder 50mm (Plant-Pune)	25-Jan	301	289	22	350	90	No
8806526283	Pneumatic Cylinder 50mm (Plant-Chakan)	25-Jan	577	295	20	350	90	No
8806526283	Pneumatic Cylinder 50mm (Plant-Talegaon)	25-Jan	459	303	21	350	90	No
8806526283	Pneumatic Cylinder 50mm (Plant-Nashik)	25-Jan	1140	748	20	350	90	No
8806526283	Pneumatic Cylinder 50mm (Plant-Aurangabad)	25-Jan	1061	988	23	350	90	No
8806526283	Pneumatic Cylinder 50mm (Plant-Nagpur)	25-Jan	1108	899	21	350	90	No
8806526283	Pneumatic Cylinder 50mm (Plant-Mumbai)	25-Jan	677	371	19	350	90	No
8806526283	Pneumatic Cylinder 50mm (Plant-Gujarat)	25-Jan	781	427	18	350	90	No
8806526283	Pneumatic Cylinder 50mm (Plant-Chennai)	25-Jan	412	472	20	350	90	No
8806526283	Pneumatic Cylinder 50mm (Plant-Bengaluru)	25-Jan	630	557	19	350	90	No
8806526283	Pneumatic Cylinder 50mm (Plant-Pune)	25-Feb	486	377	18	350	90	No
8806526283	Pneumatic Cylinder 50mm (Plant-Chakan)	25-Feb	1116	1068	18	350	90	No
8806526283	Pneumatic Cylinder 50mm (Plant-Talegaon)	25-Feb	604	752	19	350	90	Yes
8806526283	Pneumatic Cylinder 50mm (Plant-Nashik)	25-Feb	643	390	22	350	90	No
8806526283	Pneumatic Cylinder 50mm (Plant-Aurangabad)	25-Feb	1113	1196	20	350	90	Yes
8806526283	Pneumatic Cylinder 50mm (Plant-Nagpur)	25-Feb	952	862	20	350	90	No
8806526283	Pneumatic Cylinder 50mm (Plant-Mumbai)	25-Feb	955	550	21	350	90	No
8806526283	Pneumatic Cylinder 50mm (Plant-Gujarat)	25-Feb	1026	896	18	350	90	No
8806526283	Pneumatic Cylinder 50mm (Plant-Chennai)	25-Feb	800	736	18	350	90	No
8806526283	Pneumatic Cylinder 50mm (Plant-Bengaluru)	25-Feb	1220	1423	23	350	90	Yes
8806526283	Pneumatic Cylinder 50mm (Plant-Pune)	25-Mar	478	424	22	350	90	No
8806526283	Pneumatic Cylinder 50mm (Plant-Chakan)	25-Mar	1037	654	22	350	90	No
8806526283	Pneumatic Cylinder 50mm (Plant-Talegaon)	25-Mar	800	721	18	350	90	No
8806526283	Pneumatic Cylinder 50mm (Plant-Nashik)	25-Mar	852	696	22	350	90	No
8806526283	Pneumatic Cylinder 50mm (Plant-Aurangabad)	25-Mar	1093	964	20	350	90	No
8806526283	Pneumatic Cylinder 50mm (Plant-Nagpur)	25-Mar	608	612	19	350	90	No
8806526283	Pneumatic Cylinder 50mm (Plant-Mumbai)	25-Mar	293	273	19	350	90	No
8806526283	Pneumatic Cylinder 50mm (Plant-Gujarat)	25-Mar	1163	991	21	350	90	No
8806526283	Pneumatic Cylinder 50mm (Plant-Chennai)	25-Mar	777	510	19	350	90	No
8806526283	Pneumatic Cylinder 50mm (Plant-Bengaluru)	25-Mar	1021	1001	23	350	90	No
8806526283	Pneumatic Cylinder 50mm (Plant-Pune)	25-Apr	472	455	21	350	90	No
8806526283	Pneumatic Cylinder 50mm (Plant-Chakan)	25-Apr	1129	1277	20	350	90	Yes
8806526283	Pneumatic Cylinder 50mm (Plant-Talegaon)	25-Apr	998	965	21	350	90	No
8806526283	Pneumatic Cylinder 50mm (Plant-Nashik)	25-Apr	1107	1043	19	350	90	No
8806526283	Pneumatic Cylinder 50mm (Plant-Aurangabad)	25-Apr	993	980	20	350	90	No
8806526283	Pneumatic Cylinder 50mm (Plant-Nagpur)	25-Apr	896	463	22	350	90	No
8806526283	Pneumatic Cylinder 50mm (Plant-Mumbai)	25-Apr	304	328	19	350	90	No
8806526283	Pneumatic Cylinder 50mm (Plant-Gujarat)	25-Apr	808	525	19	350	90	No
8806526283	Pneumatic Cylinder 50mm (Plant-Chennai)	25-Apr	362	436	19	350	90	Yes
8806526283	Pneumatic Cylinder 50mm (Plant-Bengaluru)	25-Apr	504	270	19	350	90	No
8806526283	Pneumatic Cylinder 50mm (Plant-Pune)	25-May	972	689	18	350	90	No
8806526283	Pneumatic Cylinder 50mm (Plant-Chakan)	25-May	1117	1191	19	350	90	Yes
8806526283	Pneumatic Cylinder 50mm (Plant-Talegaon)	25-May	733	744	19	350	90	No
8806526283	Pneumatic Cylinder 50mm (Plant-Nashik)	25-May	1095	1273	19	350	90	Yes
8806526283	Pneumatic Cylinder 50mm (Plant-Aurangabad)	25-May	360	444	21	350	90	Yes
8806526283	Pneumatic Cylinder 50mm (Plant-Nagpur)	25-May	620	375	22	350	90	No
8806526283	Pneumatic Cylinder 50mm (Plant-Mumbai)	25-May	1215	755	22	350	90	No
8806526283	Pneumatic Cylinder 50mm (Plant-Gujarat)	25-May	442	343	23	350	90	No
8806526283	Pneumatic Cylinder 50mm (Plant-Chennai)	25-May	477	543	22	350	90	No
8806526283	Pneumatic Cylinder 50mm (Plant-Bengaluru)	25-May	966	485	23	350	90	No
8806526283	Pneumatic Cylinder 50mm (Plant-Pune)	25-Jun	422	409	22	350	90	No
8806526283	Pneumatic Cylinder 50mm (Plant-Chakan)	25-Jun	683	381	23	350	90	No
8806526283	Pneumatic Cylinder 50mm (Plant-Talegaon)	25-Jun	1072	829	23	350	90	No
8806526283	Pneumatic Cylinder 50mm (Plant-Nashik)	25-Jun	369	208	21	350	90	No
8806526283	Pneumatic Cylinder 50mm (Plant-Aurangabad)	25-Jun	889	1090	20	350	90	Yes
8806526283	Pneumatic Cylinder 50mm (Plant-Nagpur)	25-Jun	448	513	23	350	90	No
8806526283	Pneumatic Cylinder 50mm (Plant-Mumbai)	25-Jun	933	511	20	350	90	No
8806526283	Pneumatic Cylinder 50mm (Plant-Gujarat)	25-Jun	397	442	22	350	90	No
8806526283	Pneumatic Cylinder 50mm (Plant-Chennai)	25-Jun	604	454	21	350	90	No
8806526283	Pneumatic Cylinder 50mm (Plant-Bengaluru)	25-Jun	982	565	20	350	90	No
8806526283	Pneumatic Cylinder 50mm (Plant-Pune)	25-Jul	371	267	19	350	90	No
8806526283	Pneumatic Cylinder 50mm (Plant-Chakan)	25-Jul	498	463	21	350	90	No
8806526283	Pneumatic Cylinder 50mm (Plant-Talegaon)	25-Jul	535	502	21	350	90	No
8806526283	Pneumatic Cylinder 50mm (Plant-Nashik)	25-Jul	1042	1280	19	350	90	Yes
8806526283	Pneumatic Cylinder 50mm (Plant-Aurangabad)	25-Jul	904	816	19	350	90	No
8806526283	Pneumatic Cylinder 50mm (Plant-Nagpur)	25-Jul	295	232	23	350	90	No
8806526283	Pneumatic Cylinder 50mm (Plant-Mumbai)	25-Jul	890	874	22	350	90	No
8806526283	Pneumatic Cylinder 50mm (Plant-Gujarat)	25-Jul	939	728	20	350	90	No
8806526283	Pneumatic Cylinder 50mm (Plant-Chennai)	25-Jul	665	651	18	350	90	No
8806526283	Pneumatic Cylinder 50mm (Plant-Bengaluru)	25-Jul	749	507	23	350	90	No
8806526283	Pneumatic Cylinder 50mm (Plant-Pune)	25-Aug	329	351	23	350	90	No
8806526283	Pneumatic Cylinder 50mm (Plant-Chakan)	25-Aug	408	280	18	350	90	No
8806526283	Pneumatic Cylinder 50mm (Plant-Talegaon)	25-Aug	1130	946	22	350	90	No
8806526283	Pneumatic Cylinder 50mm (Plant-Nashik)	25-Aug	674	423	21	350	90	No
8806526283	Pneumatic Cylinder 50mm (Plant-Aurangabad)	25-Aug	1131	671	23	350	90	No
8806526283	Pneumatic Cylinder 50mm (Plant-Nagpur)	25-Aug	506	540	19	350	90	No
8806526283	Pneumatic Cylinder 50mm (Plant-Mumbai)	25-Aug	782	535	22	350	90	No
8806526283	Pneumatic Cylinder 50mm (Plant-Gujarat)	25-Aug	500	588	18	350	90	Yes
8806526283	Pneumatic Cylinder 50mm (Plant-Chennai)	25-Aug	1191	984	23	350	90	No
8806526283	Pneumatic Cylinder 50mm (Plant-Bengaluru)	25-Aug	963	869	19	350	90	No
8806526283	Pneumatic Cylinder 50mm (Plant-Pune)	25-Sep	1165	624	21	350	90	No
8806526283	Pneumatic Cylinder 50mm (Plant-Chakan)	25-Sep	375	279	20	350	90	No
8806526283	Pneumatic Cylinder 50mm (Plant-Talegaon)	25-Sep	492	267	23	350	90	No
8806526283	Pneumatic Cylinder 50mm (Plant-Nashik)	25-Sep	785	431	22	350	90	No
8806526283	Pneumatic Cylinder 50mm (Plant-Aurangabad)	25-Sep	534	379	19	350	90	No
8806526283	Pneumatic Cylinder 50mm (Plant-Nagpur)	25-Sep	345	248	21	350	90	No
8806526283	Pneumatic Cylinder 50mm (Plant-Mumbai)	25-Sep	849	1053	19	350	90	Yes
8806526283	Pneumatic Cylinder 50mm (Plant-Gujarat)	25-Sep	1199	1444	19	350	90	Yes
8806526283	Pneumatic Cylinder 50mm (Plant-Chennai)	25-Sep	633	430	22	350	90	No
8806526283	Pneumatic Cylinder 50mm (Plant-Bengaluru)	25-Sep	981	1013	23	350	90	No
8806526283	Pneumatic Cylinder 50mm (Plant-Pune)	25-Oct	507	618	22	350	90	Yes
8806526283	Pneumatic Cylinder 50mm (Plant-Chakan)	25-Oct	621	380	21	350	90	No
8806526283	Pneumatic Cylinder 50mm (Plant-Talegaon)	25-Oct	925	710	20	350	90	No
8806526283	Pneumatic Cylinder 50mm (Plant-Nashik)	25-Oct	659	765	18	350	90	Yes
8806526283	Pneumatic Cylinder 50mm (Plant-Aurangabad)	25-Oct	468	329	18	350	90	No
8806526283	Pneumatic Cylinder 50mm (Plant-Nagpur)	25-Oct	964	811	20	350	90	No
8806526283	Pneumatic Cylinder 50mm (Plant-Mumbai)	25-Oct	355	358	20	350	90	No
8806526283	Pneumatic Cylinder 50mm (Plant-Gujarat)	25-Oct	539	566	22	350	90	No
8806526283	Pneumatic Cylinder 50mm (Plant-Chennai)	25-Oct	698	677	21	350	90	No
8806526283	Pneumatic Cylinder 50mm (Plant-Bengaluru)	25-Oct	397	486	22	350	90	Yes
8806526283	Pneumatic Cylinder 50mm (Plant-Pune)	25-Nov	380	384	23	350	90	No
8806526283	Pneumatic Cylinder 50mm (Plant-Chakan)	25-Nov	732	409	22	350	90	No
8806526283	Pneumatic Cylinder 50mm (Plant-Talegaon)	25-Nov	830	532	20	350	90	No
8806526283	Pneumatic Cylinder 50mm (Plant-Nashik)	25-Nov	977	540	19	350	90	No
8806526283	Pneumatic Cylinder 50mm (Plant-Aurangabad)	25-Nov	976	1155	19	350	90	Yes
8806526283	Pneumatic Cylinder 50mm (Plant-Nagpur)	25-Nov	604	402	18	350	90	No
8806526283	Pneumatic Cylinder 50mm (Plant-Mumbai)	25-Nov	565	665	23	350	90	Yes
8806526283	Pneumatic Cylinder 50mm (Plant-Gujarat)	25-Nov	490	425	21	350	90	No
8806526283	Pneumatic Cylinder 50mm (Plant-Chennai)	25-Nov	1142	594	23	350	90	No
8806526283	Pneumatic Cylinder 50mm (Plant-Bengaluru)	25-Nov	415	237	23	350	90	No
8806526283	Pneumatic Cylinder 50mm (Plant-Pune)	25-Dec	1032	609	23	350	90	No
8806526283	Pneumatic Cylinder 50mm (Plant-Chakan)	25-Dec	907	924	23	350	90	No
8806526283	Pneumatic Cylinder 50mm (Plant-Talegaon)	25-Dec	458	393	22	350	90	No
8806526283	Pneumatic Cylinder 50mm (Plant-Nashik)	25-Dec	882	605	22	350	90	No
8806526283	Pneumatic Cylinder 50mm (Plant-Aurangabad)	25-Dec	1212	1404	21	350	90	Yes
8806526283	Pneumatic Cylinder 50mm (Plant-Nagpur)	25-Dec	527	351	22	350	90	No
8806526283	Pneumatic Cylinder 50mm (Plant-Mumbai)	25-Dec	1146	765	21	350	90	No
8806526283	Pneumatic Cylinder 50mm (Plant-Gujarat)	25-Dec	888	687	19	350	90	No
8806526283	Pneumatic Cylinder 50mm (Plant-Chennai)	25-Dec	1029	1141	22	350	90	Yes
8806526283	Pneumatic Cylinder 50mm (Plant-Bengaluru)	25-Dec	1062	962	18	350	90	No
8806526283	Pneumatic Cylinder 50mm (Plant-Pune)	26-Jan	1130	1246	22	350	90	Yes
8806526283	Pneumatic Cylinder 50mm (Plant-Chakan)	26-Jan	336	399	20	350	90	No
8806526283	Pneumatic Cylinder 50mm (Plant-Talegaon)	26-Jan	1093	909	18	350	90	No
8806526283	Pneumatic Cylinder 50mm (Plant-Nashik)	26-Jan	487	247	22	350	90	No
8806526283	Pneumatic Cylinder 50mm (Plant-Aurangabad)	26-Jan	1125	836	18	350	90	No
8806526283	Pneumatic Cylinder 50mm (Plant-Nagpur)	26-Jan	777	523	23	350	90	No
8806526283	Pneumatic Cylinder 50mm (Plant-Mumbai)	26-Jan	854	721	23	350	90	No
8806526283	Pneumatic Cylinder 50mm (Plant-Gujarat)	26-Jan	635	590	18	350	90	No
8806526283	Pneumatic Cylinder 50mm (Plant-Chennai)	26-Jan	704	469	21	350	90	No
8806526283	Pneumatic Cylinder 50mm (Plant-Bengaluru)	26-Jan	815	877	20	350	90	No
8806526283	Pneumatic Cylinder 50mm (Plant-Pune)	26-Feb	554	559	23	350	90	No
8806526283	Pneumatic Cylinder 50mm (Plant-Chakan)	26-Feb	1168	818	20	350	90	No
8806526283	Pneumatic Cylinder 50mm (Plant-Talegaon)	26-Feb	801	956	20	350	90	Yes
8806526283	Pneumatic Cylinder 50mm (Plant-Nashik)	26-Feb	804	512	22	350	90	No
8806526283	Pneumatic Cylinder 50mm (Plant-Aurangabad)	26-Feb	669	801	21	350	90	Yes
8806526283	Pneumatic Cylinder 50mm (Plant-Nagpur)	26-Feb	1103	555	19	350	90	No
8806526283	Pneumatic Cylinder 50mm (Plant-Mumbai)	26-Feb	525	574	23	350	90	No
8806526283	Pneumatic Cylinder 50mm (Plant-Gujarat)	26-Feb	935	818	20	350	90	No
8806526283	Pneumatic Cylinder 50mm (Plant-Chennai)	26-Feb	440	526	21	350	90	Yes
8806526283	Pneumatic Cylinder 50mm (Plant-Bengaluru)	26-Feb	560	679	22	350	90	Yes
8806526283	Pneumatic Cylinder 50mm (Plant-Pune)	26-Mar	1177	1348	23	350	90	Yes
8806526283	Pneumatic Cylinder 50mm (Plant-Chakan)	26-Mar	785	632	19	350	90	No
8806526283	Pneumatic Cylinder 50mm (Plant-Talegaon)	26-Mar	1031	922	23	350	90	No
8806526283	Pneumatic Cylinder 50mm (Plant-Nashik)	26-Mar	524	463	23	350	90	No
8806526283	Pneumatic Cylinder 50mm (Plant-Aurangabad)	26-Mar	789	727	19	350	90	No
8806526283	Pneumatic Cylinder 50mm (Plant-Nagpur)	26-Mar	481	446	21	350	90	No
8806526283	Pneumatic Cylinder 50mm (Plant-Mumbai)	26-Mar	1158	1129	18	350	90	No
8806526283	Pneumatic Cylinder 50mm (Plant-Gujarat)	26-Mar	675	695	22	350	90	No
8806526283	Pneumatic Cylinder 50mm (Plant-Chennai)	26-Mar	895	820	19	350	90	No
8806526283	Pneumatic Cylinder 50mm (Plant-Bengaluru)	26-Mar	489	398	19	350	90	No
8806526283	Pneumatic Cylinder 50mm (Plant-Pune)	26-Apr	360	263	19	350	90	No
8806526283	Pneumatic Cylinder 50mm (Plant-Chakan)	26-Apr	1178	917	20	350	90	No
8806526283	Pneumatic Cylinder 50mm (Plant-Talegaon)	26-Apr	338	206	18	350	90	No
8806526283	Pneumatic Cylinder 50mm (Plant-Nashik)	26-Apr	945	1131	22	350	90	Yes
8806526283	Pneumatic Cylinder 50mm (Plant-Aurangabad)	26-Apr	711	358	21	350	90	No
8806526283	Pneumatic Cylinder 50mm (Plant-Nagpur)	26-Apr	627	602	21	350	90	No
8806526283	Pneumatic Cylinder 50mm (Plant-Mumbai)	26-Apr	647	750	18	350	90	Yes
8806526283	Pneumatic Cylinder 50mm (Plant-Gujarat)	26-Apr	882	752	19	350	90	No
8806526283	Pneumatic Cylinder 50mm (Plant-Chennai)	26-Apr	316	312	20	350	90	No
8806526283	Pneumatic Cylinder 50mm (Plant-Bengaluru)	26-Apr	857	730	22	350	90	No
8806526283	Pneumatic Cylinder 50mm (Plant-Pune)	26-May	1111	986	20	350	90	No
8806526283	Pneumatic Cylinder 50mm (Plant-Chakan)	26-May	342	236	18	350	90	No
8806526283	Pneumatic Cylinder 50mm (Plant-Talegaon)	26-May	623	593	19	350	90	No
8806526283	Pneumatic Cylinder 50mm (Plant-Nashik)	26-May	521	265	21	350	90	No
8806526283	Pneumatic Cylinder 50mm (Plant-Aurangabad)	26-May	910	625	23	350	90	No
8806526283	Pneumatic Cylinder 50mm (Plant-Nagpur)	26-May	352	320	19	350	90	No
8806526283	Pneumatic Cylinder 50mm (Plant-Mumbai)	26-May	393	368	21	350	90	No
8806526283	Pneumatic Cylinder 50mm (Plant-Gujarat)	26-May	1181	1043	20	350	90	No
8806526283	Pneumatic Cylinder 50mm (Plant-Chennai)	26-May	747	549	23	350	90	No
8806526283	Pneumatic Cylinder 50mm (Plant-Bengaluru)	26-May	772	645	19	350	90	No
8806526283	Pneumatic Cylinder 50mm (Plant-Pune)	26-Jun	946	1112	20	350	90	Yes
8806526283	Pneumatic Cylinder 50mm (Plant-Chakan)	26-Jun	528	347	19	350	90	No
8806526283	Pneumatic Cylinder 50mm (Plant-Talegaon)	26-Jun	706	420	23	350	90	No
8806526283	Pneumatic Cylinder 50mm (Plant-Nashik)	26-Jun	759	822	20	350	90	No
8806526283	Pneumatic Cylinder 50mm (Plant-Aurangabad)	26-Jun	350	405	23	350	90	No
8806526283	Pneumatic Cylinder 50mm (Plant-Nagpur)	26-Jun	1099	964	18	350	90	No
8806526283	Pneumatic Cylinder 50mm (Plant-Mumbai)	26-Jun	625	641	22	350	90	No
8806526283	Pneumatic Cylinder 50mm (Plant-Gujarat)	26-Jun	407	289	18	350	90	No
8806526283	Pneumatic Cylinder 50mm (Plant-Chennai)	26-Jun	710	881	19	350	90	Yes
8806526283	Pneumatic Cylinder 50mm (Plant-Bengaluru)	26-Jun	295	310	23	350	90	No
8806526284	Flange Class 150 ANSI (Plant-Pune)	25-Jan	1887	984	13	1100	35	No
8806526284	Flange Class 150 ANSI (Plant-Chakan)	25-Jan	2921	2932	14	1100	35	No
8806526284	Flange Class 150 ANSI (Plant-Talegaon)	25-Jan	3670	3245	13	1100	35	No
8806526284	Flange Class 150 ANSI (Plant-Nashik)	25-Jan	3355	2167	18	1100	35	No
8806526284	Flange Class 150 ANSI (Plant-Aurangabad)	25-Jan	2232	2409	14	1100	35	No
8806526284	Flange Class 150 ANSI (Plant-Nagpur)	25-Jan	1168	1078	17	1100	35	No
8806526284	Flange Class 150 ANSI (Plant-Mumbai)	25-Jan	3439	3027	15	1100	35	No
8806526284	Flange Class 150 ANSI (Plant-Gujarat)	25-Jan	3640	3549	17	1100	35	No
8806526284	Flange Class 150 ANSI (Plant-Chennai)	25-Jan	1350	1231	13	1100	35	No
8806526284	Flange Class 150 ANSI (Plant-Bengaluru)	25-Jan	1079	823	15	1100	35	No
8806526284	Flange Class 150 ANSI (Plant-Pune)	25-Feb	3220	1623	13	1100	35	No
8806526284	Flange Class 150 ANSI (Plant-Chakan)	25-Feb	982	742	16	1100	35	No
8806526284	Flange Class 150 ANSI (Plant-Talegaon)	25-Feb	1849	1534	17	1100	35	No
8806526284	Flange Class 150 ANSI (Plant-Nashik)	25-Feb	1932	2405	14	1100	35	Yes
8806526284	Flange Class 150 ANSI (Plant-Aurangabad)	25-Feb	2391	1714	17	1100	35	No
8806526284	Flange Class 150 ANSI (Plant-Nagpur)	25-Feb	1219	1028	14	1100	35	No
8806526284	Flange Class 150 ANSI (Plant-Mumbai)	25-Feb	3206	2370	16	1100	35	No
8806526284	Flange Class 150 ANSI (Plant-Gujarat)	25-Feb	2841	3272	13	1100	35	Yes
8806526284	Flange Class 150 ANSI (Plant-Chennai)	25-Feb	1878	1660	18	1100	35	No
8806526284	Flange Class 150 ANSI (Plant-Bengaluru)	25-Feb	2636	1832	17	1100	35	No
8806526284	Flange Class 150 ANSI (Plant-Pune)	25-Mar	1416	807	15	1100	35	No
8806526284	Flange Class 150 ANSI (Plant-Chakan)	25-Mar	1728	2028	17	1100	35	Yes
8806526284	Flange Class 150 ANSI (Plant-Talegaon)	25-Mar	1956	2326	14	1100	35	Yes
8806526284	Flange Class 150 ANSI (Plant-Nashik)	25-Mar	2643	2024	18	1100	35	No
8806526284	Flange Class 150 ANSI (Plant-Aurangabad)	25-Mar	1608	1335	13	1100	35	No
8806526284	Flange Class 150 ANSI (Plant-Nagpur)	25-Mar	3241	3410	16	1100	35	No
8806526284	Flange Class 150 ANSI (Plant-Mumbai)	25-Mar	1717	1859	18	1100	35	No
8806526284	Flange Class 150 ANSI (Plant-Gujarat)	25-Mar	3250	3486	18	1100	35	Yes
8806526284	Flange Class 150 ANSI (Plant-Chennai)	25-Mar	3100	2102	15	1100	35	No
8806526284	Flange Class 150 ANSI (Plant-Bengaluru)	25-Mar	1557	1447	17	1100	35	No
8806526284	Flange Class 150 ANSI (Plant-Pune)	25-Apr	3793	4523	18	1100	35	Yes
8806526284	Flange Class 150 ANSI (Plant-Chakan)	25-Apr	1122	690	16	1100	35	No
8806526284	Flange Class 150 ANSI (Plant-Talegaon)	25-Apr	2064	2115	16	1100	35	No
8806526284	Flange Class 150 ANSI (Plant-Nashik)	25-Apr	2558	2579	18	1100	35	No
8806526284	Flange Class 150 ANSI (Plant-Aurangabad)	25-Apr	1328	1112	18	1100	35	No
8806526284	Flange Class 150 ANSI (Plant-Nagpur)	25-Apr	3013	2049	14	1100	35	No
8806526284	Flange Class 150 ANSI (Plant-Mumbai)	25-Apr	3507	1936	14	1100	35	No
8806526284	Flange Class 150 ANSI (Plant-Gujarat)	25-Apr	955	1173	16	1100	35	No
8806526284	Flange Class 150 ANSI (Plant-Chennai)	25-Apr	1190	1398	18	1100	35	No
8806526284	Flange Class 150 ANSI (Plant-Bengaluru)	25-Apr	3846	3754	14	1100	35	No
8806526284	Flange Class 150 ANSI (Plant-Pune)	25-May	2269	1877	15	1100	35	No
8806526284	Flange Class 150 ANSI (Plant-Chakan)	25-May	1619	1665	18	1100	35	No
8806526284	Flange Class 150 ANSI (Plant-Talegaon)	25-May	2040	1320	15	1100	35	No
8806526284	Flange Class 150 ANSI (Plant-Nashik)	25-May	2469	2687	18	1100	35	No
8806526284	Flange Class 150 ANSI (Plant-Aurangabad)	25-May	2640	1965	15	1100	35	No
8806526284	Flange Class 150 ANSI (Plant-Nagpur)	25-May	1799	1144	14	1100	35	No
8806526284	Flange Class 150 ANSI (Plant-Mumbai)	25-May	1462	1511	16	1100	35	No
8806526284	Flange Class 150 ANSI (Plant-Gujarat)	25-May	964	813	13	1100	35	No
8806526284	Flange Class 150 ANSI (Plant-Chennai)	25-May	2860	1562	15	1100	35	No
8806526284	Flange Class 150 ANSI (Plant-Bengaluru)	25-May	2438	2541	14	1100	35	No
8806526284	Flange Class 150 ANSI (Plant-Pune)	25-Jun	1259	674	16	1100	35	No
8806526284	Flange Class 150 ANSI (Plant-Chakan)	25-Jun	3283	2821	17	1100	35	No
8806526284	Flange Class 150 ANSI (Plant-Talegaon)	25-Jun	3793	4268	14	1100	35	Yes
8806526284	Flange Class 150 ANSI (Plant-Nashik)	25-Jun	2814	1660	16	1100	35	No
8806526284	Flange Class 150 ANSI (Plant-Aurangabad)	25-Jun	2170	2362	16	1100	35	No
8806526284	Flange Class 150 ANSI (Plant-Nagpur)	25-Jun	1871	2308	16	1100	35	Yes
8806526284	Flange Class 150 ANSI (Plant-Mumbai)	25-Jun	2926	2044	16	1100	35	No
8806526284	Flange Class 150 ANSI (Plant-Gujarat)	25-Jun	3143	2340	16	1100	35	No
8806526284	Flange Class 150 ANSI (Plant-Chennai)	25-Jun	3582	2745	18	1100	35	No
8806526284	Flange Class 150 ANSI (Plant-Bengaluru)	25-Jun	3819	4021	13	1100	35	No
8806526284	Flange Class 150 ANSI (Plant-Pune)	25-Jul	3013	2402	17	1100	35	No
8806526284	Flange Class 150 ANSI (Plant-Chakan)	25-Jul	3172	3104	15	1100	35	No
8806526284	Flange Class 150 ANSI (Plant-Talegaon)	25-Jul	2730	1989	13	1100	35	No
8806526284	Flange Class 150 ANSI (Plant-Nashik)	25-Jul	1122	1018	14	1100	35	No
8806526284	Flange Class 150 ANSI (Plant-Aurangabad)	25-Jul	1661	1588	13	1100	35	No
8806526284	Flange Class 150 ANSI (Plant-Nagpur)	25-Jul	3027	2047	16	1100	35	No
8806526284	Flange Class 150 ANSI (Plant-Mumbai)	25-Jul	1537	1286	18	1100	35	No
8806526284	Flange Class 150 ANSI (Plant-Gujarat)	25-Jul	3785	4703	16	1100	35	Yes
8806526284	Flange Class 150 ANSI (Plant-Chennai)	25-Jul	3086	2605	16	1100	35	No
8806526284	Flange Class 150 ANSI (Plant-Bengaluru)	25-Jul	1277	1418	14	1100	35	No
8806526284	Flange Class 150 ANSI (Plant-Pune)	25-Aug	979	813	14	1100	35	No
8806526284	Flange Class 150 ANSI (Plant-Chakan)	25-Aug	2421	2466	14	1100	35	No
8806526284	Flange Class 150 ANSI (Plant-Talegaon)	25-Aug	2657	2156	15	1100	35	No
8806526284	Flange Class 150 ANSI (Plant-Nashik)	25-Aug	3216	3301	16	1100	35	No
8806526284	Flange Class 150 ANSI (Plant-Aurangabad)	25-Aug	3469	4184	18	1100	35	Yes
8806526284	Flange Class 150 ANSI (Plant-Nagpur)	25-Aug	2932	3428	17	1100	35	Yes
8806526284	Flange Class 150 ANSI (Plant-Mumbai)	25-Aug	1986	1071	15	1100	35	No
8806526284	Flange Class 150 ANSI (Plant-Gujarat)	25-Aug	3680	4488	18	1100	35	Yes
8806526284	Flange Class 150 ANSI (Plant-Chennai)	25-Aug	1722	1966	16	1100	35	Yes
8806526284	Flange Class 150 ANSI (Plant-Bengaluru)	25-Aug	3841	3188	13	1100	35	No
8806526284	Flange Class 150 ANSI (Plant-Pune)	25-Sep	2886	3326	13	1100	35	Yes
8806526284	Flange Class 150 ANSI (Plant-Chakan)	25-Sep	1344	1389	14	1100	35	No
8806526284	Flange Class 150 ANSI (Plant-Talegaon)	25-Sep	2821	2116	16	1100	35	No
8806526284	Flange Class 150 ANSI (Plant-Nashik)	25-Sep	1552	1321	15	1100	35	No
8806526284	Flange Class 150 ANSI (Plant-Aurangabad)	25-Sep	2224	1517	15	1100	35	No
8806526284	Flange Class 150 ANSI (Plant-Nagpur)	25-Sep	2991	2770	16	1100	35	No
8806526284	Flange Class 150 ANSI (Plant-Mumbai)	25-Sep	1304	1462	16	1100	35	No
8806526284	Flange Class 150 ANSI (Plant-Gujarat)	25-Sep	1392	1468	17	1100	35	No
8806526284	Flange Class 150 ANSI (Plant-Chennai)	25-Sep	3252	2364	15	1100	35	No
8806526284	Flange Class 150 ANSI (Plant-Bengaluru)	25-Sep	1591	1797	17	1100	35	No
8806526284	Flange Class 150 ANSI (Plant-Pune)	25-Oct	2729	3023	14	1100	35	Yes
8806526284	Flange Class 150 ANSI (Plant-Chakan)	25-Oct	2010	1012	14	1100	35	No
8806526284	Flange Class 150 ANSI (Plant-Talegaon)	25-Oct	1599	1775	14	1100	35	No
8806526284	Flange Class 150 ANSI (Plant-Nashik)	25-Oct	1460	1231	14	1100	35	No
8806526284	Flange Class 150 ANSI (Plant-Aurangabad)	25-Oct	2890	2639	17	1100	35	No
8806526284	Flange Class 150 ANSI (Plant-Nagpur)	25-Oct	927	1097	17	1100	35	No
8806526284	Flange Class 150 ANSI (Plant-Mumbai)	25-Oct	2203	1557	13	1100	35	No
8806526284	Flange Class 150 ANSI (Plant-Gujarat)	25-Oct	3457	2406	18	1100	35	No
8806526284	Flange Class 150 ANSI (Plant-Chennai)	25-Oct	2512	1575	13	1100	35	No
8806526284	Flange Class 150 ANSI (Plant-Bengaluru)	25-Oct	2843	1590	13	1100	35	No
8806526284	Flange Class 150 ANSI (Plant-Pune)	25-Nov	1334	708	14	1100	35	No
8806526284	Flange Class 150 ANSI (Plant-Chakan)	25-Nov	1990	2350	13	1100	35	Yes
8806526284	Flange Class 150 ANSI (Plant-Talegaon)	25-Nov	1709	1966	18	1100	35	Yes
8806526284	Flange Class 150 ANSI (Plant-Nashik)	25-Nov	2454	2255	14	1100	35	No
8806526284	Flange Class 150 ANSI (Plant-Aurangabad)	25-Nov	2959	3314	17	1100	35	Yes
8806526284	Flange Class 150 ANSI (Plant-Nagpur)	25-Nov	2697	2740	16	1100	35	No
8806526284	Flange Class 150 ANSI (Plant-Mumbai)	25-Nov	953	953	17	1100	35	No
8806526284	Flange Class 150 ANSI (Plant-Gujarat)	25-Nov	1402	1073	15	1100	35	No
8806526284	Flange Class 150 ANSI (Plant-Chennai)	25-Nov	2909	3373	15	1100	35	Yes
8806526284	Flange Class 150 ANSI (Plant-Bengaluru)	25-Nov	3790	3179	18	1100	35	No
8806526284	Flange Class 150 ANSI (Plant-Pune)	25-Dec	1464	1729	14	1100	35	Yes
8806526284	Flange Class 150 ANSI (Plant-Chakan)	25-Dec	2007	1594	17	1100	35	No
8806526284	Flange Class 150 ANSI (Plant-Talegaon)	25-Dec	1299	1231	18	1100	35	No
8806526284	Flange Class 150 ANSI (Plant-Nashik)	25-Dec	2470	2704	18	1100	35	Yes
8806526284	Flange Class 150 ANSI (Plant-Aurangabad)	25-Dec	3723	2211	13	1100	35	No
8806526284	Flange Class 150 ANSI (Plant-Nagpur)	25-Dec	1217	1450	15	1100	35	Yes
8806526284	Flange Class 150 ANSI (Plant-Mumbai)	25-Dec	1164	852	18	1100	35	No
8806526284	Flange Class 150 ANSI (Plant-Gujarat)	25-Dec	3155	3224	18	1100	35	No
8806526284	Flange Class 150 ANSI (Plant-Chennai)	25-Dec	1968	1490	18	1100	35	No
8806526284	Flange Class 150 ANSI (Plant-Bengaluru)	25-Dec	1465	1614	18	1100	35	No
8806526284	Flange Class 150 ANSI (Plant-Pune)	26-Jan	3711	2734	15	1100	35	No
8806526284	Flange Class 150 ANSI (Plant-Chakan)	26-Jan	1988	2404	18	1100	35	Yes
8806526284	Flange Class 150 ANSI (Plant-Talegaon)	26-Jan	2234	1663	18	1100	35	No
8806526284	Flange Class 150 ANSI (Plant-Nashik)	26-Jan	2517	1414	17	1100	35	No
8806526284	Flange Class 150 ANSI (Plant-Aurangabad)	26-Jan	3820	4217	17	1100	35	Yes
8806526284	Flange Class 150 ANSI (Plant-Nagpur)	26-Jan	1148	730	18	1100	35	No
8806526284	Flange Class 150 ANSI (Plant-Mumbai)	26-Jan	1503	804	13	1100	35	No
8806526284	Flange Class 150 ANSI (Plant-Gujarat)	26-Jan	1831	1002	13	1100	35	No
8806526284	Flange Class 150 ANSI (Plant-Chennai)	26-Jan	1846	2016	14	1100	35	No
8806526284	Flange Class 150 ANSI (Plant-Bengaluru)	26-Jan	1090	826	17	1100	35	No
8806526284	Flange Class 150 ANSI (Plant-Pune)	26-Feb	3633	4103	18	1100	35	Yes
8806526284	Flange Class 150 ANSI (Plant-Chakan)	26-Feb	2541	1427	18	1100	35	No
8806526284	Flange Class 150 ANSI (Plant-Talegaon)	26-Feb	1230	1012	14	1100	35	No
8806526284	Flange Class 150 ANSI (Plant-Nashik)	26-Feb	903	777	18	1100	35	No
8806526284	Flange Class 150 ANSI (Plant-Aurangabad)	26-Feb	2811	2160	14	1100	35	No
8806526284	Flange Class 150 ANSI (Plant-Nagpur)	26-Feb	1394	1377	17	1100	35	No
8806526284	Flange Class 150 ANSI (Plant-Mumbai)	26-Feb	3112	2132	18	1100	35	No
8806526284	Flange Class 150 ANSI (Plant-Gujarat)	26-Feb	1891	2040	13	1100	35	No
8806526284	Flange Class 150 ANSI (Plant-Chennai)	26-Feb	2121	1805	17	1100	35	No
8806526284	Flange Class 150 ANSI (Plant-Bengaluru)	26-Feb	2426	2876	18	1100	35	Yes
8806526284	Flange Class 150 ANSI (Plant-Pune)	26-Mar	984	1204	14	1100	35	No
8806526284	Flange Class 150 ANSI (Plant-Chakan)	26-Mar	3792	2523	13	1100	35	No
8806526284	Flange Class 150 ANSI (Plant-Talegaon)	26-Mar	2773	2175	14	1100	35	No
8806526284	Flange Class 150 ANSI (Plant-Nashik)	26-Mar	2521	2523	18	1100	35	No
8806526284	Flange Class 150 ANSI (Plant-Aurangabad)	26-Mar	1447	782	18	1100	35	No
8806526284	Flange Class 150 ANSI (Plant-Nagpur)	26-Mar	2995	2099	14	1100	35	No
8806526284	Flange Class 150 ANSI (Plant-Mumbai)	26-Mar	1582	1185	14	1100	35	No
8806526284	Flange Class 150 ANSI (Plant-Gujarat)	26-Mar	2173	2642	15	1100	35	Yes
8806526284	Flange Class 150 ANSI (Plant-Chennai)	26-Mar	3740	4388	16	1100	35	Yes
8806526284	Flange Class 150 ANSI (Plant-Bengaluru)	26-Mar	1823	2198	18	1100	35	Yes
8806526284	Flange Class 150 ANSI (Plant-Pune)	26-Apr	960	816	17	1100	35	No
8806526284	Flange Class 150 ANSI (Plant-Chakan)	26-Apr	1553	1304	18	1100	35	No
8806526284	Flange Class 150 ANSI (Plant-Talegaon)	26-Apr	1570	1886	13	1100	35	Yes
8806526284	Flange Class 150 ANSI (Plant-Nashik)	26-Apr	3703	3025	17	1100	35	No
8806526284	Flange Class 150 ANSI (Plant-Aurangabad)	26-Apr	3042	2884	13	1100	35	No
8806526284	Flange Class 150 ANSI (Plant-Nagpur)	26-Apr	1669	1724	15	1100	35	No
8806526284	Flange Class 150 ANSI (Plant-Mumbai)	26-Apr	3545	4338	14	1100	35	Yes
8806526284	Flange Class 150 ANSI (Plant-Gujarat)	26-Apr	1088	715	15	1100	35	No
8806526284	Flange Class 150 ANSI (Plant-Chennai)	26-Apr	2849	2153	15	1100	35	No
8806526284	Flange Class 150 ANSI (Plant-Bengaluru)	26-Apr	1015	618	15	1100	35	No
8806526284	Flange Class 150 ANSI (Plant-Pune)	26-May	2546	2401	15	1100	35	No
8806526284	Flange Class 150 ANSI (Plant-Chakan)	26-May	3459	4229	18	1100	35	Yes
8806526284	Flange Class 150 ANSI (Plant-Talegaon)	26-May	3738	4076	17	1100	35	Yes
8806526284	Flange Class 150 ANSI (Plant-Nashik)	26-May	3739	3321	16	1100	35	No
8806526284	Flange Class 150 ANSI (Plant-Aurangabad)	26-May	1973	2317	14	1100	35	Yes
8806526284	Flange Class 150 ANSI (Plant-Nagpur)	26-May	2588	1830	17	1100	35	No
8806526284	Flange Class 150 ANSI (Plant-Mumbai)	26-May	3441	2463	15	1100	35	No
8806526284	Flange Class 150 ANSI (Plant-Gujarat)	26-May	3346	1980	14	1100	35	No
8806526284	Flange Class 150 ANSI (Plant-Chennai)	26-May	1877	2208	15	1100	35	Yes
8806526284	Flange Class 150 ANSI (Plant-Bengaluru)	26-May	1484	986	13	1100	35	No
8806526284	Flange Class 150 ANSI (Plant-Pune)	26-Jun	3230	1653	15	1100	35	No
8806526284	Flange Class 150 ANSI (Plant-Chakan)	26-Jun	2476	2445	15	1100	35	No
8806526284	Flange Class 150 ANSI (Plant-Talegaon)	26-Jun	3357	3616	13	1100	35	Yes
8806526284	Flange Class 150 ANSI (Plant-Nashik)	26-Jun	2921	2846	15	1100	35	No
8806526284	Flange Class 150 ANSI (Plant-Aurangabad)	26-Jun	1393	949	17	1100	35	No
8806526284	Flange Class 150 ANSI (Plant-Nagpur)	26-Jun	3826	3507	14	1100	35	No
8806526284	Flange Class 150 ANSI (Plant-Mumbai)	26-Jun	3109	3301	17	1100	35	No
8806526284	Flange Class 150 ANSI (Plant-Gujarat)	26-Jun	1165	1294	15	1100	35	No
8806526284	Flange Class 150 ANSI (Plant-Chennai)	26-Jun	3754	4245	16	1100	35	Yes
8806526284	Flange Class 150 ANSI (Plant-Bengaluru)	26-Jun	3840	4618	16	1100	35	Yes
8806526285	Industrial Gasket Non-Asbestos (Plant-Pune)	25-Jan	5904	5560	6	6000	8	No
8806526285	Industrial Gasket Non-Asbestos (Plant-Chakan)	25-Jan	15480	17244	4	6000	8	Yes
8806526285	Industrial Gasket Non-Asbestos (Plant-Talegaon)	25-Jan	13238	7488	7	6000	8	No
8806526285	Industrial Gasket Non-Asbestos (Plant-Nashik)	25-Jan	6473	5008	3	6000	8	No
8806526285	Industrial Gasket Non-Asbestos (Plant-Aurangabad)	25-Jan	14466	7489	3	6000	8	No
8806526285	Industrial Gasket Non-Asbestos (Plant-Nagpur)	25-Jan	13088	12172	4	6000	8	No
8806526285	Industrial Gasket Non-Asbestos (Plant-Mumbai)	25-Jan	7256	6394	7	6000	8	No
8806526285	Industrial Gasket Non-Asbestos (Plant-Gujarat)	25-Jan	9765	5852	4	6000	8	No
8806526285	Industrial Gasket Non-Asbestos (Plant-Chennai)	25-Jan	18086	19820	4	6000	8	Yes
8806526285	Industrial Gasket Non-Asbestos (Plant-Bengaluru)	25-Jan	16992	16301	6	6000	8	No
8806526285	Industrial Gasket Non-Asbestos (Plant-Pune)	25-Feb	18397	10077	7	6000	8	No
8806526285	Industrial Gasket Non-Asbestos (Plant-Chakan)	25-Feb	16795	19420	6	6000	8	Yes
8806526285	Industrial Gasket Non-Asbestos (Plant-Talegaon)	25-Feb	19917	19628	8	6000	8	No
8806526285	Industrial Gasket Non-Asbestos (Plant-Nashik)	25-Feb	8391	8747	4	6000	8	No
8806526285	Industrial Gasket Non-Asbestos (Plant-Aurangabad)	25-Feb	14575	10027	4	6000	8	No
8806526285	Industrial Gasket Non-Asbestos (Plant-Nagpur)	25-Feb	5892	3996	6	6000	8	No
8806526285	Industrial Gasket Non-Asbestos (Plant-Mumbai)	25-Feb	15022	15666	7	6000	8	No
8806526285	Industrial Gasket Non-Asbestos (Plant-Gujarat)	25-Feb	20249	11435	6	6000	8	No
8806526285	Industrial Gasket Non-Asbestos (Plant-Chennai)	25-Feb	13430	7996	6	6000	8	No
8806526285	Industrial Gasket Non-Asbestos (Plant-Bengaluru)	25-Feb	13797	10586	3	6000	8	No
8806526285	Industrial Gasket Non-Asbestos (Plant-Pune)	25-Mar	10643	12081	6	6000	8	Yes
8806526285	Industrial Gasket Non-Asbestos (Plant-Chakan)	25-Mar	16656	15596	6	6000	8	No
8806526285	Industrial Gasket Non-Asbestos (Plant-Talegaon)	25-Mar	12354	14173	8	6000	8	Yes
8806526285	Industrial Gasket Non-Asbestos (Plant-Nashik)	25-Mar	8165	7694	7	6000	8	No
8806526285	Industrial Gasket Non-Asbestos (Plant-Aurangabad)	25-Mar	8770	8908	3	6000	8	No
8806526285	Industrial Gasket Non-Asbestos (Plant-Nagpur)	25-Mar	15214	18872	7	6000	8	Yes
8806526285	Industrial Gasket Non-Asbestos (Plant-Mumbai)	25-Mar	8591	7945	7	6000	8	No
8806526285	Industrial Gasket Non-Asbestos (Plant-Gujarat)	25-Mar	15486	8944	6	6000	8	No
8806526285	Industrial Gasket Non-Asbestos (Plant-Chennai)	25-Mar	10726	9884	6	6000	8	No
8806526285	Industrial Gasket Non-Asbestos (Plant-Bengaluru)	25-Mar	17527	15476	8	6000	8	No
8806526285	Industrial Gasket Non-Asbestos (Plant-Pune)	25-Apr	9692	10736	4	6000	8	No
8806526285	Industrial Gasket Non-Asbestos (Plant-Chakan)	25-Apr	13076	10551	4	6000	8	No
8806526285	Industrial Gasket Non-Asbestos (Plant-Talegaon)	25-Apr	18578	10971	4	6000	8	No
8806526285	Industrial Gasket Non-Asbestos (Plant-Nashik)	25-Apr	16559	12304	8	6000	8	No
8806526285	Industrial Gasket Non-Asbestos (Plant-Aurangabad)	25-Apr	15968	12709	8	6000	8	No
8806526285	Industrial Gasket Non-Asbestos (Plant-Nagpur)	25-Apr	11834	8445	3	6000	8	No
8806526285	Industrial Gasket Non-Asbestos (Plant-Mumbai)	25-Apr	7510	8011	6	6000	8	No
8806526285	Industrial Gasket Non-Asbestos (Plant-Gujarat)	25-Apr	11970	13643	7	6000	8	Yes
8806526285	Industrial Gasket Non-Asbestos (Plant-Chennai)	25-Apr	7538	8434	4	6000	8	No
8806526285	Industrial Gasket Non-Asbestos (Plant-Bengaluru)	25-Apr	11971	8477	5	6000	8	No
8806526285	Industrial Gasket Non-Asbestos (Plant-Pune)	25-May	10154	10129	3	6000	8	No
8806526285	Industrial Gasket Non-Asbestos (Plant-Chakan)	25-May	14598	9996	6	6000	8	No
8806526285	Industrial Gasket Non-Asbestos (Plant-Talegaon)	25-May	6016	4732	6	6000	8	No
8806526285	Industrial Gasket Non-Asbestos (Plant-Nashik)	25-May	18735	20543	4	6000	8	Yes
8806526285	Industrial Gasket Non-Asbestos (Plant-Aurangabad)	25-May	19802	10261	7	6000	8	No
8806526285	Industrial Gasket Non-Asbestos (Plant-Nagpur)	25-May	16921	12003	3	6000	8	No
8806526285	Industrial Gasket Non-Asbestos (Plant-Mumbai)	25-May	19164	12168	4	6000	8	No
8806526285	Industrial Gasket Non-Asbestos (Plant-Gujarat)	25-May	19134	17445	4	6000	8	No
8806526285	Industrial Gasket Non-Asbestos (Plant-Chennai)	25-May	14609	15967	6	6000	8	Yes
8806526285	Industrial Gasket Non-Asbestos (Plant-Bengaluru)	25-May	8173	7183	4	6000	8	No
8806526285	Industrial Gasket Non-Asbestos (Plant-Pune)	25-Jun	11643	12439	5	6000	8	No
8806526285	Industrial Gasket Non-Asbestos (Plant-Chakan)	25-Jun	12741	6374	7	6000	8	No
8806526285	Industrial Gasket Non-Asbestos (Plant-Talegaon)	25-Jun	7322	7334	6	6000	8	No
8806526285	Industrial Gasket Non-Asbestos (Plant-Nashik)	25-Jun	16111	19383	7	6000	8	Yes
8806526285	Industrial Gasket Non-Asbestos (Plant-Aurangabad)	25-Jun	5953	3520	7	6000	8	No
8806526285	Industrial Gasket Non-Asbestos (Plant-Nagpur)	25-Jun	4997	3582	4	6000	8	No
8806526285	Industrial Gasket Non-Asbestos (Plant-Mumbai)	25-Jun	16346	13154	8	6000	8	No
8806526285	Industrial Gasket Non-Asbestos (Plant-Gujarat)	25-Jun	10368	11308	6	6000	8	No
8806526285	Industrial Gasket Non-Asbestos (Plant-Chennai)	25-Jun	15676	13982	7	6000	8	No
8806526285	Industrial Gasket Non-Asbestos (Plant-Bengaluru)	25-Jun	17482	20121	8	6000	8	Yes
8806526285	Industrial Gasket Non-Asbestos (Plant-Pune)	25-Jul	5151	4345	4	6000	8	No
8806526285	Industrial Gasket Non-Asbestos (Plant-Chakan)	25-Jul	11970	12379	3	6000	8	No
8806526285	Industrial Gasket Non-Asbestos (Plant-Talegaon)	25-Jul	11149	13782	3	6000	8	Yes
8806526285	Industrial Gasket Non-Asbestos (Plant-Nashik)	25-Jul	20474	21483	6	6000	8	No
8806526285	Industrial Gasket Non-Asbestos (Plant-Aurangabad)	25-Jul	9466	9727	8	6000	8	No
8806526285	Industrial Gasket Non-Asbestos (Plant-Nagpur)	25-Jul	14184	12615	3	6000	8	No
8806526285	Industrial Gasket Non-Asbestos (Plant-Mumbai)	25-Jul	9737	6674	6	6000	8	No
8806526285	Industrial Gasket Non-Asbestos (Plant-Gujarat)	25-Jul	6114	4225	4	6000	8	No
8806526285	Industrial Gasket Non-Asbestos (Plant-Chennai)	25-Jul	20006	14727	5	6000	8	No
8806526285	Industrial Gasket Non-Asbestos (Plant-Bengaluru)	25-Jul	7500	7680	4	6000	8	No
8806526285	Industrial Gasket Non-Asbestos (Plant-Pune)	25-Aug	7085	5550	5	6000	8	No
8806526285	Industrial Gasket Non-Asbestos (Plant-Chakan)	25-Aug	11712	12601	8	6000	8	No
8806526285	Industrial Gasket Non-Asbestos (Plant-Talegaon)	25-Aug	12085	11187	8	6000	8	No
8806526285	Industrial Gasket Non-Asbestos (Plant-Nashik)	25-Aug	14396	14320	6	6000	8	No
8806526285	Industrial Gasket Non-Asbestos (Plant-Aurangabad)	25-Aug	6847	7157	7	6000	8	No
8806526285	Industrial Gasket Non-Asbestos (Plant-Nagpur)	25-Aug	6266	4866	6	6000	8	No
8806526285	Industrial Gasket Non-Asbestos (Plant-Mumbai)	25-Aug	19035	19047	6	6000	8	No
8806526285	Industrial Gasket Non-Asbestos (Plant-Gujarat)	25-Aug	8241	4262	3	6000	8	No
8806526285	Industrial Gasket Non-Asbestos (Plant-Chennai)	25-Aug	14772	7690	5	6000	8	No
8806526285	Industrial Gasket Non-Asbestos (Plant-Bengaluru)	25-Aug	10984	13398	4	6000	8	Yes
8806526285	Industrial Gasket Non-Asbestos (Plant-Pune)	25-Sep	11721	12179	3	6000	8	No
8806526285	Industrial Gasket Non-Asbestos (Plant-Chakan)	25-Sep	7784	5913	7	6000	8	No
8806526285	Industrial Gasket Non-Asbestos (Plant-Talegaon)	25-Sep	13804	10242	6	6000	8	No
8806526285	Industrial Gasket Non-Asbestos (Plant-Nashik)	25-Sep	18772	23153	6	6000	8	Yes
8806526285	Industrial Gasket Non-Asbestos (Plant-Aurangabad)	25-Sep	19924	24351	3	6000	8	Yes
8806526285	Industrial Gasket Non-Asbestos (Plant-Nagpur)	25-Sep	9001	7556	6	6000	8	No
8806526285	Industrial Gasket Non-Asbestos (Plant-Mumbai)	25-Sep	17495	15300	7	6000	8	No
8806526285	Industrial Gasket Non-Asbestos (Plant-Gujarat)	25-Sep	8968	9365	6	6000	8	No
8806526285	Industrial Gasket Non-Asbestos (Plant-Chennai)	25-Sep	19468	19364	4	6000	8	No
8806526285	Industrial Gasket Non-Asbestos (Plant-Bengaluru)	25-Sep	13846	8852	5	6000	8	No
8806526285	Industrial Gasket Non-Asbestos (Plant-Pune)	25-Oct	8980	9611	5	6000	8	No
8806526285	Industrial Gasket Non-Asbestos (Plant-Chakan)	25-Oct	12113	12489	5	6000	8	No
8806526285	Industrial Gasket Non-Asbestos (Plant-Talegaon)	25-Oct	15337	17642	6	6000	8	Yes
8806526285	Industrial Gasket Non-Asbestos (Plant-Nashik)	25-Oct	15636	13074	7	6000	8	No
8806526285	Industrial Gasket Non-Asbestos (Plant-Aurangabad)	25-Oct	14492	10016	8	6000	8	No
8806526285	Industrial Gasket Non-Asbestos (Plant-Nagpur)	25-Oct	15684	12757	5	6000	8	No
8806526285	Industrial Gasket Non-Asbestos (Plant-Mumbai)	25-Oct	20457	21989	6	6000	8	Yes
8806526285	Industrial Gasket Non-Asbestos (Plant-Gujarat)	25-Oct	20758	15535	6	6000	8	No
8806526285	Industrial Gasket Non-Asbestos (Plant-Chennai)	25-Oct	9446	5343	5	6000	8	No
8806526285	Industrial Gasket Non-Asbestos (Plant-Bengaluru)	25-Oct	19916	11849	5	6000	8	No
8806526285	Industrial Gasket Non-Asbestos (Plant-Pune)	25-Nov	10978	6561	5	6000	8	No
8806526285	Industrial Gasket Non-Asbestos (Plant-Chakan)	25-Nov	18639	10390	7	6000	8	No
8806526285	Industrial Gasket Non-Asbestos (Plant-Talegaon)	25-Nov	8017	5230	5	6000	8	No
8806526285	Industrial Gasket Non-Asbestos (Plant-Nashik)	25-Nov	8913	10718	6	6000	8	Yes
8806526285	Industrial Gasket Non-Asbestos (Plant-Aurangabad)	25-Nov	20240	13259	3	6000	8	No
8806526285	Industrial Gasket Non-Asbestos (Plant-Nagpur)	25-Nov	13610	15314	3	6000	8	Yes
8806526285	Industrial Gasket Non-Asbestos (Plant-Mumbai)	25-Nov	11132	7437	5	6000	8	No
8806526285	Industrial Gasket Non-Asbestos (Plant-Gujarat)	25-Nov	9935	5481	7	6000	8	No
8806526285	Industrial Gasket Non-Asbestos (Plant-Chennai)	25-Nov	17315	18514	6	6000	8	No
8806526285	Industrial Gasket Non-Asbestos (Plant-Bengaluru)	25-Nov	12306	11137	3	6000	8	No
8806526285	Industrial Gasket Non-Asbestos (Plant-Pune)	25-Dec	8967	9451	4	6000	8	No
8806526285	Industrial Gasket Non-Asbestos (Plant-Chakan)	25-Dec	9553	9001	8	6000	8	No
8806526285	Industrial Gasket Non-Asbestos (Plant-Talegaon)	25-Dec	18220	20568	7	6000	8	Yes
8806526285	Industrial Gasket Non-Asbestos (Plant-Nashik)	25-Dec	5602	6908	6	6000	8	Yes
8806526285	Industrial Gasket Non-Asbestos (Plant-Aurangabad)	25-Dec	19062	21024	3	6000	8	Yes
8806526285	Industrial Gasket Non-Asbestos (Plant-Nagpur)	25-Dec	5852	2936	3	6000	8	No
8806526285	Industrial Gasket Non-Asbestos (Plant-Mumbai)	25-Dec	10464	11573	8	6000	8	No
8806526285	Industrial Gasket Non-Asbestos (Plant-Gujarat)	25-Dec	18080	10045	8	6000	8	No
8806526285	Industrial Gasket Non-Asbestos (Plant-Chennai)	25-Dec	16162	19446	8	6000	8	Yes
8806526285	Industrial Gasket Non-Asbestos (Plant-Bengaluru)	25-Dec	5470	4582	6	6000	8	No
8806526285	Industrial Gasket Non-Asbestos (Plant-Pune)	26-Jan	18662	11776	4	6000	8	No
8806526285	Industrial Gasket Non-Asbestos (Plant-Chakan)	26-Jan	14528	17265	4	6000	8	Yes
8806526285	Industrial Gasket Non-Asbestos (Plant-Talegaon)	26-Jan	18580	13790	4	6000	8	No
8806526285	Industrial Gasket Non-Asbestos (Plant-Nashik)	26-Jan	6815	5293	4	6000	8	No
8806526285	Industrial Gasket Non-Asbestos (Plant-Aurangabad)	26-Jan	14294	11219	6	6000	8	No
8806526285	Industrial Gasket Non-Asbestos (Plant-Nagpur)	26-Jan	18564	12328	8	6000	8	No
8806526285	Industrial Gasket Non-Asbestos (Plant-Mumbai)	26-Jan	19668	18364	4	6000	8	No
8806526285	Industrial Gasket Non-Asbestos (Plant-Gujarat)	26-Jan	8835	8047	8	6000	8	No
8806526285	Industrial Gasket Non-Asbestos (Plant-Chennai)	26-Jan	6918	7756	6	6000	8	No
8806526285	Industrial Gasket Non-Asbestos (Plant-Bengaluru)	26-Jan	7945	6046	8	6000	8	No
8806526285	Industrial Gasket Non-Asbestos (Plant-Pune)	26-Feb	8201	6049	8	6000	8	No
8806526285	Industrial Gasket Non-Asbestos (Plant-Chakan)	26-Feb	7730	9481	8	6000	8	Yes
8806526285	Industrial Gasket Non-Asbestos (Plant-Talegaon)	26-Feb	17145	18492	8	6000	8	Yes
8806526285	Industrial Gasket Non-Asbestos (Plant-Nashik)	26-Feb	13027	14375	6	6000	8	Yes
8806526285	Industrial Gasket Non-Asbestos (Plant-Aurangabad)	26-Feb	18407	18849	6	6000	8	No
8806526285	Industrial Gasket Non-Asbestos (Plant-Nagpur)	26-Feb	11759	7567	4	6000	8	No
8806526285	Industrial Gasket Non-Asbestos (Plant-Mumbai)	26-Feb	10417	6229	8	6000	8	No
8806526285	Industrial Gasket Non-Asbestos (Plant-Gujarat)	26-Feb	9619	11689	8	6000	8	Yes
8806526285	Industrial Gasket Non-Asbestos (Plant-Chennai)	26-Feb	11627	13547	8	6000	8	Yes
8806526285	Industrial Gasket Non-Asbestos (Plant-Bengaluru)	26-Feb	7045	7184	5	6000	8	No
8806526285	Industrial Gasket Non-Asbestos (Plant-Pune)	26-Mar	12106	14655	6	6000	8	Yes
8806526285	Industrial Gasket Non-Asbestos (Plant-Chakan)	26-Mar	19623	11485	8	6000	8	No
8806526285	Industrial Gasket Non-Asbestos (Plant-Talegaon)	26-Mar	13939	16361	7	6000	8	Yes
8806526285	Industrial Gasket Non-Asbestos (Plant-Nashik)	26-Mar	5507	3225	3	6000	8	No
8806526285	Industrial Gasket Non-Asbestos (Plant-Aurangabad)	26-Mar	7384	7825	3	6000	8	No
8806526285	Industrial Gasket Non-Asbestos (Plant-Nagpur)	26-Mar	15766	17378	5	6000	8	Yes
8806526285	Industrial Gasket Non-Asbestos (Plant-Mumbai)	26-Mar	15220	10481	6	6000	8	No
8806526285	Industrial Gasket Non-Asbestos (Plant-Gujarat)	26-Mar	13083	14619	5	6000	8	Yes
8806526285	Industrial Gasket Non-Asbestos (Plant-Chennai)	26-Mar	9463	7253	7	6000	8	No
8806526285	Industrial Gasket Non-Asbestos (Plant-Bengaluru)	26-Mar	14565	10462	5	6000	8	No
8806526285	Industrial Gasket Non-Asbestos (Plant-Pune)	26-Apr	14310	8306	6	6000	8	No
8806526285	Industrial Gasket Non-Asbestos (Plant-Chakan)	26-Apr	18685	17488	6	6000	8	No
8806526285	Industrial Gasket Non-Asbestos (Plant-Talegaon)	26-Apr	11633	12641	5	6000	8	No
8806526285	Industrial Gasket Non-Asbestos (Plant-Nashik)	26-Apr	15784	18491	8	6000	8	Yes
8806526285	Industrial Gasket Non-Asbestos (Plant-Aurangabad)	26-Apr	18400	9620	7	6000	8	No
8806526285	Industrial Gasket Non-Asbestos (Plant-Nagpur)	26-Apr	11585	6119	6	6000	8	No
8806526285	Industrial Gasket Non-Asbestos (Plant-Mumbai)	26-Apr	11742	10675	6	6000	8	No
8806526285	Industrial Gasket Non-Asbestos (Plant-Gujarat)	26-Apr	6879	6525	6	6000	8	No
8806526285	Industrial Gasket Non-Asbestos (Plant-Chennai)	26-Apr	19847	17014	7	6000	8	No
8806526285	Industrial Gasket Non-Asbestos (Plant-Bengaluru)	26-Apr	17198	9774	7	6000	8	No
8806526285	Industrial Gasket Non-Asbestos (Plant-Pune)	26-May	9982	6540	6	6000	8	No
8806526285	Industrial Gasket Non-Asbestos (Plant-Chakan)	26-May	13912	9926	6	6000	8	No
8806526285	Industrial Gasket Non-Asbestos (Plant-Talegaon)	26-May	15896	15627	8	6000	8	No
8806526285	Industrial Gasket Non-Asbestos (Plant-Nashik)	26-May	15606	9733	5	6000	8	No
8806526285	Industrial Gasket Non-Asbestos (Plant-Aurangabad)	26-May	6487	8081	4	6000	8	Yes
8806526285	Industrial Gasket Non-Asbestos (Plant-Nagpur)	26-May	20656	13609	8	6000	8	No
8806526285	Industrial Gasket Non-Asbestos (Plant-Mumbai)	26-May	14838	18285	3	6000	8	Yes
8806526285	Industrial Gasket Non-Asbestos (Plant-Gujarat)	26-May	15536	15010	5	6000	8	No
8806526285	Industrial Gasket Non-Asbestos (Plant-Chennai)	26-May	7472	4844	5	6000	8	No
8806526285	Industrial Gasket Non-Asbestos (Plant-Bengaluru)	26-May	15545	16386	7	6000	8	No
8806526285	Industrial Gasket Non-Asbestos (Plant-Pune)	26-Jun	19181	9918	6	6000	8	No
8806526285	Industrial Gasket Non-Asbestos (Plant-Chakan)	26-Jun	20141	12590	6	6000	8	No
8806526285	Industrial Gasket Non-Asbestos (Plant-Talegaon)	26-Jun	19977	22369	8	6000	8	Yes
8806526285	Industrial Gasket Non-Asbestos (Plant-Nashik)	26-Jun	13711	15295	6	6000	8	Yes
8806526285	Industrial Gasket Non-Asbestos (Plant-Aurangabad)	26-Jun	10324	11795	7	6000	8	Yes
8806526285	Industrial Gasket Non-Asbestos (Plant-Nagpur)	26-Jun	16608	19535	7	6000	8	Yes
8806526285	Industrial Gasket Non-Asbestos (Plant-Mumbai)	26-Jun	12144	7606	8	6000	8	No
8806526285	Industrial Gasket Non-Asbestos (Plant-Gujarat)	26-Jun	19776	23238	7	6000	8	Yes
8806526285	Industrial Gasket Non-Asbestos (Plant-Chennai)	26-Jun	5325	4633	6	6000	8	No
8806526285	Industrial Gasket Non-Asbestos (Plant-Bengaluru)	26-Jun	11546	5810	5	6000	8	No
8806526286	AC Induction Motor 10HP (Plant-Pune)	25-Jan	218	198	34	80	850	No
8806526286	AC Induction Motor 10HP (Plant-Chakan)	25-Jan	74	85	38	80	850	No
8806526286	AC Induction Motor 10HP (Plant-Talegaon)	25-Jan	216	129	37	80	850	No
8806526286	AC Induction Motor 10HP (Plant-Nashik)	25-Jan	169	135	34	80	850	No
8806526286	AC Induction Motor 10HP (Plant-Aurangabad)	25-Jan	266	252	35	80	850	No
8806526286	AC Induction Motor 10HP (Plant-Nagpur)	25-Jan	235	165	37	80	850	No
8806526286	AC Induction Motor 10HP (Plant-Mumbai)	25-Jan	105	74	33	80	850	No
8806526286	AC Induction Motor 10HP (Plant-Gujarat)	25-Jan	194	170	33	80	850	No
8806526286	AC Induction Motor 10HP (Plant-Chennai)	25-Jan	128	130	36	80	850	No
8806526286	AC Induction Motor 10HP (Plant-Bengaluru)	25-Jan	202	115	34	80	850	No
8806526286	AC Induction Motor 10HP (Plant-Pune)	25-Feb	134	104	35	80	850	No
8806526286	AC Induction Motor 10HP (Plant-Chakan)	25-Feb	111	132	34	80	850	Yes
8806526286	AC Induction Motor 10HP (Plant-Talegaon)	25-Feb	239	261	35	80	850	Yes
8806526286	AC Induction Motor 10HP (Plant-Nashik)	25-Feb	64	33	38	80	850	No
8806526286	AC Induction Motor 10HP (Plant-Aurangabad)	25-Feb	232	151	34	80	850	No
8806526286	AC Induction Motor 10HP (Plant-Nagpur)	25-Feb	264	226	34	80	850	No
8806526286	AC Induction Motor 10HP (Plant-Mumbai)	25-Feb	172	129	35	80	850	No
8806526286	AC Induction Motor 10HP (Plant-Gujarat)	25-Feb	265	147	33	80	850	No
8806526286	AC Induction Motor 10HP (Plant-Chennai)	25-Feb	220	243	37	80	850	Yes
8806526286	AC Induction Motor 10HP (Plant-Bengaluru)	25-Feb	195	215	34	80	850	Yes
8806526286	AC Induction Motor 10HP (Plant-Pune)	25-Mar	184	165	34	80	850	No
8806526286	AC Induction Motor 10HP (Plant-Chakan)	25-Mar	211	134	34	80	850	No
8806526286	AC Induction Motor 10HP (Plant-Talegaon)	25-Mar	178	150	37	80	850	No
8806526286	AC Induction Motor 10HP (Plant-Nashik)	25-Mar	211	174	37	80	850	No
8806526286	AC Induction Motor 10HP (Plant-Aurangabad)	25-Mar	192	157	35	80	850	No
8806526286	AC Induction Motor 10HP (Plant-Nagpur)	25-Mar	191	191	37	80	850	No
8806526286	AC Induction Motor 10HP (Plant-Mumbai)	25-Mar	109	113	33	80	850	No
8806526286	AC Induction Motor 10HP (Plant-Gujarat)	25-Mar	98	55	34	80	850	No
8806526286	AC Induction Motor 10HP (Plant-Chennai)	25-Mar	97	105	37	80	850	No
8806526286	AC Induction Motor 10HP (Plant-Bengaluru)	25-Mar	271	227	38	80	850	No
8806526286	AC Induction Motor 10HP (Plant-Pune)	25-Apr	229	157	38	80	850	No
8806526286	AC Induction Motor 10HP (Plant-Chakan)	25-Apr	228	275	33	80	850	Yes
8806526286	AC Induction Motor 10HP (Plant-Talegaon)	25-Apr	190	152	34	80	850	No
8806526286	AC Induction Motor 10HP (Plant-Nashik)	25-Apr	229	140	34	80	850	No
8806526286	AC Induction Motor 10HP (Plant-Aurangabad)	25-Apr	241	191	33	80	850	No
8806526286	AC Induction Motor 10HP (Plant-Nagpur)	25-Apr	201	148	37	80	850	No
8806526286	AC Induction Motor 10HP (Plant-Mumbai)	25-Apr	242	224	37	80	850	No
8806526286	AC Induction Motor 10HP (Plant-Gujarat)	25-Apr	276	247	38	80	850	No
8806526286	AC Induction Motor 10HP (Plant-Chennai)	25-Apr	265	207	37	80	850	No
8806526286	AC Induction Motor 10HP (Plant-Bengaluru)	25-Apr	143	134	37	80	850	No
8806526286	AC Induction Motor 10HP (Plant-Pune)	25-May	177	148	37	80	850	No
8806526286	AC Induction Motor 10HP (Plant-Chakan)	25-May	121	99	34	80	850	No
8806526286	AC Induction Motor 10HP (Plant-Talegaon)	25-May	234	120	36	80	850	No
8806526286	AC Induction Motor 10HP (Plant-Nashik)	25-May	208	214	36	80	850	No
8806526286	AC Induction Motor 10HP (Plant-Aurangabad)	25-May	279	147	36	80	850	No
8806526286	AC Induction Motor 10HP (Plant-Nagpur)	25-May	242	174	35	80	850	No
8806526286	AC Induction Motor 10HP (Plant-Mumbai)	25-May	209	169	33	80	850	No
8806526286	AC Induction Motor 10HP (Plant-Gujarat)	25-May	173	189	37	80	850	No
8806526286	AC Induction Motor 10HP (Plant-Chennai)	25-May	155	91	37	80	850	No
8806526286	AC Induction Motor 10HP (Plant-Bengaluru)	25-May	67	83	35	80	850	No
8806526286	AC Induction Motor 10HP (Plant-Pune)	25-Jun	117	93	34	80	850	No
8806526286	AC Induction Motor 10HP (Plant-Chakan)	25-Jun	128	124	38	80	850	No
8806526286	AC Induction Motor 10HP (Plant-Talegaon)	25-Jun	159	81	37	80	850	No
8806526286	AC Induction Motor 10HP (Plant-Nashik)	25-Jun	157	124	38	80	850	No
8806526286	AC Induction Motor 10HP (Plant-Aurangabad)	25-Jun	69	58	38	80	850	No
8806526286	AC Induction Motor 10HP (Plant-Nagpur)	25-Jun	106	98	37	80	850	No
8806526286	AC Induction Motor 10HP (Plant-Mumbai)	25-Jun	165	100	36	80	850	No
8806526286	AC Induction Motor 10HP (Plant-Gujarat)	25-Jun	266	299	34	80	850	Yes
8806526286	AC Induction Motor 10HP (Plant-Chennai)	25-Jun	143	74	33	80	850	No
8806526286	AC Induction Motor 10HP (Plant-Bengaluru)	25-Jun	183	112	37	80	850	No
8806526286	AC Induction Motor 10HP (Plant-Pune)	25-Jul	222	181	37	80	850	No
8806526286	AC Induction Motor 10HP (Plant-Chakan)	25-Jul	265	254	34	80	850	No
8806526286	AC Induction Motor 10HP (Plant-Talegaon)	25-Jul	172	127	34	80	850	No
8806526286	AC Induction Motor 10HP (Plant-Nashik)	25-Jul	226	141	38	80	850	No
8806526286	AC Induction Motor 10HP (Plant-Aurangabad)	25-Jul	77	57	34	80	850	No
8806526286	AC Induction Motor 10HP (Plant-Nagpur)	25-Jul	100	78	34	80	850	No
8806526286	AC Induction Motor 10HP (Plant-Mumbai)	25-Jul	187	145	38	80	850	No
8806526286	AC Induction Motor 10HP (Plant-Gujarat)	25-Jul	197	218	37	80	850	Yes
8806526286	AC Induction Motor 10HP (Plant-Chennai)	25-Jul	111	68	34	80	850	No
8806526286	AC Induction Motor 10HP (Plant-Bengaluru)	25-Jul	133	126	37	80	850	No
8806526286	AC Induction Motor 10HP (Plant-Pune)	25-Aug	269	308	33	80	850	Yes
8806526286	AC Induction Motor 10HP (Plant-Chakan)	25-Aug	204	242	37	80	850	Yes
8806526286	AC Induction Motor 10HP (Plant-Talegaon)	25-Aug	259	266	36	80	850	No
8806526286	AC Induction Motor 10HP (Plant-Nashik)	25-Aug	200	157	34	80	850	No
8806526286	AC Induction Motor 10HP (Plant-Aurangabad)	25-Aug	142	88	38	80	850	No
8806526286	AC Induction Motor 10HP (Plant-Nagpur)	25-Aug	172	150	36	80	850	No
8806526286	AC Induction Motor 10HP (Plant-Mumbai)	25-Aug	248	151	38	80	850	No
8806526286	AC Induction Motor 10HP (Plant-Gujarat)	25-Aug	120	90	35	80	850	No
8806526286	AC Induction Motor 10HP (Plant-Chennai)	25-Aug	123	89	33	80	850	No
8806526286	AC Induction Motor 10HP (Plant-Bengaluru)	25-Aug	243	209	35	80	850	No
8806526286	AC Induction Motor 10HP (Plant-Pune)	25-Sep	213	182	33	80	850	No
8806526286	AC Induction Motor 10HP (Plant-Chakan)	25-Sep	213	136	34	80	850	No
8806526286	AC Induction Motor 10HP (Plant-Talegaon)	25-Sep	201	133	34	80	850	No
8806526286	AC Induction Motor 10HP (Plant-Nashik)	25-Sep	217	122	33	80	850	No
8806526286	AC Induction Motor 10HP (Plant-Aurangabad)	25-Sep	82	82	38	80	850	No
8806526286	AC Induction Motor 10HP (Plant-Nagpur)	25-Sep	243	212	33	80	850	No
8806526286	AC Induction Motor 10HP (Plant-Mumbai)	25-Sep	198	194	38	80	850	No
8806526286	AC Induction Motor 10HP (Plant-Gujarat)	25-Sep	112	135	38	80	850	Yes
8806526286	AC Induction Motor 10HP (Plant-Chennai)	25-Sep	210	192	37	80	850	No
8806526286	AC Induction Motor 10HP (Plant-Bengaluru)	25-Sep	157	192	33	80	850	Yes
8806526286	AC Induction Motor 10HP (Plant-Pune)	25-Oct	74	64	33	80	850	No
8806526286	AC Induction Motor 10HP (Plant-Chakan)	25-Oct	139	108	33	80	850	No
8806526286	AC Induction Motor 10HP (Plant-Talegaon)	25-Oct	210	112	36	80	850	No
8806526286	AC Induction Motor 10HP (Plant-Nashik)	25-Oct	128	72	36	80	850	No
8806526286	AC Induction Motor 10HP (Plant-Aurangabad)	25-Oct	204	178	37	80	850	No
8806526286	AC Induction Motor 10HP (Plant-Nagpur)	25-Oct	95	111	34	80	850	No
8806526286	AC Induction Motor 10HP (Plant-Mumbai)	25-Oct	198	148	33	80	850	No
8806526286	AC Induction Motor 10HP (Plant-Gujarat)	25-Oct	70	85	38	80	850	No
8806526286	AC Induction Motor 10HP (Plant-Chennai)	25-Oct	132	92	34	80	850	No
8806526286	AC Induction Motor 10HP (Plant-Bengaluru)	25-Oct	110	75	38	80	850	No
8806526286	AC Induction Motor 10HP (Plant-Pune)	25-Nov	161	113	34	80	850	No
8806526286	AC Induction Motor 10HP (Plant-Chakan)	25-Nov	129	77	35	80	850	No
8806526286	AC Induction Motor 10HP (Plant-Talegaon)	25-Nov	161	115	36	80	850	No
8806526286	AC Induction Motor 10HP (Plant-Nashik)	25-Nov	135	89	38	80	850	No
8806526286	AC Induction Motor 10HP (Plant-Aurangabad)	25-Nov	138	73	35	80	850	No
8806526286	AC Induction Motor 10HP (Plant-Nagpur)	25-Nov	185	167	38	80	850	No
8806526286	AC Induction Motor 10HP (Plant-Mumbai)	25-Nov	74	84	37	80	850	No
8806526286	AC Induction Motor 10HP (Plant-Gujarat)	25-Nov	173	105	34	80	850	No
8806526286	AC Induction Motor 10HP (Plant-Chennai)	25-Nov	185	155	37	80	850	No
8806526286	AC Induction Motor 10HP (Plant-Bengaluru)	25-Nov	97	111	33	80	850	No
8806526286	AC Induction Motor 10HP (Plant-Pune)	25-Dec	90	110	33	80	850	Yes
8806526286	AC Induction Motor 10HP (Plant-Chakan)	25-Dec	223	114	33	80	850	No
8806526286	AC Induction Motor 10HP (Plant-Talegaon)	25-Dec	184	106	33	80	850	No
8806526286	AC Induction Motor 10HP (Plant-Nashik)	25-Dec	97	66	36	80	850	No
8806526286	AC Induction Motor 10HP (Plant-Aurangabad)	25-Dec	267	243	36	80	850	No
8806526286	AC Induction Motor 10HP (Plant-Nagpur)	25-Dec	125	89	38	80	850	No
8806526286	AC Induction Motor 10HP (Plant-Mumbai)	25-Dec	100	101	33	80	850	No
8806526286	AC Induction Motor 10HP (Plant-Gujarat)	25-Dec	246	253	34	80	850	No
8806526286	AC Induction Motor 10HP (Plant-Chennai)	25-Dec	70	38	33	80	850	No
8806526286	AC Induction Motor 10HP (Plant-Bengaluru)	25-Dec	163	119	33	80	850	No
8806526286	AC Induction Motor 10HP (Plant-Pune)	26-Jan	240	281	34	80	850	Yes
8806526286	AC Induction Motor 10HP (Plant-Chakan)	26-Jan	89	65	38	80	850	No
8806526286	AC Induction Motor 10HP (Plant-Talegaon)	26-Jan	101	102	38	80	850	No
8806526286	AC Induction Motor 10HP (Plant-Nashik)	26-Jan	68	83	33	80	850	No
8806526286	AC Induction Motor 10HP (Plant-Aurangabad)	26-Jan	267	216	33	80	850	No
8806526286	AC Induction Motor 10HP (Plant-Nagpur)	26-Jan	244	188	37	80	850	No
8806526286	AC Induction Motor 10HP (Plant-Mumbai)	26-Jan	83	94	38	80	850	No
8806526286	AC Induction Motor 10HP (Plant-Gujarat)	26-Jan	271	316	37	80	850	Yes
8806526286	AC Induction Motor 10HP (Plant-Chennai)	26-Jan	268	213	33	80	850	No
8806526286	AC Induction Motor 10HP (Plant-Bengaluru)	26-Jan	231	135	35	80	850	No
8806526286	AC Induction Motor 10HP (Plant-Pune)	26-Feb	65	74	37	80	850	No
8806526286	AC Induction Motor 10HP (Plant-Chakan)	26-Feb	252	303	38	80	850	Yes
8806526286	AC Induction Motor 10HP (Plant-Talegaon)	26-Feb	219	131	33	80	850	No
8806526286	AC Induction Motor 10HP (Plant-Nashik)	26-Feb	241	181	34	80	850	No
8806526286	AC Induction Motor 10HP (Plant-Aurangabad)	26-Feb	72	65	37	80	850	No
8806526286	AC Induction Motor 10HP (Plant-Nagpur)	26-Feb	277	230	38	80	850	No
8806526286	AC Induction Motor 10HP (Plant-Mumbai)	26-Feb	197	107	38	80	850	No
8806526286	AC Induction Motor 10HP (Plant-Gujarat)	26-Feb	172	95	36	80	850	No
8806526286	AC Induction Motor 10HP (Plant-Chennai)	26-Feb	132	90	37	80	850	No
8806526286	AC Induction Motor 10HP (Plant-Bengaluru)	26-Feb	228	153	38	80	850	No
8806526286	AC Induction Motor 10HP (Plant-Pune)	26-Mar	135	140	33	80	850	No
8806526286	AC Induction Motor 10HP (Plant-Chakan)	26-Mar	181	178	38	80	850	No
8806526286	AC Induction Motor 10HP (Plant-Talegaon)	26-Mar	236	292	37	80	850	Yes
8806526286	AC Induction Motor 10HP (Plant-Nashik)	26-Mar	74	56	37	80	850	No
8806526286	AC Induction Motor 10HP (Plant-Aurangabad)	26-Mar	245	231	33	80	850	No
8806526286	AC Induction Motor 10HP (Plant-Nagpur)	26-Mar	246	133	35	80	850	No
8806526286	AC Induction Motor 10HP (Plant-Mumbai)	26-Mar	171	112	37	80	850	No
8806526286	AC Induction Motor 10HP (Plant-Gujarat)	26-Mar	83	101	36	80	850	Yes
8806526286	AC Induction Motor 10HP (Plant-Chennai)	26-Mar	170	124	38	80	850	No
8806526286	AC Induction Motor 10HP (Plant-Bengaluru)	26-Mar	193	231	36	80	850	Yes
8806526286	AC Induction Motor 10HP (Plant-Pune)	26-Apr	94	56	34	80	850	No
8806526286	AC Induction Motor 10HP (Plant-Chakan)	26-Apr	271	258	36	80	850	No
8806526286	AC Induction Motor 10HP (Plant-Talegaon)	26-Apr	241	290	38	80	850	Yes
8806526286	AC Induction Motor 10HP (Plant-Nashik)	26-Apr	75	65	33	80	850	No
8806526286	AC Induction Motor 10HP (Plant-Aurangabad)	26-Apr	251	157	34	80	850	No
8806526286	AC Induction Motor 10HP (Plant-Nagpur)	26-Apr	228	239	34	80	850	No
8806526286	AC Induction Motor 10HP (Plant-Mumbai)	26-Apr	128	72	33	80	850	No
8806526286	AC Induction Motor 10HP (Plant-Gujarat)	26-Apr	253	273	33	80	850	Yes
8806526286	AC Induction Motor 10HP (Plant-Chennai)	26-Apr	145	154	35	80	850	No
8806526286	AC Induction Motor 10HP (Plant-Bengaluru)	26-Apr	105	79	34	80	850	No
8806526286	AC Induction Motor 10HP (Plant-Pune)	26-May	76	79	35	80	850	No
8806526286	AC Induction Motor 10HP (Plant-Chakan)	26-May	128	150	36	80	850	Yes
8806526286	AC Induction Motor 10HP (Plant-Talegaon)	26-May	209	237	35	80	850	Yes
8806526286	AC Induction Motor 10HP (Plant-Nashik)	26-May	118	131	37	80	850	No
8806526286	AC Induction Motor 10HP (Plant-Aurangabad)	26-May	162	157	35	80	850	No
8806526286	AC Induction Motor 10HP (Plant-Nagpur)	26-May	203	124	35	80	850	No
8806526286	AC Induction Motor 10HP (Plant-Mumbai)	26-May	158	114	34	80	850	No
8806526286	AC Induction Motor 10HP (Plant-Gujarat)	26-May	208	208	37	80	850	No
8806526286	AC Induction Motor 10HP (Plant-Chennai)	26-May	223	123	36	80	850	No
8806526286	AC Induction Motor 10HP (Plant-Bengaluru)	26-May	180	132	35	80	850	No
8806526286	AC Induction Motor 10HP (Plant-Pune)	26-Jun	243	210	36	80	850	No
8806526286	AC Induction Motor 10HP (Plant-Chakan)	26-Jun	200	229	34	80	850	Yes
8806526286	AC Induction Motor 10HP (Plant-Talegaon)	26-Jun	172	112	34	80	850	No
8806526286	AC Induction Motor 10HP (Plant-Nashik)	26-Jun	239	194	36	80	850	No
8806526286	AC Induction Motor 10HP (Plant-Aurangabad)	26-Jun	100	110	36	80	850	No
8806526286	AC Induction Motor 10HP (Plant-Nagpur)	26-Jun	163	195	36	80	850	Yes
8806526286	AC Induction Motor 10HP (Plant-Mumbai)	26-Jun	226	147	34	80	850	No
8806526286	AC Induction Motor 10HP (Plant-Gujarat)	26-Jun	72	40	35	80	850	No
8806526286	AC Induction Motor 10HP (Plant-Chennai)	26-Jun	90	85	37	80	850	No
8806526286	AC Induction Motor 10HP (Plant-Bengaluru)	26-Jun	120	91	33	80	850	No
8806526287	Cast Iron Valve Box (Plant-Pune)	25-Jan	1073	1205	27	500	60	Yes
8806526287	Cast Iron Valve Box (Plant-Chakan)	25-Jan	1097	1171	30	500	60	No
8806526287	Cast Iron Valve Box (Plant-Talegaon)	25-Jan	1270	933	30	500	60	No
8806526287	Cast Iron Valve Box (Plant-Nashik)	25-Jan	1092	1245	29	500	60	Yes
8806526287	Cast Iron Valve Box (Plant-Aurangabad)	25-Jan	592	491	26	500	60	No
8806526287	Cast Iron Valve Box (Plant-Nagpur)	25-Jan	1484	899	31	500	60	No
8806526287	Cast Iron Valve Box (Plant-Mumbai)	25-Jan	1513	792	26	500	60	No
8806526287	Cast Iron Valve Box (Plant-Gujarat)	25-Jan	1577	1858	28	500	60	Yes
8806526287	Cast Iron Valve Box (Plant-Chennai)	25-Jan	1747	1176	30	500	60	No
8806526287	Cast Iron Valve Box (Plant-Bengaluru)	25-Jan	935	555	27	500	60	No
8806526287	Cast Iron Valve Box (Plant-Pune)	25-Feb	1491	1585	31	500	60	No
8806526287	Cast Iron Valve Box (Plant-Chakan)	25-Feb	1586	888	28	500	60	No
8806526287	Cast Iron Valve Box (Plant-Talegaon)	25-Feb	1522	1678	27	500	60	Yes
8806526287	Cast Iron Valve Box (Plant-Nashik)	25-Feb	1271	1381	31	500	60	Yes
8806526287	Cast Iron Valve Box (Plant-Aurangabad)	25-Feb	1390	1242	28	500	60	No
8806526287	Cast Iron Valve Box (Plant-Nagpur)	25-Feb	1676	1392	29	500	60	No
8806526287	Cast Iron Valve Box (Plant-Mumbai)	25-Feb	1241	1422	27	500	60	Yes
8806526287	Cast Iron Valve Box (Plant-Gujarat)	25-Feb	1710	1580	27	500	60	No
8806526287	Cast Iron Valve Box (Plant-Chennai)	25-Feb	778	579	31	500	60	No
8806526287	Cast Iron Valve Box (Plant-Bengaluru)	25-Feb	1657	982	28	500	60	No
8806526287	Cast Iron Valve Box (Plant-Pune)	25-Mar	1687	1809	26	500	60	Yes
8806526287	Cast Iron Valve Box (Plant-Chakan)	25-Mar	1658	1850	31	500	60	Yes
8806526287	Cast Iron Valve Box (Plant-Talegaon)	25-Mar	1213	1323	29	500	60	Yes
8806526287	Cast Iron Valve Box (Plant-Nashik)	25-Mar	955	685	29	500	60	No
8806526287	Cast Iron Valve Box (Plant-Aurangabad)	25-Mar	863	440	30	500	60	No
8806526287	Cast Iron Valve Box (Plant-Nagpur)	25-Mar	884	790	31	500	60	No
8806526287	Cast Iron Valve Box (Plant-Mumbai)	25-Mar	496	386	31	500	60	No
8806526287	Cast Iron Valve Box (Plant-Gujarat)	25-Mar	1485	1596	26	500	60	Yes
8806526287	Cast Iron Valve Box (Plant-Chennai)	25-Mar	925	488	30	500	60	No
8806526287	Cast Iron Valve Box (Plant-Bengaluru)	25-Mar	585	558	27	500	60	No
8806526287	Cast Iron Valve Box (Plant-Pune)	25-Apr	670	433	27	500	60	No
8806526287	Cast Iron Valve Box (Plant-Chakan)	25-Apr	456	331	28	500	60	No
8806526287	Cast Iron Valve Box (Plant-Talegaon)	25-Apr	1007	1072	30	500	60	No
8806526287	Cast Iron Valve Box (Plant-Nashik)	25-Apr	1400	1200	28	500	60	No
8806526287	Cast Iron Valve Box (Plant-Aurangabad)	25-Apr	688	629	26	500	60	No
8806526287	Cast Iron Valve Box (Plant-Nagpur)	25-Apr	627	653	26	500	60	No
8806526287	Cast Iron Valve Box (Plant-Mumbai)	25-Apr	779	827	26	500	60	No
8806526287	Cast Iron Valve Box (Plant-Gujarat)	25-Apr	825	422	31	500	60	No
8806526287	Cast Iron Valve Box (Plant-Chennai)	25-Apr	675	830	29	500	60	Yes
8806526287	Cast Iron Valve Box (Plant-Bengaluru)	25-Apr	1307	1159	29	500	60	No
8806526287	Cast Iron Valve Box (Plant-Pune)	25-May	709	485	29	500	60	No
8806526287	Cast Iron Valve Box (Plant-Chakan)	25-May	677	548	26	500	60	No
8806526287	Cast Iron Valve Box (Plant-Talegaon)	25-May	1300	1204	29	500	60	No
8806526287	Cast Iron Valve Box (Plant-Nashik)	25-May	445	395	26	500	60	No
8806526287	Cast Iron Valve Box (Plant-Aurangabad)	25-May	771	519	31	500	60	No
8806526287	Cast Iron Valve Box (Plant-Nagpur)	25-May	1493	928	29	500	60	No
8806526287	Cast Iron Valve Box (Plant-Mumbai)	25-May	1372	971	30	500	60	No
8806526287	Cast Iron Valve Box (Plant-Gujarat)	25-May	1386	872	28	500	60	No
8806526287	Cast Iron Valve Box (Plant-Chennai)	25-May	708	557	30	500	60	No
8806526287	Cast Iron Valve Box (Plant-Bengaluru)	25-May	1410	1279	31	500	60	No
8806526287	Cast Iron Valve Box (Plant-Pune)	25-Jun	1312	1353	29	500	60	No
8806526287	Cast Iron Valve Box (Plant-Chakan)	25-Jun	735	395	31	500	60	No
8806526287	Cast Iron Valve Box (Plant-Talegaon)	25-Jun	1216	805	26	500	60	No
8806526287	Cast Iron Valve Box (Plant-Nashik)	25-Jun	506	265	31	500	60	No
8806526287	Cast Iron Valve Box (Plant-Aurangabad)	25-Jun	519	639	28	500	60	Yes
8806526287	Cast Iron Valve Box (Plant-Nagpur)	25-Jun	779	680	28	500	60	No
8806526287	Cast Iron Valve Box (Plant-Mumbai)	25-Jun	799	667	26	500	60	No
8806526287	Cast Iron Valve Box (Plant-Gujarat)	25-Jun	1181	686	26	500	60	No
8806526287	Cast Iron Valve Box (Plant-Chennai)	25-Jun	760	440	26	500	60	No
8806526287	Cast Iron Valve Box (Plant-Bengaluru)	25-Jun	1439	1166	31	500	60	No
8806526287	Cast Iron Valve Box (Plant-Pune)	25-Jul	609	324	29	500	60	No
8806526287	Cast Iron Valve Box (Plant-Chakan)	25-Jul	1707	1263	30	500	60	No
8806526287	Cast Iron Valve Box (Plant-Talegaon)	25-Jul	517	474	28	500	60	No
8806526287	Cast Iron Valve Box (Plant-Nashik)	25-Jul	871	530	31	500	60	No
8806526287	Cast Iron Valve Box (Plant-Aurangabad)	25-Jul	784	550	29	500	60	No
8806526287	Cast Iron Valve Box (Plant-Nagpur)	25-Jul	1552	1594	29	500	60	No
8806526287	Cast Iron Valve Box (Plant-Mumbai)	25-Jul	648	560	28	500	60	No
8806526287	Cast Iron Valve Box (Plant-Gujarat)	25-Jul	1227	1475	28	500	60	Yes
8806526287	Cast Iron Valve Box (Plant-Chennai)	25-Jul	707	708	28	500	60	No
8806526287	Cast Iron Valve Box (Plant-Bengaluru)	25-Jul	1235	1214	28	500	60	No
8806526287	Cast Iron Valve Box (Plant-Pune)	25-Aug	676	488	27	500	60	No
8806526287	Cast Iron Valve Box (Plant-Chakan)	25-Aug	419	319	28	500	60	No
8806526287	Cast Iron Valve Box (Plant-Talegaon)	25-Aug	1178	1339	26	500	60	Yes
8806526287	Cast Iron Valve Box (Plant-Nashik)	25-Aug	1470	1203	26	500	60	No
8806526287	Cast Iron Valve Box (Plant-Aurangabad)	25-Aug	1459	1399	29	500	60	No
8806526287	Cast Iron Valve Box (Plant-Nagpur)	25-Aug	999	602	27	500	60	No
8806526287	Cast Iron Valve Box (Plant-Mumbai)	25-Aug	1231	1404	27	500	60	Yes
8806526287	Cast Iron Valve Box (Plant-Gujarat)	25-Aug	633	561	26	500	60	No
8806526287	Cast Iron Valve Box (Plant-Chennai)	25-Aug	1014	734	30	500	60	No
8806526287	Cast Iron Valve Box (Plant-Bengaluru)	25-Aug	657	504	29	500	60	No
8806526287	Cast Iron Valve Box (Plant-Pune)	25-Sep	819	558	30	500	60	No
8806526287	Cast Iron Valve Box (Plant-Chakan)	25-Sep	956	1141	29	500	60	Yes
8806526287	Cast Iron Valve Box (Plant-Talegaon)	25-Sep	697	797	28	500	60	No
8806526287	Cast Iron Valve Box (Plant-Nashik)	25-Sep	537	627	31	500	60	No
8806526287	Cast Iron Valve Box (Plant-Aurangabad)	25-Sep	870	642	26	500	60	No
8806526287	Cast Iron Valve Box (Plant-Nagpur)	25-Sep	1721	1261	26	500	60	No
8806526287	Cast Iron Valve Box (Plant-Mumbai)	25-Sep	721	736	31	500	60	No
8806526287	Cast Iron Valve Box (Plant-Gujarat)	25-Sep	1413	1572	26	500	60	Yes
8806526287	Cast Iron Valve Box (Plant-Chennai)	25-Sep	805	731	28	500	60	No
8806526287	Cast Iron Valve Box (Plant-Bengaluru)	25-Sep	883	850	29	500	60	No
8806526287	Cast Iron Valve Box (Plant-Pune)	25-Oct	601	498	31	500	60	No
8806526287	Cast Iron Valve Box (Plant-Chakan)	25-Oct	854	869	29	500	60	No
8806526287	Cast Iron Valve Box (Plant-Talegaon)	25-Oct	1157	957	27	500	60	No
8806526287	Cast Iron Valve Box (Plant-Nashik)	25-Oct	1624	1052	28	500	60	No
8806526287	Cast Iron Valve Box (Plant-Aurangabad)	25-Oct	1279	694	28	500	60	No
8806526287	Cast Iron Valve Box (Plant-Nagpur)	25-Oct	785	611	28	500	60	No
8806526287	Cast Iron Valve Box (Plant-Mumbai)	25-Oct	446	279	31	500	60	No
8806526287	Cast Iron Valve Box (Plant-Gujarat)	25-Oct	1038	542	28	500	60	No
8806526287	Cast Iron Valve Box (Plant-Chennai)	25-Oct	1699	938	31	500	60	No
8806526287	Cast Iron Valve Box (Plant-Bengaluru)	25-Oct	802	817	29	500	60	No
8806526287	Cast Iron Valve Box (Plant-Pune)	25-Nov	1215	885	30	500	60	No
8806526287	Cast Iron Valve Box (Plant-Chakan)	25-Nov	1262	1108	30	500	60	No
8806526287	Cast Iron Valve Box (Plant-Talegaon)	25-Nov	430	226	31	500	60	No
8806526287	Cast Iron Valve Box (Plant-Nashik)	25-Nov	1183	736	30	500	60	No
8806526287	Cast Iron Valve Box (Plant-Aurangabad)	25-Nov	1136	696	31	500	60	No
8806526287	Cast Iron Valve Box (Plant-Nagpur)	25-Nov	796	961	30	500	60	Yes
8806526287	Cast Iron Valve Box (Plant-Mumbai)	25-Nov	1077	593	29	500	60	No
8806526287	Cast Iron Valve Box (Plant-Gujarat)	25-Nov	741	758	26	500	60	No
8806526287	Cast Iron Valve Box (Plant-Chennai)	25-Nov	735	627	29	500	60	No
8806526287	Cast Iron Valve Box (Plant-Bengaluru)	25-Nov	1065	877	29	500	60	No
8806526287	Cast Iron Valve Box (Plant-Pune)	25-Dec	1255	1455	29	500	60	Yes
8806526287	Cast Iron Valve Box (Plant-Chakan)	25-Dec	771	476	29	500	60	No
8806526287	Cast Iron Valve Box (Plant-Talegaon)	25-Dec	1073	1281	30	500	60	Yes
8806526287	Cast Iron Valve Box (Plant-Nashik)	25-Dec	1344	1108	26	500	60	No
8806526287	Cast Iron Valve Box (Plant-Aurangabad)	25-Dec	1323	1301	26	500	60	No
8806526287	Cast Iron Valve Box (Plant-Nagpur)	25-Dec	1555	1167	26	500	60	No
8806526287	Cast Iron Valve Box (Plant-Mumbai)	25-Dec	521	331	26	500	60	No
8806526287	Cast Iron Valve Box (Plant-Gujarat)	25-Dec	1657	933	29	500	60	No
8806526287	Cast Iron Valve Box (Plant-Chennai)	25-Dec	1707	2021	31	500	60	Yes
8806526287	Cast Iron Valve Box (Plant-Bengaluru)	25-Dec	865	829	26	500	60	No
8806526287	Cast Iron Valve Box (Plant-Pune)	26-Jan	1458	1230	28	500	60	No
8806526287	Cast Iron Valve Box (Plant-Chakan)	26-Jan	1209	1080	29	500	60	No
8806526287	Cast Iron Valve Box (Plant-Talegaon)	26-Jan	1094	1176	31	500	60	No
8806526287	Cast Iron Valve Box (Plant-Nashik)	26-Jan	559	601	29	500	60	No
8806526287	Cast Iron Valve Box (Plant-Aurangabad)	26-Jan	1067	801	27	500	60	No
8806526287	Cast Iron Valve Box (Plant-Nagpur)	26-Jan	639	794	28	500	60	Yes
8806526287	Cast Iron Valve Box (Plant-Mumbai)	26-Jan	1483	1821	30	500	60	Yes
8806526287	Cast Iron Valve Box (Plant-Gujarat)	26-Jan	585	562	27	500	60	No
8806526287	Cast Iron Valve Box (Plant-Chennai)	26-Jan	1162	637	29	500	60	No
8806526287	Cast Iron Valve Box (Plant-Bengaluru)	26-Jan	508	310	27	500	60	No
8806526287	Cast Iron Valve Box (Plant-Pune)	26-Feb	502	455	27	500	60	No
8806526287	Cast Iron Valve Box (Plant-Chakan)	26-Feb	1564	1646	29	500	60	No
8806526287	Cast Iron Valve Box (Plant-Talegaon)	26-Feb	1102	1023	27	500	60	No
8806526287	Cast Iron Valve Box (Plant-Nashik)	26-Feb	429	372	27	500	60	No
8806526287	Cast Iron Valve Box (Plant-Aurangabad)	26-Feb	853	495	29	500	60	No
8806526287	Cast Iron Valve Box (Plant-Nagpur)	26-Feb	937	582	29	500	60	No
8806526287	Cast Iron Valve Box (Plant-Mumbai)	26-Feb	1352	782	26	500	60	No
8806526287	Cast Iron Valve Box (Plant-Gujarat)	26-Feb	909	581	27	500	60	No
8806526287	Cast Iron Valve Box (Plant-Chennai)	26-Feb	898	713	26	500	60	No
8806526287	Cast Iron Valve Box (Plant-Bengaluru)	26-Feb	684	528	27	500	60	No
8806526287	Cast Iron Valve Box (Plant-Pune)	26-Mar	864	868	28	500	60	No
8806526287	Cast Iron Valve Box (Plant-Chakan)	26-Mar	1735	2032	29	500	60	Yes
8806526287	Cast Iron Valve Box (Plant-Talegaon)	26-Mar	1173	943	29	500	60	No
8806526287	Cast Iron Valve Box (Plant-Nashik)	26-Mar	1673	1981	26	500	60	Yes
8806526287	Cast Iron Valve Box (Plant-Aurangabad)	26-Mar	874	957	30	500	60	No
8806526287	Cast Iron Valve Box (Plant-Nagpur)	26-Mar	1017	922	30	500	60	No
8806526287	Cast Iron Valve Box (Plant-Mumbai)	26-Mar	569	579	31	500	60	No
8806526287	Cast Iron Valve Box (Plant-Gujarat)	26-Mar	1639	1732	28	500	60	No
8806526287	Cast Iron Valve Box (Plant-Chennai)	26-Mar	432	378	29	500	60	No
8806526287	Cast Iron Valve Box (Plant-Bengaluru)	26-Mar	1250	804	27	500	60	No
8806526287	Cast Iron Valve Box (Plant-Pune)	26-Apr	512	555	28	500	60	No
8806526287	Cast Iron Valve Box (Plant-Chakan)	26-Apr	1597	1067	27	500	60	No
8806526287	Cast Iron Valve Box (Plant-Talegaon)	26-Apr	1020	1019	29	500	60	No
8806526287	Cast Iron Valve Box (Plant-Nashik)	26-Apr	1375	1486	28	500	60	Yes
8806526287	Cast Iron Valve Box (Plant-Aurangabad)	26-Apr	623	332	26	500	60	No
8806526287	Cast Iron Valve Box (Plant-Nagpur)	26-Apr	835	743	30	500	60	No
8806526287	Cast Iron Valve Box (Plant-Mumbai)	26-Apr	1274	667	30	500	60	No
8806526287	Cast Iron Valve Box (Plant-Gujarat)	26-Apr	512	437	30	500	60	No
8806526287	Cast Iron Valve Box (Plant-Chennai)	26-Apr	1686	1719	26	500	60	No
8806526287	Cast Iron Valve Box (Plant-Bengaluru)	26-Apr	1715	1487	27	500	60	No
8806526287	Cast Iron Valve Box (Plant-Pune)	26-May	976	905	29	500	60	No
8806526287	Cast Iron Valve Box (Plant-Chakan)	26-May	865	653	27	500	60	No
8806526287	Cast Iron Valve Box (Plant-Talegaon)	26-May	479	536	26	500	60	No
8806526287	Cast Iron Valve Box (Plant-Nashik)	26-May	926	754	27	500	60	No
8806526287	Cast Iron Valve Box (Plant-Aurangabad)	26-May	1044	931	30	500	60	No
8806526287	Cast Iron Valve Box (Plant-Nagpur)	26-May	917	730	28	500	60	No
8806526287	Cast Iron Valve Box (Plant-Mumbai)	26-May	1453	734	28	500	60	No
8806526287	Cast Iron Valve Box (Plant-Gujarat)	26-May	1693	899	27	500	60	No
8806526287	Cast Iron Valve Box (Plant-Chennai)	26-May	448	244	26	500	60	No
8806526287	Cast Iron Valve Box (Plant-Bengaluru)	26-May	1392	1632	29	500	60	Yes
8806526287	Cast Iron Valve Box (Plant-Pune)	26-Jun	944	791	28	500	60	No
8806526287	Cast Iron Valve Box (Plant-Chakan)	26-Jun	1714	1345	29	500	60	No
8806526287	Cast Iron Valve Box (Plant-Talegaon)	26-Jun	1148	1188	29	500	60	No
8806526287	Cast Iron Valve Box (Plant-Nashik)	26-Jun	978	720	29	500	60	No
8806526287	Cast Iron Valve Box (Plant-Aurangabad)	26-Jun	1336	1170	26	500	60	No
8806526287	Cast Iron Valve Box (Plant-Nagpur)	26-Jun	1377	1053	27	500	60	No
8806526287	Cast Iron Valve Box (Plant-Mumbai)	26-Jun	1624	1504	27	500	60	No
8806526287	Cast Iron Valve Box (Plant-Gujarat)	26-Jun	1351	1392	28	500	60	No
8806526287	Cast Iron Valve Box (Plant-Chennai)	26-Jun	937	556	31	500	60	No
8806526287	Cast Iron Valve Box (Plant-Bengaluru)	26-Jun	1527	1099	31	500	60	No
8806526288	Galvanized Steel Wire Mesh (Plant-Pune)	25-Jan	2192	2340	11	1800	22	No
8806526288	Galvanized Steel Wire Mesh (Plant-Chakan)	25-Jan	1688	1538	12	1800	22	No
8806526288	Galvanized Steel Wire Mesh (Plant-Talegaon)	25-Jan	3125	2035	11	1800	22	No
8806526288	Galvanized Steel Wire Mesh (Plant-Nashik)	25-Jan	4530	5289	11	1800	22	Yes
8806526288	Galvanized Steel Wire Mesh (Plant-Aurangabad)	25-Jan	5267	4250	13	1800	22	No
8806526288	Galvanized Steel Wire Mesh (Plant-Nagpur)	25-Jan	1544	1773	13	1800	22	No
8806526288	Galvanized Steel Wire Mesh (Plant-Mumbai)	25-Jan	2847	2630	9	1800	22	No
8806526288	Galvanized Steel Wire Mesh (Plant-Gujarat)	25-Jan	4266	4963	10	1800	22	Yes
8806526288	Galvanized Steel Wire Mesh (Plant-Chennai)	25-Jan	3987	4380	10	1800	22	Yes
8806526288	Galvanized Steel Wire Mesh (Plant-Bengaluru)	25-Jan	2115	1601	9	1800	22	No
8806526288	Galvanized Steel Wire Mesh (Plant-Pune)	25-Feb	4796	4142	8	1800	22	No
8806526288	Galvanized Steel Wire Mesh (Plant-Chakan)	25-Feb	5401	6622	13	1800	22	Yes
8806526288	Galvanized Steel Wire Mesh (Plant-Talegaon)	25-Feb	1491	860	13	1800	22	No
8806526288	Galvanized Steel Wire Mesh (Plant-Nashik)	25-Feb	4712	5055	13	1800	22	No
8806526288	Galvanized Steel Wire Mesh (Plant-Aurangabad)	25-Feb	2763	3396	8	1800	22	Yes
8806526288	Galvanized Steel Wire Mesh (Plant-Nagpur)	25-Feb	2722	1702	11	1800	22	No
8806526288	Galvanized Steel Wire Mesh (Plant-Mumbai)	25-Feb	4151	4617	8	1800	22	Yes
8806526288	Galvanized Steel Wire Mesh (Plant-Gujarat)	25-Feb	2609	1926	9	1800	22	No
8806526288	Galvanized Steel Wire Mesh (Plant-Chennai)	25-Feb	1680	1744	9	1800	22	No
8806526288	Galvanized Steel Wire Mesh (Plant-Bengaluru)	25-Feb	4005	3794	11	1800	22	No
8806526288	Galvanized Steel Wire Mesh (Plant-Pune)	25-Mar	3477	1801	13	1800	22	No
8806526288	Galvanized Steel Wire Mesh (Plant-Chakan)	25-Mar	4365	2186	8	1800	22	No
8806526288	Galvanized Steel Wire Mesh (Plant-Talegaon)	25-Mar	5467	4588	13	1800	22	No
8806526288	Galvanized Steel Wire Mesh (Plant-Nashik)	25-Mar	1869	944	13	1800	22	No
8806526288	Galvanized Steel Wire Mesh (Plant-Aurangabad)	25-Mar	1642	1914	11	1800	22	No
8806526288	Galvanized Steel Wire Mesh (Plant-Nagpur)	25-Mar	5751	6593	8	1800	22	Yes
8806526288	Galvanized Steel Wire Mesh (Plant-Mumbai)	25-Mar	3273	2146	13	1800	22	No
8806526288	Galvanized Steel Wire Mesh (Plant-Gujarat)	25-Mar	3399	3428	8	1800	22	No
8806526288	Galvanized Steel Wire Mesh (Plant-Chennai)	25-Mar	3870	2449	13	1800	22	No
8806526288	Galvanized Steel Wire Mesh (Plant-Bengaluru)	25-Mar	2465	1860	10	1800	22	No
8806526288	Galvanized Steel Wire Mesh (Plant-Pune)	25-Apr	2886	2983	8	1800	22	No
8806526288	Galvanized Steel Wire Mesh (Plant-Chakan)	25-Apr	3740	2038	13	1800	22	No
8806526288	Galvanized Steel Wire Mesh (Plant-Talegaon)	25-Apr	4716	5131	12	1800	22	Yes
8806526288	Galvanized Steel Wire Mesh (Plant-Nashik)	25-Apr	1539	1779	11	1800	22	No
8806526288	Galvanized Steel Wire Mesh (Plant-Aurangabad)	25-Apr	3872	4619	12	1800	22	Yes
8806526288	Galvanized Steel Wire Mesh (Plant-Nagpur)	25-Apr	5777	4394	11	1800	22	No
8806526288	Galvanized Steel Wire Mesh (Plant-Mumbai)	25-Apr	3583	4172	12	1800	22	Yes
8806526288	Galvanized Steel Wire Mesh (Plant-Gujarat)	25-Apr	4965	4530	8	1800	22	No
8806526288	Galvanized Steel Wire Mesh (Plant-Chennai)	25-Apr	5594	4131	11	1800	22	No
8806526288	Galvanized Steel Wire Mesh (Plant-Bengaluru)	25-Apr	2942	1555	13	1800	22	No
8806526288	Galvanized Steel Wire Mesh (Plant-Pune)	25-May	5695	3810	13	1800	22	No
8806526288	Galvanized Steel Wire Mesh (Plant-Chakan)	25-May	1696	1551	11	1800	22	No
8806526288	Galvanized Steel Wire Mesh (Plant-Talegaon)	25-May	5903	7292	9	1800	22	Yes
8806526288	Galvanized Steel Wire Mesh (Plant-Nashik)	25-May	2508	1639	13	1800	22	No
8806526288	Galvanized Steel Wire Mesh (Plant-Aurangabad)	25-May	5498	6709	9	1800	22	Yes
8806526288	Galvanized Steel Wire Mesh (Plant-Nagpur)	25-May	3926	4176	12	1800	22	No
8806526288	Galvanized Steel Wire Mesh (Plant-Mumbai)	25-May	3484	4185	10	1800	22	Yes
8806526288	Galvanized Steel Wire Mesh (Plant-Gujarat)	25-May	1774	1597	10	1800	22	No
8806526288	Galvanized Steel Wire Mesh (Plant-Chennai)	25-May	4858	2946	13	1800	22	No
8806526288	Galvanized Steel Wire Mesh (Plant-Bengaluru)	25-May	5545	2925	10	1800	22	No
8806526288	Galvanized Steel Wire Mesh (Plant-Pune)	25-Jun	5199	4662	9	1800	22	No
8806526288	Galvanized Steel Wire Mesh (Plant-Chakan)	25-Jun	1708	1468	13	1800	22	No
8806526288	Galvanized Steel Wire Mesh (Plant-Talegaon)	25-Jun	5521	3540	12	1800	22	No
8806526288	Galvanized Steel Wire Mesh (Plant-Nashik)	25-Jun	2260	1646	12	1800	22	No
8806526288	Galvanized Steel Wire Mesh (Plant-Aurangabad)	25-Jun	5787	4486	10	1800	22	No
8806526288	Galvanized Steel Wire Mesh (Plant-Nagpur)	25-Jun	4722	2665	12	1800	22	No
8806526288	Galvanized Steel Wire Mesh (Plant-Mumbai)	25-Jun	3131	3309	8	1800	22	No
8806526288	Galvanized Steel Wire Mesh (Plant-Gujarat)	25-Jun	3249	2297	13	1800	22	No
8806526288	Galvanized Steel Wire Mesh (Plant-Chennai)	25-Jun	3166	3393	12	1800	22	No
8806526288	Galvanized Steel Wire Mesh (Plant-Bengaluru)	25-Jun	1450	1346	12	1800	22	No
8806526288	Galvanized Steel Wire Mesh (Plant-Pune)	25-Jul	4221	4770	11	1800	22	Yes
8806526288	Galvanized Steel Wire Mesh (Plant-Chakan)	25-Jul	2892	2898	10	1800	22	No
8806526288	Galvanized Steel Wire Mesh (Plant-Talegaon)	25-Jul	2118	2236	9	1800	22	No
8806526288	Galvanized Steel Wire Mesh (Plant-Nashik)	25-Jul	6066	3316	12	1800	22	No
8806526288	Galvanized Steel Wire Mesh (Plant-Aurangabad)	25-Jul	2659	2336	11	1800	22	No
8806526288	Galvanized Steel Wire Mesh (Plant-Nagpur)	25-Jul	1650	1303	13	1800	22	No
8806526288	Galvanized Steel Wire Mesh (Plant-Mumbai)	25-Jul	5391	4723	12	1800	22	No
8806526288	Galvanized Steel Wire Mesh (Plant-Gujarat)	25-Jul	3597	4434	12	1800	22	Yes
8806526288	Galvanized Steel Wire Mesh (Plant-Chennai)	25-Jul	1523	1383	8	1800	22	No
8806526288	Galvanized Steel Wire Mesh (Plant-Bengaluru)	25-Jul	3796	4574	13	1800	22	Yes
8806526288	Galvanized Steel Wire Mesh (Plant-Pune)	25-Aug	3644	4198	13	1800	22	Yes
8806526288	Galvanized Steel Wire Mesh (Plant-Chakan)	25-Aug	1462	1532	8	1800	22	No
8806526288	Galvanized Steel Wire Mesh (Plant-Talegaon)	25-Aug	4103	4451	11	1800	22	No
8806526288	Galvanized Steel Wire Mesh (Plant-Nashik)	25-Aug	3270	3939	11	1800	22	Yes
8806526288	Galvanized Steel Wire Mesh (Plant-Aurangabad)	25-Aug	4064	4213	12	1800	22	No
8806526288	Galvanized Steel Wire Mesh (Plant-Nagpur)	25-Aug	5747	4480	8	1800	22	No
8806526288	Galvanized Steel Wire Mesh (Plant-Mumbai)	25-Aug	5032	2886	11	1800	22	No
8806526288	Galvanized Steel Wire Mesh (Plant-Gujarat)	25-Aug	3608	2579	9	1800	22	No
8806526288	Galvanized Steel Wire Mesh (Plant-Chennai)	25-Aug	4289	2596	11	1800	22	No
8806526288	Galvanized Steel Wire Mesh (Plant-Bengaluru)	25-Aug	5795	3783	9	1800	22	No
8806526288	Galvanized Steel Wire Mesh (Plant-Pune)	25-Sep	3164	2345	10	1800	22	No
8806526288	Galvanized Steel Wire Mesh (Plant-Chakan)	25-Sep	5569	5622	13	1800	22	No
8806526288	Galvanized Steel Wire Mesh (Plant-Talegaon)	25-Sep	4621	4455	12	1800	22	No
8806526288	Galvanized Steel Wire Mesh (Plant-Nashik)	25-Sep	2640	2815	11	1800	22	No
8806526288	Galvanized Steel Wire Mesh (Plant-Aurangabad)	25-Sep	5263	6299	11	1800	22	Yes
8806526288	Galvanized Steel Wire Mesh (Plant-Nagpur)	25-Sep	4109	2861	10	1800	22	No
8806526288	Galvanized Steel Wire Mesh (Plant-Mumbai)	25-Sep	3284	4050	11	1800	22	Yes
8806526288	Galvanized Steel Wire Mesh (Plant-Gujarat)	25-Sep	2192	1507	8	1800	22	No
8806526288	Galvanized Steel Wire Mesh (Plant-Chennai)	25-Sep	6175	6136	8	1800	22	No
8806526288	Galvanized Steel Wire Mesh (Plant-Bengaluru)	25-Sep	3185	3326	13	1800	22	No
8806526288	Galvanized Steel Wire Mesh (Plant-Pune)	25-Oct	4766	5483	8	1800	22	Yes
8806526288	Galvanized Steel Wire Mesh (Plant-Chakan)	25-Oct	5102	4072	10	1800	22	No
8806526288	Galvanized Steel Wire Mesh (Plant-Talegaon)	25-Oct	3623	1908	11	1800	22	No
8806526288	Galvanized Steel Wire Mesh (Plant-Nashik)	25-Oct	4795	5090	9	1800	22	No
8806526288	Galvanized Steel Wire Mesh (Plant-Aurangabad)	25-Oct	5626	3779	9	1800	22	No
8806526288	Galvanized Steel Wire Mesh (Plant-Nagpur)	25-Oct	3451	4042	8	1800	22	Yes
8806526288	Galvanized Steel Wire Mesh (Plant-Mumbai)	25-Oct	5703	3127	8	1800	22	No
8806526288	Galvanized Steel Wire Mesh (Plant-Gujarat)	25-Oct	6250	3457	10	1800	22	No
8806526288	Galvanized Steel Wire Mesh (Plant-Chennai)	25-Oct	1705	925	11	1800	22	No
8806526288	Galvanized Steel Wire Mesh (Plant-Bengaluru)	25-Oct	2420	2833	13	1800	22	Yes
8806526288	Galvanized Steel Wire Mesh (Plant-Pune)	25-Nov	2117	2183	11	1800	22	No
8806526288	Galvanized Steel Wire Mesh (Plant-Chakan)	25-Nov	6082	3277	10	1800	22	No
8806526288	Galvanized Steel Wire Mesh (Plant-Talegaon)	25-Nov	1754	1315	9	1800	22	No
8806526288	Galvanized Steel Wire Mesh (Plant-Nashik)	25-Nov	1833	1939	8	1800	22	No
8806526288	Galvanized Steel Wire Mesh (Plant-Aurangabad)	25-Nov	4100	4463	13	1800	22	Yes
8806526288	Galvanized Steel Wire Mesh (Plant-Nagpur)	25-Nov	3860	2324	12	1800	22	No
8806526288	Galvanized Steel Wire Mesh (Plant-Mumbai)	25-Nov	2056	1301	9	1800	22	No
8806526288	Galvanized Steel Wire Mesh (Plant-Gujarat)	25-Nov	3568	2887	10	1800	22	No
8806526288	Galvanized Steel Wire Mesh (Plant-Chennai)	25-Nov	2295	2719	8	1800	22	Yes
8806526288	Galvanized Steel Wire Mesh (Plant-Bengaluru)	25-Nov	6179	6874	11	1800	22	Yes
8806526288	Galvanized Steel Wire Mesh (Plant-Pune)	25-Dec	5695	6367	12	1800	22	Yes
8806526288	Galvanized Steel Wire Mesh (Plant-Chakan)	25-Dec	5666	3961	13	1800	22	No
8806526288	Galvanized Steel Wire Mesh (Plant-Talegaon)	25-Dec	1666	1234	9	1800	22	No
8806526288	Galvanized Steel Wire Mesh (Plant-Nashik)	25-Dec	5851	5270	12	1800	22	No
8806526288	Galvanized Steel Wire Mesh (Plant-Aurangabad)	25-Dec	5682	3826	12	1800	22	No
8806526288	Galvanized Steel Wire Mesh (Plant-Nagpur)	25-Dec	3867	2534	10	1800	22	No
8806526288	Galvanized Steel Wire Mesh (Plant-Mumbai)	25-Dec	4160	2486	12	1800	22	No
8806526288	Galvanized Steel Wire Mesh (Plant-Gujarat)	25-Dec	4282	2369	13	1800	22	No
8806526288	Galvanized Steel Wire Mesh (Plant-Chennai)	25-Dec	2709	1598	13	1800	22	No
8806526288	Galvanized Steel Wire Mesh (Plant-Bengaluru)	25-Dec	3749	3647	11	1800	22	No
8806526288	Galvanized Steel Wire Mesh (Plant-Pune)	26-Jan	3934	2713	12	1800	22	No
8806526288	Galvanized Steel Wire Mesh (Plant-Chakan)	26-Jan	2351	2187	13	1800	22	No
8806526288	Galvanized Steel Wire Mesh (Plant-Talegaon)	26-Jan	2142	1872	13	1800	22	No
8806526288	Galvanized Steel Wire Mesh (Plant-Nashik)	26-Jan	3319	1889	9	1800	22	No
8806526288	Galvanized Steel Wire Mesh (Plant-Aurangabad)	26-Jan	2567	1629	10	1800	22	No
8806526288	Galvanized Steel Wire Mesh (Plant-Nagpur)	26-Jan	4319	2245	9	1800	22	No
8806526288	Galvanized Steel Wire Mesh (Plant-Mumbai)	26-Jan	4872	3631	13	1800	22	No
8806526288	Galvanized Steel Wire Mesh (Plant-Gujarat)	26-Jan	3220	1685	11	1800	22	No
8806526288	Galvanized Steel Wire Mesh (Plant-Chennai)	26-Jan	5621	3086	12	1800	22	No
8806526288	Galvanized Steel Wire Mesh (Plant-Bengaluru)	26-Jan	6165	6830	13	1800	22	Yes
8806526288	Galvanized Steel Wire Mesh (Plant-Pune)	26-Feb	4469	3618	10	1800	22	No
8806526288	Galvanized Steel Wire Mesh (Plant-Chakan)	26-Feb	4606	4564	8	1800	22	No
8806526288	Galvanized Steel Wire Mesh (Plant-Talegaon)	26-Feb	2667	1943	11	1800	22	No
8806526288	Galvanized Steel Wire Mesh (Plant-Nashik)	26-Feb	2016	2326	8	1800	22	No
8806526288	Galvanized Steel Wire Mesh (Plant-Aurangabad)	26-Feb	4654	3661	11	1800	22	No
8806526288	Galvanized Steel Wire Mesh (Plant-Nagpur)	26-Feb	5210	6224	12	1800	22	Yes
8806526288	Galvanized Steel Wire Mesh (Plant-Mumbai)	26-Feb	2650	2569	12	1800	22	No
8806526288	Galvanized Steel Wire Mesh (Plant-Gujarat)	26-Feb	1787	1115	13	1800	22	No
8806526288	Galvanized Steel Wire Mesh (Plant-Chennai)	26-Feb	4658	5388	11	1800	22	Yes
8806526288	Galvanized Steel Wire Mesh (Plant-Bengaluru)	26-Feb	2849	1768	11	1800	22	No
8806526288	Galvanized Steel Wire Mesh (Plant-Pune)	26-Mar	4202	3878	12	1800	22	No
8806526288	Galvanized Steel Wire Mesh (Plant-Chakan)	26-Mar	5014	2523	12	1800	22	No
8806526288	Galvanized Steel Wire Mesh (Plant-Talegaon)	26-Mar	2731	2727	9	1800	22	No
8806526288	Galvanized Steel Wire Mesh (Plant-Nashik)	26-Mar	2271	2784	13	1800	22	Yes
8806526288	Galvanized Steel Wire Mesh (Plant-Aurangabad)	26-Mar	4898	2762	13	1800	22	No
8806526288	Galvanized Steel Wire Mesh (Plant-Nagpur)	26-Mar	3783	3480	11	1800	22	No
8806526288	Galvanized Steel Wire Mesh (Plant-Mumbai)	26-Mar	2963	2326	13	1800	22	No
8806526288	Galvanized Steel Wire Mesh (Plant-Gujarat)	26-Mar	5532	6527	13	1800	22	Yes
8806526288	Galvanized Steel Wire Mesh (Plant-Chennai)	26-Mar	4675	4372	10	1800	22	No
8806526288	Galvanized Steel Wire Mesh (Plant-Bengaluru)	26-Mar	4073	3092	8	1800	22	No
8806526288	Galvanized Steel Wire Mesh (Plant-Pune)	26-Apr	4800	3986	12	1800	22	No
8806526288	Galvanized Steel Wire Mesh (Plant-Chakan)	26-Apr	5804	7023	13	1800	22	Yes
8806526288	Galvanized Steel Wire Mesh (Plant-Talegaon)	26-Apr	2351	2152	11	1800	22	No
8806526288	Galvanized Steel Wire Mesh (Plant-Nashik)	26-Apr	2938	2915	12	1800	22	No
8806526288	Galvanized Steel Wire Mesh (Plant-Aurangabad)	26-Apr	4469	3770	13	1800	22	No
8806526288	Galvanized Steel Wire Mesh (Plant-Nagpur)	26-Apr	2969	3562	10	1800	22	Yes
8806526288	Galvanized Steel Wire Mesh (Plant-Mumbai)	26-Apr	5386	6519	9	1800	22	Yes
8806526288	Galvanized Steel Wire Mesh (Plant-Gujarat)	26-Apr	5845	4121	11	1800	22	No
8806526288	Galvanized Steel Wire Mesh (Plant-Chennai)	26-Apr	6192	3739	12	1800	22	No
8806526288	Galvanized Steel Wire Mesh (Plant-Bengaluru)	26-Apr	1849	1616	12	1800	22	No
8806526288	Galvanized Steel Wire Mesh (Plant-Pune)	26-May	2706	1927	12	1800	22	No
8806526288	Galvanized Steel Wire Mesh (Plant-Chakan)	26-May	5299	6251	13	1800	22	Yes
8806526288	Galvanized Steel Wire Mesh (Plant-Talegaon)	26-May	2741	3142	12	1800	22	Yes
8806526288	Galvanized Steel Wire Mesh (Plant-Nashik)	26-May	4036	2075	9	1800	22	No
8806526288	Galvanized Steel Wire Mesh (Plant-Aurangabad)	26-May	3656	4149	9	1800	22	Yes
8806526288	Galvanized Steel Wire Mesh (Plant-Nagpur)	26-May	2282	2010	8	1800	22	No
8806526288	Galvanized Steel Wire Mesh (Plant-Mumbai)	26-May	4506	4201	11	1800	22	No
8806526288	Galvanized Steel Wire Mesh (Plant-Gujarat)	26-May	4300	4818	11	1800	22	Yes
8806526288	Galvanized Steel Wire Mesh (Plant-Chennai)	26-May	5086	4753	12	1800	22	No
8806526288	Galvanized Steel Wire Mesh (Plant-Bengaluru)	26-May	2458	1795	13	1800	22	No
8806526288	Galvanized Steel Wire Mesh (Plant-Pune)	26-Jun	3779	3848	12	1800	22	No
8806526288	Galvanized Steel Wire Mesh (Plant-Chakan)	26-Jun	4989	3890	9	1800	22	No
8806526288	Galvanized Steel Wire Mesh (Plant-Talegaon)	26-Jun	2491	2407	10	1800	22	No
8806526288	Galvanized Steel Wire Mesh (Plant-Nashik)	26-Jun	4676	4659	9	1800	22	No
8806526288	Galvanized Steel Wire Mesh (Plant-Aurangabad)	26-Jun	3964	2337	12	1800	22	No
8806526288	Galvanized Steel Wire Mesh (Plant-Nagpur)	26-Jun	5300	3076	12	1800	22	No
8806526288	Galvanized Steel Wire Mesh (Plant-Mumbai)	26-Jun	1629	1785	13	1800	22	No
8806526288	Galvanized Steel Wire Mesh (Plant-Gujarat)	26-Jun	5645	5906	11	1800	22	No
8806526288	Galvanized Steel Wire Mesh (Plant-Chennai)	26-Jun	2606	3164	13	1800	22	Yes
8806526288	Galvanized Steel Wire Mesh (Plant-Bengaluru)	26-Jun	5928	5442	11	1800	22	No
8806526289	CNC Lathe Cutting Tool Insert (Plant-Pune)	25-Jan	10979	5815	9	4000	12	No
8806526289	CNC Lathe Cutting Tool Insert (Plant-Chakan)	25-Jan	4186	4250	10	4000	12	No
8806526289	CNC Lathe Cutting Tool Insert (Plant-Talegaon)	25-Jan	9135	10368	9	4000	12	Yes
8806526289	CNC Lathe Cutting Tool Insert (Plant-Nashik)	25-Jan	8157	8141	8	4000	12	No
8806526289	CNC Lathe Cutting Tool Insert (Plant-Aurangabad)	25-Jan	7195	6050	9	4000	12	No
8806526289	CNC Lathe Cutting Tool Insert (Plant-Nagpur)	25-Jan	13305	6809	6	4000	12	No
8806526289	CNC Lathe Cutting Tool Insert (Plant-Mumbai)	25-Jan	8184	5650	9	4000	12	No
8806526289	CNC Lathe Cutting Tool Insert (Plant-Gujarat)	25-Jan	10803	6669	9	4000	12	No
8806526289	CNC Lathe Cutting Tool Insert (Plant-Chennai)	25-Jan	9170	6657	5	4000	12	No
8806526289	CNC Lathe Cutting Tool Insert (Plant-Bengaluru)	25-Jan	9891	11150	10	4000	12	Yes
8806526289	CNC Lathe Cutting Tool Insert (Plant-Pune)	25-Feb	12208	6261	7	4000	12	No
8806526289	CNC Lathe Cutting Tool Insert (Plant-Chakan)	25-Feb	13986	14613	7	4000	12	No
8806526289	CNC Lathe Cutting Tool Insert (Plant-Talegaon)	25-Feb	9173	9680	8	4000	12	No
8806526289	CNC Lathe Cutting Tool Insert (Plant-Nashik)	25-Feb	8157	8499	5	4000	12	No
8806526289	CNC Lathe Cutting Tool Insert (Plant-Aurangabad)	25-Feb	4489	3949	10	4000	12	No
8806526289	CNC Lathe Cutting Tool Insert (Plant-Nagpur)	25-Feb	9992	7002	10	4000	12	No
8806526289	CNC Lathe Cutting Tool Insert (Plant-Mumbai)	25-Feb	12045	6454	8	4000	12	No
8806526289	CNC Lathe Cutting Tool Insert (Plant-Gujarat)	25-Feb	4397	4525	5	4000	12	No
8806526289	CNC Lathe Cutting Tool Insert (Plant-Chennai)	25-Feb	7795	4346	9	4000	12	No
8806526289	CNC Lathe Cutting Tool Insert (Plant-Bengaluru)	25-Feb	7063	3719	10	4000	12	No
8806526289	CNC Lathe Cutting Tool Insert (Plant-Pune)	25-Mar	13110	10675	10	4000	12	No
8806526289	CNC Lathe Cutting Tool Insert (Plant-Chakan)	25-Mar	7667	5858	6	4000	12	No
8806526289	CNC Lathe Cutting Tool Insert (Plant-Talegaon)	25-Mar	5238	3729	10	4000	12	No
8806526289	CNC Lathe Cutting Tool Insert (Plant-Nashik)	25-Mar	12051	13015	7	4000	12	Yes
8806526289	CNC Lathe Cutting Tool Insert (Plant-Aurangabad)	25-Mar	4149	3276	7	4000	12	No
8806526289	CNC Lathe Cutting Tool Insert (Plant-Nagpur)	25-Mar	5735	3068	7	4000	12	No
8806526289	CNC Lathe Cutting Tool Insert (Plant-Mumbai)	25-Mar	6713	6652	10	4000	12	No
8806526289	CNC Lathe Cutting Tool Insert (Plant-Gujarat)	25-Mar	11739	12111	9	4000	12	No
8806526289	CNC Lathe Cutting Tool Insert (Plant-Chennai)	25-Mar	4807	4443	5	4000	12	No
8806526289	CNC Lathe Cutting Tool Insert (Plant-Bengaluru)	25-Mar	6646	3685	8	4000	12	No
8806526289	CNC Lathe Cutting Tool Insert (Plant-Pune)	25-Apr	5725	6769	5	4000	12	Yes
8806526289	CNC Lathe Cutting Tool Insert (Plant-Chakan)	25-Apr	7970	8358	9	4000	12	No
8806526289	CNC Lathe Cutting Tool Insert (Plant-Talegaon)	25-Apr	4390	2214	5	4000	12	No
8806526289	CNC Lathe Cutting Tool Insert (Plant-Nashik)	25-Apr	5831	7228	10	4000	12	Yes
8806526289	CNC Lathe Cutting Tool Insert (Plant-Aurangabad)	25-Apr	7932	8042	6	4000	12	No
8806526289	CNC Lathe Cutting Tool Insert (Plant-Nagpur)	25-Apr	11552	11341	7	4000	12	No
8806526289	CNC Lathe Cutting Tool Insert (Plant-Mumbai)	25-Apr	13597	10844	8	4000	12	No
8806526289	CNC Lathe Cutting Tool Insert (Plant-Gujarat)	25-Apr	10588	9996	7	4000	12	No
8806526289	CNC Lathe Cutting Tool Insert (Plant-Chennai)	25-Apr	9662	11983	9	4000	12	Yes
8806526289	CNC Lathe Cutting Tool Insert (Plant-Bengaluru)	25-Apr	4345	3843	10	4000	12	No
8806526289	CNC Lathe Cutting Tool Insert (Plant-Pune)	25-May	5032	4929	6	4000	12	No
8806526289	CNC Lathe Cutting Tool Insert (Plant-Chakan)	25-May	7806	6661	9	4000	12	No
8806526289	CNC Lathe Cutting Tool Insert (Plant-Talegaon)	25-May	5311	4956	5	4000	12	No
8806526289	CNC Lathe Cutting Tool Insert (Plant-Nashik)	25-May	11228	5625	5	4000	12	No
8806526289	CNC Lathe Cutting Tool Insert (Plant-Aurangabad)	25-May	11099	7766	5	4000	12	No
8806526289	CNC Lathe Cutting Tool Insert (Plant-Nagpur)	25-May	8457	7322	9	4000	12	No
8806526289	CNC Lathe Cutting Tool Insert (Plant-Mumbai)	25-May	12659	15605	6	4000	12	Yes
8806526289	CNC Lathe Cutting Tool Insert (Plant-Gujarat)	25-May	7728	9002	10	4000	12	Yes
8806526289	CNC Lathe Cutting Tool Insert (Plant-Chennai)	25-May	12136	7930	8	4000	12	No
8806526289	CNC Lathe Cutting Tool Insert (Plant-Bengaluru)	25-May	9813	11222	5	4000	12	Yes
8806526289	CNC Lathe Cutting Tool Insert (Plant-Pune)	25-Jun	5084	2725	9	4000	12	No
8806526289	CNC Lathe Cutting Tool Insert (Plant-Chakan)	25-Jun	6111	5104	10	4000	12	No
8806526289	CNC Lathe Cutting Tool Insert (Plant-Talegaon)	25-Jun	11488	12594	10	4000	12	Yes
8806526289	CNC Lathe Cutting Tool Insert (Plant-Nashik)	25-Jun	11027	11764	5	4000	12	No
8806526289	CNC Lathe Cutting Tool Insert (Plant-Aurangabad)	25-Jun	12797	12248	8	4000	12	No
8806526289	CNC Lathe Cutting Tool Insert (Plant-Nagpur)	25-Jun	5205	4416	10	4000	12	No
8806526289	CNC Lathe Cutting Tool Insert (Plant-Mumbai)	25-Jun	5886	5911	10	4000	12	No
8806526289	CNC Lathe Cutting Tool Insert (Plant-Gujarat)	25-Jun	11822	8929	5	4000	12	No
8806526289	CNC Lathe Cutting Tool Insert (Plant-Chennai)	25-Jun	6787	4856	6	4000	12	No
8806526289	CNC Lathe Cutting Tool Insert (Plant-Bengaluru)	25-Jun	6332	7273	6	4000	12	Yes
8806526289	CNC Lathe Cutting Tool Insert (Plant-Pune)	25-Jul	8277	6131	10	4000	12	No
8806526289	CNC Lathe Cutting Tool Insert (Plant-Chakan)	25-Jul	6827	7381	10	4000	12	No
8806526289	CNC Lathe Cutting Tool Insert (Plant-Talegaon)	25-Jul	10503	12801	7	4000	12	Yes
8806526289	CNC Lathe Cutting Tool Insert (Plant-Nashik)	25-Jul	9386	10800	5	4000	12	Yes
8806526289	CNC Lathe Cutting Tool Insert (Plant-Aurangabad)	25-Jul	6253	4065	6	4000	12	No
8806526289	CNC Lathe Cutting Tool Insert (Plant-Nagpur)	25-Jul	8539	7861	8	4000	12	No
8806526289	CNC Lathe Cutting Tool Insert (Plant-Mumbai)	25-Jul	9353	7599	8	4000	12	No
8806526289	CNC Lathe Cutting Tool Insert (Plant-Gujarat)	25-Jul	4868	3324	5	4000	12	No
8806526289	CNC Lathe Cutting Tool Insert (Plant-Chennai)	25-Jul	6051	4462	7	4000	12	No
8806526289	CNC Lathe Cutting Tool Insert (Plant-Bengaluru)	25-Jul	4013	3724	10	4000	12	No
8806526289	CNC Lathe Cutting Tool Insert (Plant-Pune)	25-Aug	4137	4262	5	4000	12	No
8806526289	CNC Lathe Cutting Tool Insert (Plant-Chakan)	25-Aug	8553	7176	8	4000	12	No
8806526289	CNC Lathe Cutting Tool Insert (Plant-Talegaon)	25-Aug	8012	8746	7	4000	12	No
8806526289	CNC Lathe Cutting Tool Insert (Plant-Nashik)	25-Aug	3908	3503	5	4000	12	No
8806526289	CNC Lathe Cutting Tool Insert (Plant-Aurangabad)	25-Aug	10732	7162	9	4000	12	No
8806526289	CNC Lathe Cutting Tool Insert (Plant-Nagpur)	25-Aug	6335	4143	9	4000	12	No
8806526289	CNC Lathe Cutting Tool Insert (Plant-Mumbai)	25-Aug	10023	5587	9	4000	12	No
8806526289	CNC Lathe Cutting Tool Insert (Plant-Gujarat)	25-Aug	6486	3488	6	4000	12	No
8806526289	CNC Lathe Cutting Tool Insert (Plant-Chennai)	25-Aug	8571	10287	10	4000	12	Yes
8806526289	CNC Lathe Cutting Tool Insert (Plant-Bengaluru)	25-Aug	7532	8188	6	4000	12	No
8806526289	CNC Lathe Cutting Tool Insert (Plant-Pune)	25-Sep	9539	6612	8	4000	12	No
8806526289	CNC Lathe Cutting Tool Insert (Plant-Chakan)	25-Sep	12818	12037	8	4000	12	No
8806526289	CNC Lathe Cutting Tool Insert (Plant-Talegaon)	25-Sep	7400	7143	5	4000	12	No
8806526289	CNC Lathe Cutting Tool Insert (Plant-Nashik)	25-Sep	6265	7498	9	4000	12	Yes
8806526289	CNC Lathe Cutting Tool Insert (Plant-Aurangabad)	25-Sep	8659	5557	8	4000	12	No
8806526289	CNC Lathe Cutting Tool Insert (Plant-Nagpur)	25-Sep	7155	4233	7	4000	12	No
8806526289	CNC Lathe Cutting Tool Insert (Plant-Mumbai)	25-Sep	13510	7143	9	4000	12	No
8806526289	CNC Lathe Cutting Tool Insert (Plant-Gujarat)	25-Sep	12756	10994	9	4000	12	No
8806526289	CNC Lathe Cutting Tool Insert (Plant-Chennai)	25-Sep	11768	13714	7	4000	12	Yes
8806526289	CNC Lathe Cutting Tool Insert (Plant-Bengaluru)	25-Sep	6700	4149	7	4000	12	No
8806526289	CNC Lathe Cutting Tool Insert (Plant-Pune)	25-Oct	10727	11833	8	4000	12	Yes
8806526289	CNC Lathe Cutting Tool Insert (Plant-Chakan)	25-Oct	6481	3753	6	4000	12	No
8806526289	CNC Lathe Cutting Tool Insert (Plant-Talegaon)	25-Oct	12107	12108	7	4000	12	No
8806526289	CNC Lathe Cutting Tool Insert (Plant-Nashik)	25-Oct	13922	13015	9	4000	12	No
8806526289	CNC Lathe Cutting Tool Insert (Plant-Aurangabad)	25-Oct	12754	8370	10	4000	12	No
8806526289	CNC Lathe Cutting Tool Insert (Plant-Nagpur)	25-Oct	4657	5481	10	4000	12	Yes
8806526289	CNC Lathe Cutting Tool Insert (Plant-Mumbai)	25-Oct	9785	7114	6	4000	12	No
8806526289	CNC Lathe Cutting Tool Insert (Plant-Gujarat)	25-Oct	13628	9874	5	4000	12	No
8806526289	CNC Lathe Cutting Tool Insert (Plant-Chennai)	25-Oct	6775	5068	8	4000	12	No
8806526289	CNC Lathe Cutting Tool Insert (Plant-Bengaluru)	25-Oct	9181	10665	9	4000	12	Yes
8806526289	CNC Lathe Cutting Tool Insert (Plant-Pune)	25-Nov	4632	3312	6	4000	12	No
8806526289	CNC Lathe Cutting Tool Insert (Plant-Chakan)	25-Nov	4559	3398	5	4000	12	No
8806526289	CNC Lathe Cutting Tool Insert (Plant-Talegaon)	25-Nov	7331	6105	6	4000	12	No
8806526289	CNC Lathe Cutting Tool Insert (Plant-Nashik)	25-Nov	10306	9362	6	4000	12	No
8806526289	CNC Lathe Cutting Tool Insert (Plant-Aurangabad)	25-Nov	13926	14869	9	4000	12	Yes
8806526289	CNC Lathe Cutting Tool Insert (Plant-Nagpur)	25-Nov	12345	13240	5	4000	12	Yes
8806526289	CNC Lathe Cutting Tool Insert (Plant-Mumbai)	25-Nov	9688	9382	10	4000	12	No
8806526289	CNC Lathe Cutting Tool Insert (Plant-Gujarat)	25-Nov	3484	3873	5	4000	12	No
8806526289	CNC Lathe Cutting Tool Insert (Plant-Chennai)	25-Nov	4038	4981	9	4000	12	Yes
8806526289	CNC Lathe Cutting Tool Insert (Plant-Bengaluru)	25-Nov	13066	6682	6	4000	12	No
8806526289	CNC Lathe Cutting Tool Insert (Plant-Pune)	25-Dec	4315	4245	9	4000	12	No
8806526289	CNC Lathe Cutting Tool Insert (Plant-Chakan)	25-Dec	7287	5073	9	4000	12	No
8806526289	CNC Lathe Cutting Tool Insert (Plant-Talegaon)	25-Dec	4777	5207	7	4000	12	No
8806526289	CNC Lathe Cutting Tool Insert (Plant-Nashik)	25-Dec	5055	5452	9	4000	12	No
8806526289	CNC Lathe Cutting Tool Insert (Plant-Aurangabad)	25-Dec	9136	8845	6	4000	12	No
8806526289	CNC Lathe Cutting Tool Insert (Plant-Nagpur)	25-Dec	4749	3278	7	4000	12	No
8806526289	CNC Lathe Cutting Tool Insert (Plant-Mumbai)	25-Dec	4201	4796	9	4000	12	No
8806526289	CNC Lathe Cutting Tool Insert (Plant-Gujarat)	25-Dec	8668	9460	9	4000	12	No
8806526289	CNC Lathe Cutting Tool Insert (Plant-Chennai)	25-Dec	13416	14475	9	4000	12	Yes
8806526289	CNC Lathe Cutting Tool Insert (Plant-Bengaluru)	25-Dec	7481	4478	7	4000	12	No
8806526289	CNC Lathe Cutting Tool Insert (Plant-Pune)	26-Jan	8549	10520	5	4000	12	Yes
8806526289	CNC Lathe Cutting Tool Insert (Plant-Chakan)	26-Jan	5350	5534	9	4000	12	No
8806526289	CNC Lathe Cutting Tool Insert (Plant-Talegaon)	26-Jan	9659	5161	9	4000	12	No
8806526289	CNC Lathe Cutting Tool Insert (Plant-Nashik)	26-Jan	13768	7862	5	4000	12	No
8806526289	CNC Lathe Cutting Tool Insert (Plant-Aurangabad)	26-Jan	12847	8189	7	4000	12	No
8806526289	CNC Lathe Cutting Tool Insert (Plant-Nagpur)	26-Jan	7120	7804	7	4000	12	No
8806526289	CNC Lathe Cutting Tool Insert (Plant-Mumbai)	26-Jan	4596	4879	5	4000	12	No
8806526289	CNC Lathe Cutting Tool Insert (Plant-Gujarat)	26-Jan	9533	7777	10	4000	12	No
8806526289	CNC Lathe Cutting Tool Insert (Plant-Chennai)	26-Jan	13856	16571	9	4000	12	Yes
8806526289	CNC Lathe Cutting Tool Insert (Plant-Bengaluru)	26-Jan	7635	6522	8	4000	12	No
8806526289	CNC Lathe Cutting Tool Insert (Plant-Pune)	26-Feb	9332	9714	7	4000	12	No
8806526289	CNC Lathe Cutting Tool Insert (Plant-Chakan)	26-Feb	3698	3759	8	4000	12	No
8806526289	CNC Lathe Cutting Tool Insert (Plant-Talegaon)	26-Feb	4623	2451	5	4000	12	No
8806526289	CNC Lathe Cutting Tool Insert (Plant-Nashik)	26-Feb	9337	4710	7	4000	12	No
8806526289	CNC Lathe Cutting Tool Insert (Plant-Aurangabad)	26-Feb	9584	8622	5	4000	12	No
8806526289	CNC Lathe Cutting Tool Insert (Plant-Nagpur)	26-Feb	4328	4452	7	4000	12	No
8806526289	CNC Lathe Cutting Tool Insert (Plant-Mumbai)	26-Feb	13685	14925	6	4000	12	Yes
8806526289	CNC Lathe Cutting Tool Insert (Plant-Gujarat)	26-Feb	10583	7520	5	4000	12	No
8806526289	CNC Lathe Cutting Tool Insert (Plant-Chennai)	26-Feb	3204	3325	7	4000	12	No
8806526289	CNC Lathe Cutting Tool Insert (Plant-Bengaluru)	26-Feb	7478	4321	9	4000	12	No
8806526289	CNC Lathe Cutting Tool Insert (Plant-Pune)	26-Mar	7325	3747	8	4000	12	No
8806526289	CNC Lathe Cutting Tool Insert (Plant-Chakan)	26-Mar	8714	4484	7	4000	12	No
8806526289	CNC Lathe Cutting Tool Insert (Plant-Talegaon)	26-Mar	5229	3791	9	4000	12	No
8806526289	CNC Lathe Cutting Tool Insert (Plant-Nashik)	26-Mar	10482	9883	6	4000	12	No
8806526289	CNC Lathe Cutting Tool Insert (Plant-Aurangabad)	26-Mar	12249	7927	5	4000	12	No
8806526289	CNC Lathe Cutting Tool Insert (Plant-Nagpur)	26-Mar	5986	7398	8	4000	12	Yes
8806526289	CNC Lathe Cutting Tool Insert (Plant-Mumbai)	26-Mar	12243	14806	7	4000	12	Yes
8806526289	CNC Lathe Cutting Tool Insert (Plant-Gujarat)	26-Mar	12086	12885	7	4000	12	No
8806526289	CNC Lathe Cutting Tool Insert (Plant-Chennai)	26-Mar	3559	4330	7	4000	12	No
8806526289	CNC Lathe Cutting Tool Insert (Plant-Bengaluru)	26-Mar	3409	2419	8	4000	12	No
8806526289	CNC Lathe Cutting Tool Insert (Plant-Pune)	26-Apr	13379	11604	9	4000	12	No
8806526289	CNC Lathe Cutting Tool Insert (Plant-Chakan)	26-Apr	8376	6883	9	4000	12	No
8806526289	CNC Lathe Cutting Tool Insert (Plant-Talegaon)	26-Apr	7781	7282	8	4000	12	No
8806526289	CNC Lathe Cutting Tool Insert (Plant-Nashik)	26-Apr	7952	8453	6	4000	12	No
8806526289	CNC Lathe Cutting Tool Insert (Plant-Aurangabad)	26-Apr	12811	14269	10	4000	12	Yes
8806526289	CNC Lathe Cutting Tool Insert (Plant-Nagpur)	26-Apr	12658	13887	8	4000	12	Yes
8806526289	CNC Lathe Cutting Tool Insert (Plant-Mumbai)	26-Apr	9195	10184	5	4000	12	Yes
8806526289	CNC Lathe Cutting Tool Insert (Plant-Gujarat)	26-Apr	9711	11861	8	4000	12	Yes
8806526289	CNC Lathe Cutting Tool Insert (Plant-Chennai)	26-Apr	9425	7716	8	4000	12	No
8806526289	CNC Lathe Cutting Tool Insert (Plant-Bengaluru)	26-Apr	6628	3890	8	4000	12	No
8806526289	CNC Lathe Cutting Tool Insert (Plant-Pune)	26-May	12829	15235	6	4000	12	Yes
8806526289	CNC Lathe Cutting Tool Insert (Plant-Chakan)	26-May	6940	3757	8	4000	12	No
8806526289	CNC Lathe Cutting Tool Insert (Plant-Talegaon)	26-May	9263	6711	10	4000	12	No
8806526289	CNC Lathe Cutting Tool Insert (Plant-Nashik)	26-May	12840	14462	5	4000	12	Yes
8806526289	CNC Lathe Cutting Tool Insert (Plant-Aurangabad)	26-May	11529	8461	10	4000	12	No
8806526289	CNC Lathe Cutting Tool Insert (Plant-Nagpur)	26-May	5521	5204	10	4000	12	No
8806526289	CNC Lathe Cutting Tool Insert (Plant-Mumbai)	26-May	13882	11665	7	4000	12	No
8806526289	CNC Lathe Cutting Tool Insert (Plant-Gujarat)	26-May	7722	7361	6	4000	12	No
8806526289	CNC Lathe Cutting Tool Insert (Plant-Chennai)	26-May	6630	7153	8	4000	12	No
8806526289	CNC Lathe Cutting Tool Insert (Plant-Bengaluru)	26-May	11072	12997	9	4000	12	Yes
8806526289	CNC Lathe Cutting Tool Insert (Plant-Pune)	26-Jun	3559	2892	6	4000	12	No
8806526289	CNC Lathe Cutting Tool Insert (Plant-Chakan)	26-Jun	13864	16490	5	4000	12	Yes
8806526289	CNC Lathe Cutting Tool Insert (Plant-Talegaon)	26-Jun	8968	6466	10	4000	12	No
8806526289	CNC Lathe Cutting Tool Insert (Plant-Nashik)	26-Jun	4821	2605	8	4000	12	No
8806526289	CNC Lathe Cutting Tool Insert (Plant-Aurangabad)	26-Jun	4830	4446	5	4000	12	No
8806526289	CNC Lathe Cutting Tool Insert (Plant-Nagpur)	26-Jun	7388	3840	9	4000	12	No
8806526289	CNC Lathe Cutting Tool Insert (Plant-Mumbai)	26-Jun	13022	13113	8	4000	12	No
8806526289	CNC Lathe Cutting Tool Insert (Plant-Gujarat)	26-Jun	4617	4745	10	4000	12	No
8806526289	CNC Lathe Cutting Tool Insert (Plant-Chennai)	26-Jun	12022	10934	6	4000	12	No
8806526289	CNC Lathe Cutting Tool Insert (Plant-Bengaluru)	26-Jun	7599	7050	6	4000	12	No
8806526290	Industrial Synthetic Lubricant (Plant-Pune)	25-Jan	1817	1750	7	750	95	No
8806526290	Industrial Synthetic Lubricant (Plant-Chakan)	25-Jan	1803	1534	9	750	95	No
8806526290	Industrial Synthetic Lubricant (Plant-Talegaon)	25-Jan	2443	2520	8	750	95	No
8806526290	Industrial Synthetic Lubricant (Plant-Nashik)	25-Jan	2593	2773	7	750	95	Yes
8806526290	Industrial Synthetic Lubricant (Plant-Aurangabad)	25-Jan	2366	1366	8	750	95	No
8806526290	Industrial Synthetic Lubricant (Plant-Nagpur)	25-Jan	1297	1223	8	750	95	No
8806526290	Industrial Synthetic Lubricant (Plant-Mumbai)	25-Jan	2287	1811	9	750	95	No
8806526290	Industrial Synthetic Lubricant (Plant-Gujarat)	25-Jan	1297	932	7	750	95	No
8806526290	Industrial Synthetic Lubricant (Plant-Chennai)	25-Jan	1226	1288	11	750	95	No
8806526290	Industrial Synthetic Lubricant (Plant-Bengaluru)	25-Jan	2329	1361	9	750	95	No
8806526290	Industrial Synthetic Lubricant (Plant-Pune)	25-Feb	1863	1764	10	750	95	No
8806526290	Industrial Synthetic Lubricant (Plant-Chakan)	25-Feb	1229	752	7	750	95	No
8806526290	Industrial Synthetic Lubricant (Plant-Talegaon)	25-Feb	2109	1167	8	750	95	No
8806526290	Industrial Synthetic Lubricant (Plant-Nashik)	25-Feb	921	539	7	750	95	No
8806526290	Industrial Synthetic Lubricant (Plant-Aurangabad)	25-Feb	2109	1589	7	750	95	No
8806526290	Industrial Synthetic Lubricant (Plant-Nagpur)	25-Feb	2297	1970	8	750	95	No
8806526290	Industrial Synthetic Lubricant (Plant-Mumbai)	25-Feb	2171	1897	10	750	95	No
8806526290	Industrial Synthetic Lubricant (Plant-Gujarat)	25-Feb	1493	812	8	750	95	No
8806526290	Industrial Synthetic Lubricant (Plant-Chennai)	25-Feb	1917	1924	6	750	95	No
8806526290	Industrial Synthetic Lubricant (Plant-Bengaluru)	25-Feb	1560	1921	9	750	95	Yes
8806526290	Industrial Synthetic Lubricant (Plant-Pune)	25-Mar	1568	1676	7	750	95	No
8806526290	Industrial Synthetic Lubricant (Plant-Chakan)	25-Mar	1738	1223	8	750	95	No
8806526290	Industrial Synthetic Lubricant (Plant-Talegaon)	25-Mar	2100	1059	7	750	95	No
8806526290	Industrial Synthetic Lubricant (Plant-Nashik)	25-Mar	1773	1872	7	750	95	No
8806526290	Industrial Synthetic Lubricant (Plant-Aurangabad)	25-Mar	1362	1451	10	750	95	No
8806526290	Industrial Synthetic Lubricant (Plant-Nagpur)	25-Mar	1203	872	9	750	95	No
8806526290	Industrial Synthetic Lubricant (Plant-Mumbai)	25-Mar	2442	1339	8	750	95	No
8806526290	Industrial Synthetic Lubricant (Plant-Gujarat)	25-Mar	647	379	6	750	95	No
8806526290	Industrial Synthetic Lubricant (Plant-Chennai)	25-Mar	1309	1381	10	750	95	No
8806526290	Industrial Synthetic Lubricant (Plant-Bengaluru)	25-Mar	2463	1531	11	750	95	No
8806526290	Industrial Synthetic Lubricant (Plant-Pune)	25-Apr	2164	1542	8	750	95	No
8806526290	Industrial Synthetic Lubricant (Plant-Chakan)	25-Apr	1969	1247	8	750	95	No
8806526290	Industrial Synthetic Lubricant (Plant-Talegaon)	25-Apr	2564	3059	7	750	95	Yes
8806526290	Industrial Synthetic Lubricant (Plant-Nashik)	25-Apr	2129	2611	7	750	95	Yes
8806526290	Industrial Synthetic Lubricant (Plant-Aurangabad)	25-Apr	2477	2375	9	750	95	No
8806526290	Industrial Synthetic Lubricant (Plant-Nagpur)	25-Apr	2074	2389	8	750	95	Yes
8806526290	Industrial Synthetic Lubricant (Plant-Mumbai)	25-Apr	1973	1447	10	750	95	No
8806526290	Industrial Synthetic Lubricant (Plant-Gujarat)	25-Apr	2036	1981	10	750	95	No
8806526290	Industrial Synthetic Lubricant (Plant-Chennai)	25-Apr	757	592	7	750	95	No
8806526290	Industrial Synthetic Lubricant (Plant-Bengaluru)	25-Apr	1633	1493	11	750	95	No
8806526290	Industrial Synthetic Lubricant (Plant-Pune)	25-May	2307	1644	6	750	95	No
8806526290	Industrial Synthetic Lubricant (Plant-Chakan)	25-May	1296	693	10	750	95	No
8806526290	Industrial Synthetic Lubricant (Plant-Talegaon)	25-May	1389	881	6	750	95	No
8806526290	Industrial Synthetic Lubricant (Plant-Nashik)	25-May	1264	1290	11	750	95	No
8806526290	Industrial Synthetic Lubricant (Plant-Aurangabad)	25-May	2396	2247	7	750	95	No
8806526290	Industrial Synthetic Lubricant (Plant-Nagpur)	25-May	2212	1429	8	750	95	No
8806526290	Industrial Synthetic Lubricant (Plant-Mumbai)	25-May	1675	956	6	750	95	No
8806526290	Industrial Synthetic Lubricant (Plant-Gujarat)	25-May	2352	1904	11	750	95	No
8806526290	Industrial Synthetic Lubricant (Plant-Chennai)	25-May	2190	2052	10	750	95	No
8806526290	Industrial Synthetic Lubricant (Plant-Bengaluru)	25-May	1632	1342	7	750	95	No
8806526290	Industrial Synthetic Lubricant (Plant-Pune)	25-Jun	1859	2016	8	750	95	Yes
8806526290	Industrial Synthetic Lubricant (Plant-Chakan)	25-Jun	1231	800	8	750	95	No
8806526290	Industrial Synthetic Lubricant (Plant-Talegaon)	25-Jun	2310	1651	11	750	95	No
8806526290	Industrial Synthetic Lubricant (Plant-Nashik)	25-Jun	1717	1772	11	750	95	No
8806526290	Industrial Synthetic Lubricant (Plant-Aurangabad)	25-Jun	740	617	6	750	95	No
8806526290	Industrial Synthetic Lubricant (Plant-Nagpur)	25-Jun	2046	1969	8	750	95	No
8806526290	Industrial Synthetic Lubricant (Plant-Mumbai)	25-Jun	1966	1201	10	750	95	No
8806526290	Industrial Synthetic Lubricant (Plant-Gujarat)	25-Jun	1697	882	7	750	95	No
8806526290	Industrial Synthetic Lubricant (Plant-Chennai)	25-Jun	2269	1750	6	750	95	No
8806526290	Industrial Synthetic Lubricant (Plant-Bengaluru)	25-Jun	2486	2117	9	750	95	No
8806526290	Industrial Synthetic Lubricant (Plant-Pune)	25-Jul	1858	1903	9	750	95	No
8806526290	Industrial Synthetic Lubricant (Plant-Chakan)	25-Jul	1402	1103	7	750	95	No
8806526290	Industrial Synthetic Lubricant (Plant-Talegaon)	25-Jul	2125	2557	8	750	95	Yes
8806526290	Industrial Synthetic Lubricant (Plant-Nashik)	25-Jul	1089	1121	11	750	95	No
8806526290	Industrial Synthetic Lubricant (Plant-Aurangabad)	25-Jul	1083	543	6	750	95	No
8806526290	Industrial Synthetic Lubricant (Plant-Nagpur)	25-Jul	784	731	7	750	95	No
8806526290	Industrial Synthetic Lubricant (Plant-Mumbai)	25-Jul	979	571	9	750	95	No
8806526290	Industrial Synthetic Lubricant (Plant-Gujarat)	25-Jul	2617	2074	10	750	95	No
8806526290	Industrial Synthetic Lubricant (Plant-Chennai)	25-Jul	1709	865	9	750	95	No
8806526290	Industrial Synthetic Lubricant (Plant-Bengaluru)	25-Jul	2511	1938	9	750	95	No
8806526290	Industrial Synthetic Lubricant (Plant-Pune)	25-Aug	1102	967	10	750	95	No
8806526290	Industrial Synthetic Lubricant (Plant-Chakan)	25-Aug	2580	2966	10	750	95	Yes
8806526290	Industrial Synthetic Lubricant (Plant-Talegaon)	25-Aug	1411	1163	6	750	95	No
8806526290	Industrial Synthetic Lubricant (Plant-Nashik)	25-Aug	2305	1704	10	750	95	No
8806526290	Industrial Synthetic Lubricant (Plant-Aurangabad)	25-Aug	1750	1921	8	750	95	Yes
8806526290	Industrial Synthetic Lubricant (Plant-Nagpur)	25-Aug	1125	1349	6	750	95	Yes
8806526290	Industrial Synthetic Lubricant (Plant-Mumbai)	25-Aug	1359	888	10	750	95	No
8806526290	Industrial Synthetic Lubricant (Plant-Gujarat)	25-Aug	1925	1023	8	750	95	No
8806526290	Industrial Synthetic Lubricant (Plant-Chennai)	25-Aug	646	800	10	750	95	Yes
8806526290	Industrial Synthetic Lubricant (Plant-Bengaluru)	25-Aug	1452	1721	7	750	95	Yes
8806526290	Industrial Synthetic Lubricant (Plant-Pune)	25-Sep	1503	1576	10	750	95	No
8806526290	Industrial Synthetic Lubricant (Plant-Chakan)	25-Sep	2582	2882	11	750	95	Yes
8806526290	Industrial Synthetic Lubricant (Plant-Talegaon)	25-Sep	1167	847	8	750	95	No
8806526290	Industrial Synthetic Lubricant (Plant-Nashik)	25-Sep	2306	2462	8	750	95	Yes
8806526290	Industrial Synthetic Lubricant (Plant-Aurangabad)	25-Sep	2290	1368	7	750	95	No
8806526290	Industrial Synthetic Lubricant (Plant-Nagpur)	25-Sep	2198	1362	7	750	95	No
8806526290	Industrial Synthetic Lubricant (Plant-Mumbai)	25-Sep	627	672	11	750	95	No
8806526290	Industrial Synthetic Lubricant (Plant-Gujarat)	25-Sep	645	568	8	750	95	No
8806526290	Industrial Synthetic Lubricant (Plant-Chennai)	25-Sep	1372	763	10	750	95	No
8806526290	Industrial Synthetic Lubricant (Plant-Bengaluru)	25-Sep	716	552	11	750	95	No
8806526290	Industrial Synthetic Lubricant (Plant-Pune)	25-Oct	2591	2894	11	750	95	Yes
8806526290	Industrial Synthetic Lubricant (Plant-Chakan)	25-Oct	1360	1613	7	750	95	Yes
8806526290	Industrial Synthetic Lubricant (Plant-Talegaon)	25-Oct	1795	2077	8	750	95	Yes
8806526290	Industrial Synthetic Lubricant (Plant-Nashik)	25-Oct	1113	1219	6	750	95	No
8806526290	Industrial Synthetic Lubricant (Plant-Aurangabad)	25-Oct	1590	1611	7	750	95	No
8806526290	Industrial Synthetic Lubricant (Plant-Nagpur)	25-Oct	1769	2071	10	750	95	Yes
8806526290	Industrial Synthetic Lubricant (Plant-Mumbai)	25-Oct	2118	1985	10	750	95	No
8806526290	Industrial Synthetic Lubricant (Plant-Gujarat)	25-Oct	2139	2528	7	750	95	Yes
8806526290	Industrial Synthetic Lubricant (Plant-Chennai)	25-Oct	686	625	6	750	95	No
8806526290	Industrial Synthetic Lubricant (Plant-Bengaluru)	25-Oct	1170	1032	8	750	95	No
8806526290	Industrial Synthetic Lubricant (Plant-Pune)	25-Nov	842	1014	11	750	95	Yes
8806526290	Industrial Synthetic Lubricant (Plant-Chakan)	25-Nov	810	1006	11	750	95	Yes
8806526290	Industrial Synthetic Lubricant (Plant-Talegaon)	25-Nov	2541	2980	6	750	95	Yes
8806526290	Industrial Synthetic Lubricant (Plant-Nashik)	25-Nov	1947	1402	10	750	95	No
8806526290	Industrial Synthetic Lubricant (Plant-Aurangabad)	25-Nov	1643	1041	7	750	95	No
8806526290	Industrial Synthetic Lubricant (Plant-Nagpur)	25-Nov	2347	2295	9	750	95	No
8806526290	Industrial Synthetic Lubricant (Plant-Mumbai)	25-Nov	2051	1711	9	750	95	No
8806526290	Industrial Synthetic Lubricant (Plant-Gujarat)	25-Nov	1566	803	11	750	95	No
8806526290	Industrial Synthetic Lubricant (Plant-Chennai)	25-Nov	2013	1766	7	750	95	No
8806526290	Industrial Synthetic Lubricant (Plant-Bengaluru)	25-Nov	1012	1021	10	750	95	No
8806526290	Industrial Synthetic Lubricant (Plant-Pune)	25-Dec	1676	1564	7	750	95	No
8806526290	Industrial Synthetic Lubricant (Plant-Chakan)	25-Dec	1331	1324	7	750	95	No
8806526290	Industrial Synthetic Lubricant (Plant-Talegaon)	25-Dec	1934	1944	9	750	95	No
8806526290	Industrial Synthetic Lubricant (Plant-Nashik)	25-Dec	635	514	8	750	95	No
8806526290	Industrial Synthetic Lubricant (Plant-Aurangabad)	25-Dec	1465	1802	9	750	95	Yes
8806526290	Industrial Synthetic Lubricant (Plant-Nagpur)	25-Dec	1798	1830	7	750	95	No
8806526290	Industrial Synthetic Lubricant (Plant-Mumbai)	25-Dec	1487	1399	9	750	95	No
8806526290	Industrial Synthetic Lubricant (Plant-Gujarat)	25-Dec	729	838	9	750	95	No
8806526290	Industrial Synthetic Lubricant (Plant-Chennai)	25-Dec	2234	1206	10	750	95	No
8806526290	Industrial Synthetic Lubricant (Plant-Bengaluru)	25-Dec	1427	974	7	750	95	No
8806526290	Industrial Synthetic Lubricant (Plant-Pune)	26-Jan	970	891	6	750	95	No
8806526290	Industrial Synthetic Lubricant (Plant-Chakan)	26-Jan	1469	1448	6	750	95	No
8806526290	Industrial Synthetic Lubricant (Plant-Talegaon)	26-Jan	2045	1625	8	750	95	No
8806526290	Industrial Synthetic Lubricant (Plant-Nashik)	26-Jan	628	433	9	750	95	No
8806526290	Industrial Synthetic Lubricant (Plant-Aurangabad)	26-Jan	1453	926	9	750	95	No
8806526290	Industrial Synthetic Lubricant (Plant-Nagpur)	26-Jan	2171	1517	6	750	95	No
8806526290	Industrial Synthetic Lubricant (Plant-Mumbai)	26-Jan	1598	1610	11	750	95	No
8806526290	Industrial Synthetic Lubricant (Plant-Gujarat)	26-Jan	644	330	7	750	95	No
8806526290	Industrial Synthetic Lubricant (Plant-Chennai)	26-Jan	1158	782	10	750	95	No
8806526290	Industrial Synthetic Lubricant (Plant-Bengaluru)	26-Jan	1239	1464	8	750	95	Yes
8806526290	Industrial Synthetic Lubricant (Plant-Pune)	26-Feb	1801	2059	8	750	95	Yes
8806526290	Industrial Synthetic Lubricant (Plant-Chakan)	26-Feb	2619	1706	11	750	95	No
8806526290	Industrial Synthetic Lubricant (Plant-Talegaon)	26-Feb	1740	1660	9	750	95	No
8806526290	Industrial Synthetic Lubricant (Plant-Nashik)	26-Feb	1300	1282	11	750	95	No
8806526290	Industrial Synthetic Lubricant (Plant-Aurangabad)	26-Feb	1641	1546	6	750	95	No
8806526290	Industrial Synthetic Lubricant (Plant-Nagpur)	26-Feb	1941	1137	8	750	95	No
8806526290	Industrial Synthetic Lubricant (Plant-Mumbai)	26-Feb	2390	2715	10	750	95	Yes
8806526290	Industrial Synthetic Lubricant (Plant-Gujarat)	26-Feb	2045	1448	10	750	95	No
8806526290	Industrial Synthetic Lubricant (Plant-Chennai)	26-Feb	1103	1161	7	750	95	No
8806526290	Industrial Synthetic Lubricant (Plant-Bengaluru)	26-Feb	1405	1105	6	750	95	No
8806526290	Industrial Synthetic Lubricant (Plant-Pune)	26-Mar	861	747	10	750	95	No
8806526290	Industrial Synthetic Lubricant (Plant-Chakan)	26-Mar	608	310	6	750	95	No
8806526290	Industrial Synthetic Lubricant (Plant-Talegaon)	26-Mar	927	781	10	750	95	No
8806526290	Industrial Synthetic Lubricant (Plant-Nashik)	26-Mar	1107	638	6	750	95	No
8806526290	Industrial Synthetic Lubricant (Plant-Aurangabad)	26-Mar	631	582	9	750	95	No
8806526290	Industrial Synthetic Lubricant (Plant-Nagpur)	26-Mar	843	984	10	750	95	No
8806526290	Industrial Synthetic Lubricant (Plant-Mumbai)	26-Mar	2163	1524	8	750	95	No
8806526290	Industrial Synthetic Lubricant (Plant-Gujarat)	26-Mar	874	1000	7	750	95	No
8806526290	Industrial Synthetic Lubricant (Plant-Chennai)	26-Mar	2073	1649	8	750	95	No
8806526290	Industrial Synthetic Lubricant (Plant-Bengaluru)	26-Mar	2417	2560	11	750	95	No
8806526290	Industrial Synthetic Lubricant (Plant-Pune)	26-Apr	1828	2000	10	750	95	Yes
8806526290	Industrial Synthetic Lubricant (Plant-Chakan)	26-Apr	1696	1667	6	750	95	No
8806526290	Industrial Synthetic Lubricant (Plant-Talegaon)	26-Apr	1608	1595	9	750	95	No
8806526290	Industrial Synthetic Lubricant (Plant-Nashik)	26-Apr	1746	875	10	750	95	No
8806526290	Industrial Synthetic Lubricant (Plant-Aurangabad)	26-Apr	1194	974	6	750	95	No
8806526290	Industrial Synthetic Lubricant (Plant-Nagpur)	26-Apr	2228	2747	7	750	95	Yes
8806526290	Industrial Synthetic Lubricant (Plant-Mumbai)	26-Apr	936	856	6	750	95	No
8806526290	Industrial Synthetic Lubricant (Plant-Gujarat)	26-Apr	2160	2404	6	750	95	Yes
8806526290	Industrial Synthetic Lubricant (Plant-Chennai)	26-Apr	1868	958	8	750	95	No
8806526290	Industrial Synthetic Lubricant (Plant-Bengaluru)	26-Apr	704	667	8	750	95	No
8806526290	Industrial Synthetic Lubricant (Plant-Pune)	26-May	981	788	6	750	95	No
8806526290	Industrial Synthetic Lubricant (Plant-Chakan)	26-May	2368	1338	8	750	95	No
8806526290	Industrial Synthetic Lubricant (Plant-Talegaon)	26-May	1012	658	7	750	95	No
8806526290	Industrial Synthetic Lubricant (Plant-Nashik)	26-May	2132	2183	7	750	95	No
8806526290	Industrial Synthetic Lubricant (Plant-Aurangabad)	26-May	1773	1682	8	750	95	No
8806526290	Industrial Synthetic Lubricant (Plant-Nagpur)	26-May	1739	1336	11	750	95	No
8806526290	Industrial Synthetic Lubricant (Plant-Mumbai)	26-May	2011	1864	9	750	95	No
8806526290	Industrial Synthetic Lubricant (Plant-Gujarat)	26-May	822	799	11	750	95	No
8806526290	Industrial Synthetic Lubricant (Plant-Chennai)	26-May	1060	863	11	750	95	No
8806526290	Industrial Synthetic Lubricant (Plant-Bengaluru)	26-May	2229	1804	11	750	95	No
8806526290	Industrial Synthetic Lubricant (Plant-Pune)	26-Jun	1178	691	9	750	95	No
8806526290	Industrial Synthetic Lubricant (Plant-Chakan)	26-Jun	966	604	8	750	95	No
8806526290	Industrial Synthetic Lubricant (Plant-Talegaon)	26-Jun	1539	1333	9	750	95	No
8806526290	Industrial Synthetic Lubricant (Plant-Nashik)	26-Jun	1025	764	8	750	95	No
8806526290	Industrial Synthetic Lubricant (Plant-Aurangabad)	26-Jun	2337	1606	9	750	95	No
8806526290	Industrial Synthetic Lubricant (Plant-Nagpur)	26-Jun	889	504	9	750	95	No
8806526290	Industrial Synthetic Lubricant (Plant-Mumbai)	26-Jun	1175	771	9	750	95	No
8806526290	Industrial Synthetic Lubricant (Plant-Gujarat)	26-Jun	1421	1161	7	750	95	No
8806526290	Industrial Synthetic Lubricant (Plant-Chennai)	26-Jun	2594	2785	6	750	95	Yes
8806526290	Industrial Synthetic Lubricant (Plant-Bengaluru)	26-Jun	1118	772	10	750	95	No
8806526291	Heavy Duty Conveyor Belt (Plant-Pune)	25-Jan	320	312	41	120	500	No
8806526291	Heavy Duty Conveyor Belt (Plant-Chakan)	25-Jan	100	84	38	120	500	No
8806526291	Heavy Duty Conveyor Belt (Plant-Talegaon)	25-Jan	295	230	39	120	500	No
8806526291	Heavy Duty Conveyor Belt (Plant-Nashik)	25-Jan	185	167	43	120	500	No
8806526291	Heavy Duty Conveyor Belt (Plant-Aurangabad)	25-Jan	354	429	39	120	500	Yes
8806526291	Heavy Duty Conveyor Belt (Plant-Nagpur)	25-Jan	142	150	38	120	500	No
8806526291	Heavy Duty Conveyor Belt (Plant-Mumbai)	25-Jan	224	239	40	120	500	No
8806526291	Heavy Duty Conveyor Belt (Plant-Gujarat)	25-Jan	116	105	38	120	500	No
8806526291	Heavy Duty Conveyor Belt (Plant-Chennai)	25-Jan	126	142	42	120	500	No
8806526291	Heavy Duty Conveyor Belt (Plant-Bengaluru)	25-Jan	155	176	42	120	500	No
8806526291	Heavy Duty Conveyor Belt (Plant-Pune)	25-Feb	396	382	38	120	500	No
8806526291	Heavy Duty Conveyor Belt (Plant-Chakan)	25-Feb	338	262	39	120	500	No
8806526291	Heavy Duty Conveyor Belt (Plant-Talegaon)	25-Feb	219	227	41	120	500	No
8806526291	Heavy Duty Conveyor Belt (Plant-Nashik)	25-Feb	301	223	39	120	500	No
8806526291	Heavy Duty Conveyor Belt (Plant-Aurangabad)	25-Feb	212	176	42	120	500	No
8806526291	Heavy Duty Conveyor Belt (Plant-Nagpur)	25-Feb	249	169	38	120	500	No
8806526291	Heavy Duty Conveyor Belt (Plant-Mumbai)	25-Feb	375	276	43	120	500	No
8806526291	Heavy Duty Conveyor Belt (Plant-Gujarat)	25-Feb	126	101	42	120	500	No
8806526291	Heavy Duty Conveyor Belt (Plant-Chennai)	25-Feb	170	120	43	120	500	No
8806526291	Heavy Duty Conveyor Belt (Plant-Bengaluru)	25-Feb	283	254	43	120	500	No
8806526291	Heavy Duty Conveyor Belt (Plant-Pune)	25-Mar	283	309	39	120	500	Yes
8806526291	Heavy Duty Conveyor Belt (Plant-Chakan)	25-Mar	325	194	38	120	500	No
8806526291	Heavy Duty Conveyor Belt (Plant-Talegaon)	25-Mar	259	160	38	120	500	No
8806526291	Heavy Duty Conveyor Belt (Plant-Nashik)	25-Mar	333	260	41	120	500	No
8806526291	Heavy Duty Conveyor Belt (Plant-Aurangabad)	25-Mar	291	316	41	120	500	Yes
8806526291	Heavy Duty Conveyor Belt (Plant-Nagpur)	25-Mar	155	86	42	120	500	No
8806526291	Heavy Duty Conveyor Belt (Plant-Mumbai)	25-Mar	100	99	43	120	500	No
8806526291	Heavy Duty Conveyor Belt (Plant-Gujarat)	25-Mar	169	134	43	120	500	No
8806526291	Heavy Duty Conveyor Belt (Plant-Chennai)	25-Mar	336	266	39	120	500	No
8806526291	Heavy Duty Conveyor Belt (Plant-Bengaluru)	25-Mar	371	270	41	120	500	No
8806526291	Heavy Duty Conveyor Belt (Plant-Pune)	25-Apr	197	125	38	120	500	No
8806526291	Heavy Duty Conveyor Belt (Plant-Chakan)	25-Apr	250	272	41	120	500	No
8806526291	Heavy Duty Conveyor Belt (Plant-Talegaon)	25-Apr	191	127	38	120	500	No
8806526291	Heavy Duty Conveyor Belt (Plant-Nashik)	25-Apr	403	477	41	120	500	Yes
8806526291	Heavy Duty Conveyor Belt (Plant-Aurangabad)	25-Apr	203	215	38	120	500	No
8806526291	Heavy Duty Conveyor Belt (Plant-Nagpur)	25-Apr	164	135	40	120	500	No
8806526291	Heavy Duty Conveyor Belt (Plant-Mumbai)	25-Apr	169	92	40	120	500	No
8806526291	Heavy Duty Conveyor Belt (Plant-Gujarat)	25-Apr	317	214	40	120	500	No
8806526291	Heavy Duty Conveyor Belt (Plant-Chennai)	25-Apr	375	440	42	120	500	Yes
8806526291	Heavy Duty Conveyor Belt (Plant-Bengaluru)	25-Apr	141	158	39	120	500	No
8806526291	Heavy Duty Conveyor Belt (Plant-Pune)	25-May	290	261	38	120	500	No
8806526291	Heavy Duty Conveyor Belt (Plant-Chakan)	25-May	340	312	40	120	500	No
8806526291	Heavy Duty Conveyor Belt (Plant-Talegaon)	25-May	355	255	39	120	500	No
8806526291	Heavy Duty Conveyor Belt (Plant-Nashik)	25-May	173	140	40	120	500	No
8806526291	Heavy Duty Conveyor Belt (Plant-Aurangabad)	25-May	244	129	38	120	500	No
8806526291	Heavy Duty Conveyor Belt (Plant-Nagpur)	25-May	116	97	38	120	500	No
8806526291	Heavy Duty Conveyor Belt (Plant-Mumbai)	25-May	113	76	41	120	500	No
8806526291	Heavy Duty Conveyor Belt (Plant-Gujarat)	25-May	138	84	42	120	500	No
8806526291	Heavy Duty Conveyor Belt (Plant-Chennai)	25-May	326	400	38	120	500	Yes
8806526291	Heavy Duty Conveyor Belt (Plant-Bengaluru)	25-May	262	182	38	120	500	No
8806526291	Heavy Duty Conveyor Belt (Plant-Pune)	25-Jun	104	123	42	120	500	No
8806526291	Heavy Duty Conveyor Belt (Plant-Chakan)	25-Jun	383	238	38	120	500	No
8806526291	Heavy Duty Conveyor Belt (Plant-Talegaon)	25-Jun	300	230	43	120	500	No
8806526291	Heavy Duty Conveyor Belt (Plant-Nashik)	25-Jun	394	214	39	120	500	No
8806526291	Heavy Duty Conveyor Belt (Plant-Aurangabad)	25-Jun	224	225	40	120	500	No
8806526291	Heavy Duty Conveyor Belt (Plant-Nagpur)	25-Jun	267	309	40	120	500	Yes
8806526291	Heavy Duty Conveyor Belt (Plant-Mumbai)	25-Jun	235	229	40	120	500	No
8806526291	Heavy Duty Conveyor Belt (Plant-Gujarat)	25-Jun	403	356	39	120	500	No
8806526291	Heavy Duty Conveyor Belt (Plant-Chennai)	25-Jun	158	168	39	120	500	No
8806526291	Heavy Duty Conveyor Belt (Plant-Bengaluru)	25-Jun	141	107	39	120	500	No
8806526291	Heavy Duty Conveyor Belt (Plant-Pune)	25-Jul	204	131	38	120	500	No
8806526291	Heavy Duty Conveyor Belt (Plant-Chakan)	25-Jul	139	71	39	120	500	No
8806526291	Heavy Duty Conveyor Belt (Plant-Talegaon)	25-Jul	99	81	43	120	500	No
8806526291	Heavy Duty Conveyor Belt (Plant-Nashik)	25-Jul	267	225	39	120	500	No
8806526291	Heavy Duty Conveyor Belt (Plant-Aurangabad)	25-Jul	255	275	38	120	500	No
8806526291	Heavy Duty Conveyor Belt (Plant-Nagpur)	25-Jul	213	193	40	120	500	No
8806526291	Heavy Duty Conveyor Belt (Plant-Mumbai)	25-Jul	262	301	38	120	500	Yes
8806526291	Heavy Duty Conveyor Belt (Plant-Gujarat)	25-Jul	277	234	43	120	500	No
8806526291	Heavy Duty Conveyor Belt (Plant-Chennai)	25-Jul	345	414	39	120	500	Yes
8806526291	Heavy Duty Conveyor Belt (Plant-Bengaluru)	25-Jul	256	129	40	120	500	No
8806526291	Heavy Duty Conveyor Belt (Plant-Pune)	25-Aug	364	385	40	120	500	No
8806526291	Heavy Duty Conveyor Belt (Plant-Chakan)	25-Aug	102	126	39	120	500	No
8806526291	Heavy Duty Conveyor Belt (Plant-Talegaon)	25-Aug	365	320	43	120	500	No
8806526291	Heavy Duty Conveyor Belt (Plant-Nashik)	25-Aug	187	108	41	120	500	No
8806526291	Heavy Duty Conveyor Belt (Plant-Aurangabad)	25-Aug	182	107	40	120	500	No
8806526291	Heavy Duty Conveyor Belt (Plant-Nagpur)	25-Aug	229	208	38	120	500	No
8806526291	Heavy Duty Conveyor Belt (Plant-Mumbai)	25-Aug	135	121	40	120	500	No
8806526291	Heavy Duty Conveyor Belt (Plant-Gujarat)	25-Aug	221	274	43	120	500	Yes
8806526291	Heavy Duty Conveyor Belt (Plant-Chennai)	25-Aug	104	67	42	120	500	No
8806526291	Heavy Duty Conveyor Belt (Plant-Bengaluru)	25-Aug	402	449	39	120	500	Yes
8806526291	Heavy Duty Conveyor Belt (Plant-Pune)	25-Sep	351	238	41	120	500	No
8806526291	Heavy Duty Conveyor Belt (Plant-Chakan)	25-Sep	129	111	38	120	500	No
8806526291	Heavy Duty Conveyor Belt (Plant-Talegaon)	25-Sep	406	294	40	120	500	No
8806526291	Heavy Duty Conveyor Belt (Plant-Nashik)	25-Sep	144	74	39	120	500	No
8806526291	Heavy Duty Conveyor Belt (Plant-Aurangabad)	25-Sep	352	302	38	120	500	No
8806526291	Heavy Duty Conveyor Belt (Plant-Nagpur)	25-Sep	111	124	40	120	500	No
8806526291	Heavy Duty Conveyor Belt (Plant-Mumbai)	25-Sep	195	205	40	120	500	No
8806526291	Heavy Duty Conveyor Belt (Plant-Gujarat)	25-Sep	344	276	40	120	500	No
8806526291	Heavy Duty Conveyor Belt (Plant-Chennai)	25-Sep	327	311	38	120	500	No
8806526291	Heavy Duty Conveyor Belt (Plant-Bengaluru)	25-Sep	214	231	38	120	500	No
8806526291	Heavy Duty Conveyor Belt (Plant-Pune)	25-Oct	405	329	40	120	500	No
8806526291	Heavy Duty Conveyor Belt (Plant-Chakan)	25-Oct	184	110	39	120	500	No
8806526291	Heavy Duty Conveyor Belt (Plant-Talegaon)	25-Oct	97	120	38	120	500	No
8806526291	Heavy Duty Conveyor Belt (Plant-Nashik)	25-Oct	309	317	40	120	500	No
8806526291	Heavy Duty Conveyor Belt (Plant-Aurangabad)	25-Oct	277	253	38	120	500	No
8806526291	Heavy Duty Conveyor Belt (Plant-Nagpur)	25-Oct	131	70	41	120	500	No
8806526291	Heavy Duty Conveyor Belt (Plant-Mumbai)	25-Oct	117	135	39	120	500	No
8806526291	Heavy Duty Conveyor Belt (Plant-Gujarat)	25-Oct	250	136	38	120	500	No
8806526291	Heavy Duty Conveyor Belt (Plant-Chennai)	25-Oct	357	272	39	120	500	No
8806526291	Heavy Duty Conveyor Belt (Plant-Bengaluru)	25-Oct	297	353	38	120	500	Yes
8806526291	Heavy Duty Conveyor Belt (Plant-Pune)	25-Nov	379	455	40	120	500	Yes
8806526291	Heavy Duty Conveyor Belt (Plant-Chakan)	25-Nov	405	354	38	120	500	No
8806526291	Heavy Duty Conveyor Belt (Plant-Talegaon)	25-Nov	345	185	39	120	500	No
8806526291	Heavy Duty Conveyor Belt (Plant-Nashik)	25-Nov	112	122	38	120	500	No
8806526291	Heavy Duty Conveyor Belt (Plant-Aurangabad)	25-Nov	397	251	39	120	500	No
8806526291	Heavy Duty Conveyor Belt (Plant-Nagpur)	25-Nov	98	89	41	120	500	No
8806526291	Heavy Duty Conveyor Belt (Plant-Mumbai)	25-Nov	320	186	38	120	500	No
8806526291	Heavy Duty Conveyor Belt (Plant-Gujarat)	25-Nov	242	157	39	120	500	No
8806526291	Heavy Duty Conveyor Belt (Plant-Chennai)	25-Nov	242	131	43	120	500	No
8806526291	Heavy Duty Conveyor Belt (Plant-Bengaluru)	25-Nov	376	310	42	120	500	No
8806526291	Heavy Duty Conveyor Belt (Plant-Pune)	25-Dec	376	329	41	120	500	No
8806526291	Heavy Duty Conveyor Belt (Plant-Chakan)	25-Dec	128	70	42	120	500	No
8806526291	Heavy Duty Conveyor Belt (Plant-Talegaon)	25-Dec	166	207	38	120	500	Yes
8806526291	Heavy Duty Conveyor Belt (Plant-Nashik)	25-Dec	98	119	43	120	500	No
8806526291	Heavy Duty Conveyor Belt (Plant-Aurangabad)	25-Dec	260	311	42	120	500	Yes
8806526291	Heavy Duty Conveyor Belt (Plant-Nagpur)	25-Dec	253	202	41	120	500	No
8806526291	Heavy Duty Conveyor Belt (Plant-Mumbai)	25-Dec	303	365	39	120	500	Yes
8806526291	Heavy Duty Conveyor Belt (Plant-Gujarat)	25-Dec	402	222	43	120	500	No
8806526291	Heavy Duty Conveyor Belt (Plant-Chennai)	25-Dec	202	190	39	120	500	No
8806526291	Heavy Duty Conveyor Belt (Plant-Bengaluru)	25-Dec	240	296	42	120	500	Yes
8806526291	Heavy Duty Conveyor Belt (Plant-Pune)	26-Jan	392	389	39	120	500	No
8806526291	Heavy Duty Conveyor Belt (Plant-Chakan)	26-Jan	349	281	38	120	500	No
8806526291	Heavy Duty Conveyor Belt (Plant-Talegaon)	26-Jan	295	331	42	120	500	Yes
8806526291	Heavy Duty Conveyor Belt (Plant-Nashik)	26-Jan	401	476	38	120	500	Yes
8806526291	Heavy Duty Conveyor Belt (Plant-Aurangabad)	26-Jan	249	199	43	120	500	No
8806526291	Heavy Duty Conveyor Belt (Plant-Nagpur)	26-Jan	393	314	40	120	500	No
8806526291	Heavy Duty Conveyor Belt (Plant-Mumbai)	26-Jan	386	298	38	120	500	No
8806526291	Heavy Duty Conveyor Belt (Plant-Gujarat)	26-Jan	133	149	39	120	500	No
8806526291	Heavy Duty Conveyor Belt (Plant-Chennai)	26-Jan	372	340	41	120	500	No
8806526291	Heavy Duty Conveyor Belt (Plant-Bengaluru)	26-Jan	347	186	40	120	500	No
8806526291	Heavy Duty Conveyor Belt (Plant-Pune)	26-Feb	236	232	40	120	500	No
8806526291	Heavy Duty Conveyor Belt (Plant-Chakan)	26-Feb	358	295	40	120	500	No
8806526291	Heavy Duty Conveyor Belt (Plant-Talegaon)	26-Feb	121	135	39	120	500	No
8806526291	Heavy Duty Conveyor Belt (Plant-Nashik)	26-Feb	158	155	38	120	500	No
8806526291	Heavy Duty Conveyor Belt (Plant-Aurangabad)	26-Feb	325	349	39	120	500	No
8806526291	Heavy Duty Conveyor Belt (Plant-Nagpur)	26-Feb	337	338	40	120	500	No
8806526291	Heavy Duty Conveyor Belt (Plant-Mumbai)	26-Feb	125	79	39	120	500	No
8806526291	Heavy Duty Conveyor Belt (Plant-Gujarat)	26-Feb	168	189	41	120	500	No
8806526291	Heavy Duty Conveyor Belt (Plant-Chennai)	26-Feb	346	366	39	120	500	No
8806526291	Heavy Duty Conveyor Belt (Plant-Bengaluru)	26-Feb	387	281	42	120	500	No
8806526291	Heavy Duty Conveyor Belt (Plant-Pune)	26-Mar	117	87	40	120	500	No
8806526291	Heavy Duty Conveyor Belt (Plant-Chakan)	26-Mar	402	482	38	120	500	Yes
8806526291	Heavy Duty Conveyor Belt (Plant-Talegaon)	26-Mar	239	203	38	120	500	No
8806526291	Heavy Duty Conveyor Belt (Plant-Nashik)	26-Mar	185	92	39	120	500	No
8806526291	Heavy Duty Conveyor Belt (Plant-Aurangabad)	26-Mar	242	224	38	120	500	No
8806526291	Heavy Duty Conveyor Belt (Plant-Nagpur)	26-Mar	112	59	43	120	500	No
8806526291	Heavy Duty Conveyor Belt (Plant-Mumbai)	26-Mar	371	417	41	120	500	Yes
8806526291	Heavy Duty Conveyor Belt (Plant-Gujarat)	26-Mar	143	168	40	120	500	Yes
8806526291	Heavy Duty Conveyor Belt (Plant-Chennai)	26-Mar	111	129	42	120	500	No
8806526291	Heavy Duty Conveyor Belt (Plant-Bengaluru)	26-Mar	410	465	38	120	500	Yes
8806526291	Heavy Duty Conveyor Belt (Plant-Pune)	26-Apr	388	201	43	120	500	No
8806526291	Heavy Duty Conveyor Belt (Plant-Chakan)	26-Apr	158	86	40	120	500	No
8806526291	Heavy Duty Conveyor Belt (Plant-Talegaon)	26-Apr	248	126	42	120	500	No
8806526291	Heavy Duty Conveyor Belt (Plant-Nashik)	26-Apr	292	180	42	120	500	No
8806526291	Heavy Duty Conveyor Belt (Plant-Aurangabad)	26-Apr	257	211	43	120	500	No
8806526291	Heavy Duty Conveyor Belt (Plant-Nagpur)	26-Apr	154	189	42	120	500	Yes
8806526291	Heavy Duty Conveyor Belt (Plant-Mumbai)	26-Apr	314	365	43	120	500	Yes
8806526291	Heavy Duty Conveyor Belt (Plant-Gujarat)	26-Apr	405	490	41	120	500	Yes
8806526291	Heavy Duty Conveyor Belt (Plant-Chennai)	26-Apr	290	254	41	120	500	No
8806526291	Heavy Duty Conveyor Belt (Plant-Bengaluru)	26-Apr	384	442	42	120	500	Yes
8806526291	Heavy Duty Conveyor Belt (Plant-Pune)	26-May	313	241	43	120	500	No
8806526291	Heavy Duty Conveyor Belt (Plant-Chakan)	26-May	129	146	40	120	500	No
8806526291	Heavy Duty Conveyor Belt (Plant-Talegaon)	26-May	330	225	43	120	500	No
8806526291	Heavy Duty Conveyor Belt (Plant-Nashik)	26-May	161	127	43	120	500	No
8806526291	Heavy Duty Conveyor Belt (Plant-Aurangabad)	26-May	296	181	43	120	500	No
8806526291	Heavy Duty Conveyor Belt (Plant-Nagpur)	26-May	396	491	39	120	500	Yes
8806526291	Heavy Duty Conveyor Belt (Plant-Mumbai)	26-May	267	179	40	120	500	No
8806526291	Heavy Duty Conveyor Belt (Plant-Gujarat)	26-May	104	126	38	120	500	No
8806526291	Heavy Duty Conveyor Belt (Plant-Chennai)	26-May	328	386	39	120	500	Yes
8806526291	Heavy Duty Conveyor Belt (Plant-Bengaluru)	26-May	318	380	42	120	500	Yes
8806526291	Heavy Duty Conveyor Belt (Plant-Pune)	26-Jun	390	221	39	120	500	No
8806526291	Heavy Duty Conveyor Belt (Plant-Chakan)	26-Jun	246	222	41	120	500	No
8806526291	Heavy Duty Conveyor Belt (Plant-Talegaon)	26-Jun	248	284	40	120	500	Yes
8806526291	Heavy Duty Conveyor Belt (Plant-Nashik)	26-Jun	282	303	42	120	500	No
8806526291	Heavy Duty Conveyor Belt (Plant-Aurangabad)	26-Jun	401	253	38	120	500	No
8806526291	Heavy Duty Conveyor Belt (Plant-Nagpur)	26-Jun	151	120	40	120	500	No
8806526291	Heavy Duty Conveyor Belt (Plant-Mumbai)	26-Jun	234	149	40	120	500	No
8806526291	Heavy Duty Conveyor Belt (Plant-Gujarat)	26-Jun	127	149	43	120	500	No
8806526291	Heavy Duty Conveyor Belt (Plant-Chennai)	26-Jun	200	151	42	120	500	No
8806526291	Heavy Duty Conveyor Belt (Plant-Bengaluru)	26-Jun	271	147	39	120	500	No
8806526292	Brass Bushing Sleeve (Plant-Pune)	25-Jan	7131	4561	12	3000	15	No
8806526292	Brass Bushing Sleeve (Plant-Chakan)	25-Jan	7514	5942	15	3000	15	No
8806526292	Brass Bushing Sleeve (Plant-Talegaon)	25-Jan	4209	2458	14	3000	15	No
8806526292	Brass Bushing Sleeve (Plant-Nashik)	25-Jan	4454	4159	12	3000	15	No
8806526292	Brass Bushing Sleeve (Plant-Aurangabad)	25-Jan	4708	5506	14	3000	15	Yes
8806526292	Brass Bushing Sleeve (Plant-Nagpur)	25-Jan	5266	5220	13	3000	15	No
8806526292	Brass Bushing Sleeve (Plant-Mumbai)	25-Jan	6917	3553	14	3000	15	No
8806526292	Brass Bushing Sleeve (Plant-Gujarat)	25-Jan	7777	6953	13	3000	15	No
8806526292	Brass Bushing Sleeve (Plant-Chennai)	25-Jan	6247	3998	15	3000	15	No
8806526292	Brass Bushing Sleeve (Plant-Bengaluru)	25-Jan	7991	8855	17	3000	15	Yes
8806526292	Brass Bushing Sleeve (Plant-Pune)	25-Feb	9192	6930	12	3000	15	No
8806526292	Brass Bushing Sleeve (Plant-Chakan)	25-Feb	7095	4877	13	3000	15	No
8806526292	Brass Bushing Sleeve (Plant-Talegaon)	25-Feb	6619	3487	13	3000	15	No
8806526292	Brass Bushing Sleeve (Plant-Nashik)	25-Feb	5830	5986	15	3000	15	No
8806526292	Brass Bushing Sleeve (Plant-Aurangabad)	25-Feb	10444	10932	16	3000	15	No
8806526292	Brass Bushing Sleeve (Plant-Nagpur)	25-Feb	4862	2678	17	3000	15	No
8806526292	Brass Bushing Sleeve (Plant-Mumbai)	25-Feb	8089	4950	13	3000	15	No
8806526292	Brass Bushing Sleeve (Plant-Gujarat)	25-Feb	8320	7681	15	3000	15	No
8806526292	Brass Bushing Sleeve (Plant-Chennai)	25-Feb	7302	4144	17	3000	15	No
8806526292	Brass Bushing Sleeve (Plant-Bengaluru)	25-Feb	10042	8666	15	3000	15	No
8806526292	Brass Bushing Sleeve (Plant-Pune)	25-Mar	2987	2900	17	3000	15	No
8806526292	Brass Bushing Sleeve (Plant-Chakan)	25-Mar	5794	3555	14	3000	15	No
8806526292	Brass Bushing Sleeve (Plant-Talegaon)	25-Mar	7973	8803	13	3000	15	Yes
8806526292	Brass Bushing Sleeve (Plant-Nashik)	25-Mar	3066	2860	16	3000	15	No
8806526292	Brass Bushing Sleeve (Plant-Aurangabad)	25-Mar	8334	8589	16	3000	15	No
8806526292	Brass Bushing Sleeve (Plant-Nagpur)	25-Mar	5267	4881	13	3000	15	No
8806526292	Brass Bushing Sleeve (Plant-Mumbai)	25-Mar	10041	6158	12	3000	15	No
8806526292	Brass Bushing Sleeve (Plant-Gujarat)	25-Mar	7899	7001	15	3000	15	No
8806526292	Brass Bushing Sleeve (Plant-Chennai)	25-Mar	9641	6165	14	3000	15	No
8806526292	Brass Bushing Sleeve (Plant-Bengaluru)	25-Mar	2940	2511	14	3000	15	No
8806526292	Brass Bushing Sleeve (Plant-Pune)	25-Apr	3219	1669	12	3000	15	No
8806526292	Brass Bushing Sleeve (Plant-Chakan)	25-Apr	10093	5469	15	3000	15	No
8806526292	Brass Bushing Sleeve (Plant-Talegaon)	25-Apr	5598	4589	13	3000	15	No
8806526292	Brass Bushing Sleeve (Plant-Nashik)	25-Apr	6214	4072	14	3000	15	No
8806526292	Brass Bushing Sleeve (Plant-Aurangabad)	25-Apr	6514	8098	16	3000	15	Yes
8806526292	Brass Bushing Sleeve (Plant-Nagpur)	25-Apr	5107	3422	15	3000	15	No
8806526292	Brass Bushing Sleeve (Plant-Mumbai)	25-Apr	5648	6164	12	3000	15	No
8806526292	Brass Bushing Sleeve (Plant-Gujarat)	25-Apr	6050	6859	14	3000	15	Yes
8806526292	Brass Bushing Sleeve (Plant-Chennai)	25-Apr	8163	8023	15	3000	15	No
8806526292	Brass Bushing Sleeve (Plant-Bengaluru)	25-Apr	3758	2574	13	3000	15	No
8806526292	Brass Bushing Sleeve (Plant-Pune)	25-May	7810	8659	12	3000	15	Yes
8806526292	Brass Bushing Sleeve (Plant-Chakan)	25-May	4297	2463	15	3000	15	No
8806526292	Brass Bushing Sleeve (Plant-Talegaon)	25-May	9017	6696	17	3000	15	No
8806526292	Brass Bushing Sleeve (Plant-Nashik)	25-May	6317	3461	14	3000	15	No
8806526292	Brass Bushing Sleeve (Plant-Aurangabad)	25-May	6226	7336	14	3000	15	Yes
8806526292	Brass Bushing Sleeve (Plant-Nagpur)	25-May	6786	8337	16	3000	15	Yes
8806526292	Brass Bushing Sleeve (Plant-Mumbai)	25-May	9455	6700	12	3000	15	No
8806526292	Brass Bushing Sleeve (Plant-Gujarat)	25-May	7069	4687	15	3000	15	No
8806526292	Brass Bushing Sleeve (Plant-Chennai)	25-May	5577	3056	17	3000	15	No
8806526292	Brass Bushing Sleeve (Plant-Bengaluru)	25-May	10056	9043	13	3000	15	No
8806526292	Brass Bushing Sleeve (Plant-Pune)	25-Jun	5340	3653	17	3000	15	No
8806526292	Brass Bushing Sleeve (Plant-Chakan)	25-Jun	7659	9357	17	3000	15	Yes
8806526292	Brass Bushing Sleeve (Plant-Talegaon)	25-Jun	9048	7562	17	3000	15	No
8806526292	Brass Bushing Sleeve (Plant-Nashik)	25-Jun	3393	2380	15	3000	15	No
8806526292	Brass Bushing Sleeve (Plant-Aurangabad)	25-Jun	6138	6254	13	3000	15	No
8806526292	Brass Bushing Sleeve (Plant-Nagpur)	25-Jun	2729	1424	12	3000	15	No
8806526292	Brass Bushing Sleeve (Plant-Mumbai)	25-Jun	3563	2461	14	3000	15	No
8806526292	Brass Bushing Sleeve (Plant-Gujarat)	25-Jun	8401	8888	17	3000	15	No
8806526292	Brass Bushing Sleeve (Plant-Chennai)	25-Jun	6315	3173	16	3000	15	No
8806526292	Brass Bushing Sleeve (Plant-Bengaluru)	25-Jun	6799	3623	16	3000	15	No
8806526292	Brass Bushing Sleeve (Plant-Pune)	25-Jul	6318	7322	16	3000	15	Yes
8806526292	Brass Bushing Sleeve (Plant-Chakan)	25-Jul	10496	6195	16	3000	15	No
8806526292	Brass Bushing Sleeve (Plant-Talegaon)	25-Jul	2813	2477	15	3000	15	No
8806526292	Brass Bushing Sleeve (Plant-Nashik)	25-Jul	9485	9086	16	3000	15	No
8806526292	Brass Bushing Sleeve (Plant-Aurangabad)	25-Jul	7935	6586	13	3000	15	No
8806526292	Brass Bushing Sleeve (Plant-Nagpur)	25-Jul	3192	2747	15	3000	15	No
8806526292	Brass Bushing Sleeve (Plant-Mumbai)	25-Jul	8385	10452	12	3000	15	Yes
8806526292	Brass Bushing Sleeve (Plant-Gujarat)	25-Jul	3381	3238	16	3000	15	No
8806526292	Brass Bushing Sleeve (Plant-Chennai)	25-Jul	2676	2613	15	3000	15	No
8806526292	Brass Bushing Sleeve (Plant-Bengaluru)	25-Jul	4271	2687	15	3000	15	No
8806526292	Brass Bushing Sleeve (Plant-Pune)	25-Aug	8968	4614	14	3000	15	No
8806526292	Brass Bushing Sleeve (Plant-Chakan)	25-Aug	9740	9262	16	3000	15	No
8806526292	Brass Bushing Sleeve (Plant-Talegaon)	25-Aug	7262	7640	12	3000	15	No
8806526292	Brass Bushing Sleeve (Plant-Nashik)	25-Aug	4762	4402	17	3000	15	No
8806526292	Brass Bushing Sleeve (Plant-Aurangabad)	25-Aug	2500	1556	13	3000	15	No
8806526292	Brass Bushing Sleeve (Plant-Nagpur)	25-Aug	2940	3504	16	3000	15	No
8806526292	Brass Bushing Sleeve (Plant-Mumbai)	25-Aug	5170	2680	17	3000	15	No
8806526292	Brass Bushing Sleeve (Plant-Gujarat)	25-Aug	10391	7758	15	3000	15	No
8806526292	Brass Bushing Sleeve (Plant-Chennai)	25-Aug	7807	7851	14	3000	15	No
8806526292	Brass Bushing Sleeve (Plant-Bengaluru)	25-Aug	3308	2566	14	3000	15	No
8806526292	Brass Bushing Sleeve (Plant-Pune)	25-Sep	10383	11033	15	3000	15	Yes
8806526292	Brass Bushing Sleeve (Plant-Chakan)	25-Sep	7542	5514	13	3000	15	No
8806526292	Brass Bushing Sleeve (Plant-Talegaon)	25-Sep	3960	2655	16	3000	15	No
8806526292	Brass Bushing Sleeve (Plant-Nashik)	25-Sep	7903	6498	16	3000	15	No
8806526292	Brass Bushing Sleeve (Plant-Aurangabad)	25-Sep	4567	2711	17	3000	15	No
8806526292	Brass Bushing Sleeve (Plant-Nagpur)	25-Sep	3554	1922	13	3000	15	No
8806526292	Brass Bushing Sleeve (Plant-Mumbai)	25-Sep	2463	2212	12	3000	15	No
8806526292	Brass Bushing Sleeve (Plant-Gujarat)	25-Sep	6718	3473	12	3000	15	No
8806526292	Brass Bushing Sleeve (Plant-Chennai)	25-Sep	9372	5211	12	3000	15	No
8806526292	Brass Bushing Sleeve (Plant-Bengaluru)	25-Sep	7453	4735	15	3000	15	No
8806526292	Brass Bushing Sleeve (Plant-Pune)	25-Oct	5807	5972	14	3000	15	No
8806526292	Brass Bushing Sleeve (Plant-Chakan)	25-Oct	4897	5008	17	3000	15	No
8806526292	Brass Bushing Sleeve (Plant-Talegaon)	25-Oct	7355	4603	13	3000	15	No
8806526292	Brass Bushing Sleeve (Plant-Nashik)	25-Oct	10478	6862	12	3000	15	No
8806526292	Brass Bushing Sleeve (Plant-Aurangabad)	25-Oct	8027	4479	16	3000	15	No
8806526292	Brass Bushing Sleeve (Plant-Nagpur)	25-Oct	3672	2515	12	3000	15	No
8806526292	Brass Bushing Sleeve (Plant-Mumbai)	25-Oct	5080	5640	15	3000	15	No
8806526292	Brass Bushing Sleeve (Plant-Gujarat)	25-Oct	8467	6698	16	3000	15	No
8806526292	Brass Bushing Sleeve (Plant-Chennai)	25-Oct	10239	6680	14	3000	15	No
8806526292	Brass Bushing Sleeve (Plant-Bengaluru)	25-Oct	6263	7197	17	3000	15	Yes
8806526292	Brass Bushing Sleeve (Plant-Pune)	25-Nov	5845	5289	16	3000	15	No
8806526292	Brass Bushing Sleeve (Plant-Chakan)	25-Nov	7152	5184	17	3000	15	No
8806526292	Brass Bushing Sleeve (Plant-Talegaon)	25-Nov	4478	4176	14	3000	15	No
8806526292	Brass Bushing Sleeve (Plant-Nashik)	25-Nov	3555	4124	17	3000	15	No
8806526292	Brass Bushing Sleeve (Plant-Aurangabad)	25-Nov	5745	7103	16	3000	15	Yes
8806526292	Brass Bushing Sleeve (Plant-Nagpur)	25-Nov	4021	3345	12	3000	15	No
8806526292	Brass Bushing Sleeve (Plant-Mumbai)	25-Nov	4234	4918	13	3000	15	Yes
8806526292	Brass Bushing Sleeve (Plant-Gujarat)	25-Nov	2751	2507	12	3000	15	No
8806526292	Brass Bushing Sleeve (Plant-Chennai)	25-Nov	8834	5291	15	3000	15	No
8806526292	Brass Bushing Sleeve (Plant-Bengaluru)	25-Nov	6864	8004	14	3000	15	Yes
8806526292	Brass Bushing Sleeve (Plant-Pune)	25-Dec	3164	3797	16	3000	15	Yes
8806526292	Brass Bushing Sleeve (Plant-Chakan)	25-Dec	8444	4513	15	3000	15	No
8806526292	Brass Bushing Sleeve (Plant-Talegaon)	25-Dec	6822	8120	15	3000	15	Yes
8806526292	Brass Bushing Sleeve (Plant-Nashik)	25-Dec	9082	6356	13	3000	15	No
8806526292	Brass Bushing Sleeve (Plant-Aurangabad)	25-Dec	9410	8562	13	3000	15	No
8806526292	Brass Bushing Sleeve (Plant-Nagpur)	25-Dec	2856	2415	15	3000	15	No
8806526292	Brass Bushing Sleeve (Plant-Mumbai)	25-Dec	9222	7452	12	3000	15	No
8806526292	Brass Bushing Sleeve (Plant-Gujarat)	25-Dec	6477	5720	13	3000	15	No
8806526292	Brass Bushing Sleeve (Plant-Chennai)	25-Dec	3931	4304	16	3000	15	No
8806526292	Brass Bushing Sleeve (Plant-Bengaluru)	25-Dec	3439	4174	13	3000	15	Yes
8806526292	Brass Bushing Sleeve (Plant-Pune)	26-Jan	5579	4470	13	3000	15	No
8806526292	Brass Bushing Sleeve (Plant-Chakan)	26-Jan	9525	6238	13	3000	15	No
8806526292	Brass Bushing Sleeve (Plant-Talegaon)	26-Jan	4537	4379	15	3000	15	No
8806526292	Brass Bushing Sleeve (Plant-Nashik)	26-Jan	9754	5164	15	3000	15	No
8806526292	Brass Bushing Sleeve (Plant-Aurangabad)	26-Jan	9384	6440	13	3000	15	No
8806526292	Brass Bushing Sleeve (Plant-Nagpur)	26-Jan	5875	6278	17	3000	15	No
8806526292	Brass Bushing Sleeve (Plant-Mumbai)	26-Jan	8185	9063	15	3000	15	Yes
8806526292	Brass Bushing Sleeve (Plant-Gujarat)	26-Jan	3366	3153	17	3000	15	No
8806526292	Brass Bushing Sleeve (Plant-Chennai)	26-Jan	7452	6639	14	3000	15	No
8806526292	Brass Bushing Sleeve (Plant-Bengaluru)	26-Jan	5484	3586	15	3000	15	No
8806526292	Brass Bushing Sleeve (Plant-Pune)	26-Feb	6945	4467	12	3000	15	No
8806526292	Brass Bushing Sleeve (Plant-Chakan)	26-Feb	6761	5596	15	3000	15	No
8806526292	Brass Bushing Sleeve (Plant-Talegaon)	26-Feb	8704	7492	17	3000	15	No
8806526292	Brass Bushing Sleeve (Plant-Nashik)	26-Feb	3707	3945	17	3000	15	No
8806526292	Brass Bushing Sleeve (Plant-Aurangabad)	26-Feb	5230	5858	13	3000	15	Yes
8806526292	Brass Bushing Sleeve (Plant-Nagpur)	26-Feb	4182	3254	13	3000	15	No
8806526292	Brass Bushing Sleeve (Plant-Mumbai)	26-Feb	8818	10415	13	3000	15	Yes
8806526292	Brass Bushing Sleeve (Plant-Gujarat)	26-Feb	2804	2950	13	3000	15	No
8806526292	Brass Bushing Sleeve (Plant-Chennai)	26-Feb	2548	2139	13	3000	15	No
8806526292	Brass Bushing Sleeve (Plant-Bengaluru)	26-Feb	4782	3864	15	3000	15	No
8806526292	Brass Bushing Sleeve (Plant-Pune)	26-Mar	10027	11591	15	3000	15	Yes
8806526292	Brass Bushing Sleeve (Plant-Chakan)	26-Mar	4073	2386	16	3000	15	No
8806526292	Brass Bushing Sleeve (Plant-Talegaon)	26-Mar	6627	7177	13	3000	15	No
8806526292	Brass Bushing Sleeve (Plant-Nashik)	26-Mar	6016	6359	15	3000	15	No
8806526292	Brass Bushing Sleeve (Plant-Aurangabad)	26-Mar	3565	4403	12	3000	15	Yes
8806526292	Brass Bushing Sleeve (Plant-Nagpur)	26-Mar	9194	5451	12	3000	15	No
8806526292	Brass Bushing Sleeve (Plant-Mumbai)	26-Mar	3324	2888	17	3000	15	No
8806526292	Brass Bushing Sleeve (Plant-Gujarat)	26-Mar	5985	6859	12	3000	15	Yes
8806526292	Brass Bushing Sleeve (Plant-Chennai)	26-Mar	6898	3467	16	3000	15	No
8806526292	Brass Bushing Sleeve (Plant-Bengaluru)	26-Mar	6448	7406	15	3000	15	Yes
8806526292	Brass Bushing Sleeve (Plant-Pune)	26-Apr	9651	9333	17	3000	15	No
8806526292	Brass Bushing Sleeve (Plant-Chakan)	26-Apr	8320	8482	13	3000	15	No
8806526292	Brass Bushing Sleeve (Plant-Talegaon)	26-Apr	7333	8872	14	3000	15	Yes
8806526292	Brass Bushing Sleeve (Plant-Nashik)	26-Apr	3908	2245	12	3000	15	No
8806526292	Brass Bushing Sleeve (Plant-Aurangabad)	26-Apr	3641	3972	13	3000	15	No
8806526292	Brass Bushing Sleeve (Plant-Nagpur)	26-Apr	9940	11455	17	3000	15	Yes
8806526292	Brass Bushing Sleeve (Plant-Mumbai)	26-Apr	8331	4579	16	3000	15	No
8806526292	Brass Bushing Sleeve (Plant-Gujarat)	26-Apr	8989	10845	13	3000	15	Yes
8806526292	Brass Bushing Sleeve (Plant-Chennai)	26-Apr	7988	5473	16	3000	15	No
8806526292	Brass Bushing Sleeve (Plant-Bengaluru)	26-Apr	10230	6112	14	3000	15	No
8806526292	Brass Bushing Sleeve (Plant-Pune)	26-May	5615	5635	13	3000	15	No
8806526292	Brass Bushing Sleeve (Plant-Chakan)	26-May	6118	5301	14	3000	15	No
8806526292	Brass Bushing Sleeve (Plant-Talegaon)	26-May	3329	3165	16	3000	15	No
8806526292	Brass Bushing Sleeve (Plant-Nashik)	26-May	8593	4931	16	3000	15	No
8806526292	Brass Bushing Sleeve (Plant-Aurangabad)	26-May	2962	3574	15	3000	15	Yes
8806526292	Brass Bushing Sleeve (Plant-Nagpur)	26-May	6961	5690	13	3000	15	No
8806526292	Brass Bushing Sleeve (Plant-Mumbai)	26-May	3387	2525	16	3000	15	No
8806526292	Brass Bushing Sleeve (Plant-Gujarat)	26-May	2524	2292	17	3000	15	No
8806526292	Brass Bushing Sleeve (Plant-Chennai)	26-May	3341	1856	17	3000	15	No
8806526292	Brass Bushing Sleeve (Plant-Bengaluru)	26-May	3900	2752	17	3000	15	No
8806526292	Brass Bushing Sleeve (Plant-Pune)	26-Jun	4697	4047	15	3000	15	No
8806526292	Brass Bushing Sleeve (Plant-Chakan)	26-Jun	3417	3126	17	3000	15	No
8806526292	Brass Bushing Sleeve (Plant-Talegaon)	26-Jun	4865	5804	14	3000	15	Yes
8806526292	Brass Bushing Sleeve (Plant-Nashik)	26-Jun	2907	2367	13	3000	15	No
8806526292	Brass Bushing Sleeve (Plant-Aurangabad)	26-Jun	9835	11725	14	3000	15	Yes
8806526292	Brass Bushing Sleeve (Plant-Nagpur)	26-Jun	7881	6751	12	3000	15	No
8806526292	Brass Bushing Sleeve (Plant-Mumbai)	26-Jun	9648	5498	13	3000	15	No
8806526292	Brass Bushing Sleeve (Plant-Gujarat)	26-Jun	3039	2201	17	3000	15	No
8806526292	Brass Bushing Sleeve (Plant-Chennai)	26-Jun	5474	4528	15	3000	15	No
8806526292	Brass Bushing Sleeve (Plant-Bengaluru)	26-Jun	4151	2930	12	3000	15	No
8806526273	Steel Plate 10mm HR (Plant-Pune)	25-Jan	3851	2977	17	1200	45	No
8806526273	Steel Plate 10mm HR (Plant-Chakan)	25-Jan	2411	2676	13	1200	45	Yes
8806526273	Steel Plate 10mm HR (Plant-Talegaon)	25-Jan	1709	2026	13	1200	45	Yes
8806526273	Steel Plate 10mm HR (Plant-Nashik)	25-Jan	4026	3684	12	1200	45	No
8806526273	Steel Plate 10mm HR (Plant-Aurangabad)	25-Jan	3148	2425	15	1200	45	No
8806526273	Steel Plate 10mm HR (Plant-Nagpur)	25-Jan	1084	867	16	1200	45	No
8806526273	Steel Plate 10mm HR (Plant-Mumbai)	25-Jan	2973	1645	16	1200	45	No
8806526273	Steel Plate 10mm HR (Plant-Gujarat)	25-Jan	1734	1801	12	1200	45	No
8806526273	Steel Plate 10mm HR (Plant-Chennai)	25-Jan	3914	4820	16	1200	45	Yes
8806526273	Steel Plate 10mm HR (Plant-Bengaluru)	25-Jan	3273	2210	17	1200	45	No
8806526273	Steel Plate 10mm HR (Plant-Pune)	25-Feb	3556	2120	17	1200	45	No
8806526273	Steel Plate 10mm HR (Plant-Chakan)	25-Feb	2000	1871	12	1200	45	No
8806526273	Steel Plate 10mm HR (Plant-Talegaon)	25-Feb	3320	3319	15	1200	45	No
8806526273	Steel Plate 10mm HR (Plant-Nashik)	25-Feb	2047	1745	14	1200	45	No
8806526273	Steel Plate 10mm HR (Plant-Aurangabad)	25-Feb	1405	1129	13	1200	45	No
8806526273	Steel Plate 10mm HR (Plant-Nagpur)	25-Feb	2773	2135	12	1200	45	No
8806526273	Steel Plate 10mm HR (Plant-Mumbai)	25-Feb	1574	986	16	1200	45	No
8806526273	Steel Plate 10mm HR (Plant-Gujarat)	25-Feb	1793	1940	14	1200	45	No
8806526273	Steel Plate 10mm HR (Plant-Chennai)	25-Feb	3860	3576	15	1200	45	No
8806526273	Steel Plate 10mm HR (Plant-Bengaluru)	25-Feb	2367	1185	12	1200	45	No
8806526273	Steel Plate 10mm HR (Plant-Pune)	25-Mar	1772	1323	16	1200	45	No
8806526273	Steel Plate 10mm HR (Plant-Chakan)	25-Mar	2603	3241	16	1200	45	Yes
8806526273	Steel Plate 10mm HR (Plant-Talegaon)	25-Mar	2435	2079	15	1200	45	No
8806526273	Steel Plate 10mm HR (Plant-Nashik)	25-Mar	3572	3687	12	1200	45	No
8806526273	Steel Plate 10mm HR (Plant-Aurangabad)	25-Mar	1895	2264	15	1200	45	Yes
8806526273	Steel Plate 10mm HR (Plant-Nagpur)	25-Mar	2100	1215	12	1200	45	No
8806526273	Steel Plate 10mm HR (Plant-Mumbai)	25-Mar	3285	4046	12	1200	45	Yes
8806526273	Steel Plate 10mm HR (Plant-Gujarat)	25-Mar	2513	2296	15	1200	45	No
8806526273	Steel Plate 10mm HR (Plant-Chennai)	25-Mar	2126	1353	13	1200	45	No
8806526273	Steel Plate 10mm HR (Plant-Bengaluru)	25-Mar	3521	3880	15	1200	45	Yes
8806526273	Steel Plate 10mm HR (Plant-Pune)	25-Apr	1975	1345	14	1200	45	No
8806526273	Steel Plate 10mm HR (Plant-Chakan)	25-Apr	3509	3504	15	1200	45	No
8806526273	Steel Plate 10mm HR (Plant-Talegaon)	25-Apr	1325	1130	13	1200	45	No
8806526273	Steel Plate 10mm HR (Plant-Nashik)	25-Apr	1599	1009	17	1200	45	No
8806526273	Steel Plate 10mm HR (Plant-Aurangabad)	25-Apr	1586	1560	16	1200	45	No
8806526273	Steel Plate 10mm HR (Plant-Nagpur)	25-Apr	2559	1671	16	1200	45	No
8806526273	Steel Plate 10mm HR (Plant-Mumbai)	25-Apr	2163	1960	17	1200	45	No
8806526273	Steel Plate 10mm HR (Plant-Gujarat)	25-Apr	1001	1006	17	1200	45	No
8806526273	Steel Plate 10mm HR (Plant-Chennai)	25-Apr	1480	1555	14	1200	45	No
8806526273	Steel Plate 10mm HR (Plant-Bengaluru)	25-Apr	1757	1811	17	1200	45	No
8806526273	Steel Plate 10mm HR (Plant-Pune)	25-May	4155	3992	12	1200	45	No
8806526273	Steel Plate 10mm HR (Plant-Chakan)	25-May	1453	1451	13	1200	45	No
8806526273	Steel Plate 10mm HR (Plant-Talegaon)	25-May	1928	1536	16	1200	45	No
8806526273	Steel Plate 10mm HR (Plant-Nashik)	25-May	4164	4437	12	1200	45	Yes
8806526273	Steel Plate 10mm HR (Plant-Aurangabad)	25-May	4031	3528	13	1200	45	No
8806526273	Steel Plate 10mm HR (Plant-Nagpur)	25-May	1692	953	17	1200	45	No
8806526273	Steel Plate 10mm HR (Plant-Mumbai)	25-May	2085	1993	12	1200	45	No
8806526273	Steel Plate 10mm HR (Plant-Gujarat)	25-May	3003	2832	15	1200	45	No
8806526273	Steel Plate 10mm HR (Plant-Chennai)	25-May	4034	3415	12	1200	45	No
8806526273	Steel Plate 10mm HR (Plant-Bengaluru)	25-May	2021	1456	14	1200	45	No
8806526273	Steel Plate 10mm HR (Plant-Pune)	25-Jun	4050	3685	15	1200	45	No
8806526273	Steel Plate 10mm HR (Plant-Chakan)	25-Jun	3682	1976	16	1200	45	No
8806526273	Steel Plate 10mm HR (Plant-Talegaon)	25-Jun	1658	1960	13	1200	45	Yes
8806526273	Steel Plate 10mm HR (Plant-Nashik)	25-Jun	4003	3692	15	1200	45	No
8806526273	Steel Plate 10mm HR (Plant-Aurangabad)	25-Jun	1398	1586	15	1200	45	No
8806526273	Steel Plate 10mm HR (Plant-Nagpur)	25-Jun	1438	1000	17	1200	45	No
8806526273	Steel Plate 10mm HR (Plant-Mumbai)	25-Jun	3325	2978	16	1200	45	No
8806526273	Steel Plate 10mm HR (Plant-Gujarat)	25-Jun	1926	1779	12	1200	45	No
8806526273	Steel Plate 10mm HR (Plant-Chennai)	25-Jun	2425	2972	12	1200	45	Yes
8806526273	Steel Plate 10mm HR (Plant-Bengaluru)	25-Jun	3006	1844	14	1200	45	No
8806526273	Steel Plate 10mm HR (Plant-Pune)	25-Jul	2996	1532	17	1200	45	No
8806526273	Steel Plate 10mm HR (Plant-Chakan)	25-Jul	2169	2702	14	1200	45	Yes
8806526273	Steel Plate 10mm HR (Plant-Talegaon)	25-Jul	3007	1897	16	1200	45	No
8806526273	Steel Plate 10mm HR (Plant-Nashik)	25-Jul	2980	3165	17	1200	45	No
8806526273	Steel Plate 10mm HR (Plant-Aurangabad)	25-Jul	1199	977	13	1200	45	No
8806526273	Steel Plate 10mm HR (Plant-Nagpur)	25-Jul	2381	1442	16	1200	45	No
8806526273	Steel Plate 10mm HR (Plant-Mumbai)	25-Jul	2053	1799	12	1200	45	No
8806526273	Steel Plate 10mm HR (Plant-Gujarat)	25-Jul	1856	1923	13	1200	45	No
8806526273	Steel Plate 10mm HR (Plant-Chennai)	25-Jul	3832	4046	14	1200	45	No
8806526273	Steel Plate 10mm HR (Plant-Bengaluru)	25-Jul	1211	1139	16	1200	45	No
8806526273	Steel Plate 10mm HR (Plant-Pune)	25-Aug	1672	1716	14	1200	45	No
8806526273	Steel Plate 10mm HR (Plant-Chakan)	25-Aug	2926	2992	13	1200	45	No
8806526273	Steel Plate 10mm HR (Plant-Talegaon)	25-Aug	1600	1027	17	1200	45	No
8806526273	Steel Plate 10mm HR (Plant-Nashik)	25-Aug	1142	872	13	1200	45	No
8806526273	Steel Plate 10mm HR (Plant-Aurangabad)	25-Aug	1908	1291	14	1200	45	No
8806526273	Steel Plate 10mm HR (Plant-Nagpur)	25-Aug	3533	3982	12	1200	45	Yes
8806526273	Steel Plate 10mm HR (Plant-Mumbai)	25-Aug	2292	2536	12	1200	45	Yes
8806526273	Steel Plate 10mm HR (Plant-Gujarat)	25-Aug	2578	2169	12	1200	45	No
8806526273	Steel Plate 10mm HR (Plant-Chennai)	25-Aug	1233	1038	12	1200	45	No
8806526273	Steel Plate 10mm HR (Plant-Bengaluru)	25-Aug	2228	2592	16	1200	45	Yes
8806526273	Steel Plate 10mm HR (Plant-Pune)	25-Sep	4126	5072	14	1200	45	Yes
8806526273	Steel Plate 10mm HR (Plant-Chakan)	25-Sep	3707	2316	14	1200	45	No
8806526273	Steel Plate 10mm HR (Plant-Talegaon)	25-Sep	2319	1798	14	1200	45	No
8806526273	Steel Plate 10mm HR (Plant-Nashik)	25-Sep	4002	2110	12	1200	45	No
8806526273	Steel Plate 10mm HR (Plant-Aurangabad)	25-Sep	1224	1336	13	1200	45	No
8806526273	Steel Plate 10mm HR (Plant-Nagpur)	25-Sep	2102	1592	16	1200	45	No
8806526273	Steel Plate 10mm HR (Plant-Mumbai)	25-Sep	4056	4846	15	1200	45	Yes
8806526273	Steel Plate 10mm HR (Plant-Gujarat)	25-Sep	3468	4133	17	1200	45	Yes
8806526273	Steel Plate 10mm HR (Plant-Chennai)	25-Sep	4125	4823	15	1200	45	Yes
8806526273	Steel Plate 10mm HR (Plant-Bengaluru)	25-Sep	3593	3716	16	1200	45	No
8806526273	Steel Plate 10mm HR (Plant-Pune)	25-Oct	3218	3164	13	1200	45	No
8806526273	Steel Plate 10mm HR (Plant-Chakan)	25-Oct	3726	4151	13	1200	45	Yes
8806526273	Steel Plate 10mm HR (Plant-Talegaon)	25-Oct	2028	1272	17	1200	45	No
8806526273	Steel Plate 10mm HR (Plant-Nashik)	25-Oct	3217	3068	14	1200	45	No
8806526273	Steel Plate 10mm HR (Plant-Aurangabad)	25-Oct	2565	1290	14	1200	45	No
8806526273	Steel Plate 10mm HR (Plant-Nagpur)	25-Oct	2322	1740	16	1200	45	No
8806526273	Steel Plate 10mm HR (Plant-Mumbai)	25-Oct	1678	1726	16	1200	45	No
8806526273	Steel Plate 10mm HR (Plant-Gujarat)	25-Oct	3774	2529	15	1200	45	No
8806526273	Steel Plate 10mm HR (Plant-Chennai)	25-Oct	2590	1623	14	1200	45	No
8806526273	Steel Plate 10mm HR (Plant-Bengaluru)	25-Oct	1724	968	15	1200	45	No
8806526273	Steel Plate 10mm HR (Plant-Pune)	25-Nov	2689	2764	12	1200	45	No
8806526273	Steel Plate 10mm HR (Plant-Chakan)	25-Nov	2056	1721	13	1200	45	No
8806526273	Steel Plate 10mm HR (Plant-Talegaon)	25-Nov	3930	2274	14	1200	45	No
8806526273	Steel Plate 10mm HR (Plant-Nashik)	25-Nov	2953	3443	16	1200	45	Yes
8806526273	Steel Plate 10mm HR (Plant-Aurangabad)	25-Nov	2678	2787	13	1200	45	No
8806526273	Steel Plate 10mm HR (Plant-Nagpur)	25-Nov	1793	1422	13	1200	45	No
8806526273	Steel Plate 10mm HR (Plant-Mumbai)	25-Nov	2825	3294	15	1200	45	Yes
8806526273	Steel Plate 10mm HR (Plant-Gujarat)	25-Nov	1448	1134	12	1200	45	No
8806526273	Steel Plate 10mm HR (Plant-Chennai)	25-Nov	2962	3503	13	1200	45	Yes
8806526273	Steel Plate 10mm HR (Plant-Bengaluru)	25-Nov	3728	3170	12	1200	45	No
8806526273	Steel Plate 10mm HR (Plant-Pune)	25-Dec	2655	2502	14	1200	45	No
8806526273	Steel Plate 10mm HR (Plant-Chakan)	25-Dec	1962	2419	12	1200	45	Yes
8806526273	Steel Plate 10mm HR (Plant-Talegaon)	25-Dec	2767	1390	13	1200	45	No
8806526273	Steel Plate 10mm HR (Plant-Nashik)	25-Dec	1490	1854	13	1200	45	Yes
8806526273	Steel Plate 10mm HR (Plant-Aurangabad)	25-Dec	3452	3144	15	1200	45	No
8806526273	Steel Plate 10mm HR (Plant-Nagpur)	25-Dec	1797	1758	17	1200	45	No
8806526273	Steel Plate 10mm HR (Plant-Mumbai)	25-Dec	3604	3521	16	1200	45	No
8806526273	Steel Plate 10mm HR (Plant-Gujarat)	25-Dec	3719	3220	15	1200	45	No
8806526273	Steel Plate 10mm HR (Plant-Chennai)	25-Dec	1882	2129	12	1200	45	Yes
8806526273	Steel Plate 10mm HR (Plant-Bengaluru)	25-Dec	2750	2082	17	1200	45	No
8806526273	Steel Plate 10mm HR (Plant-Pune)	26-Jan	2842	2423	17	1200	45	No
8806526273	Steel Plate 10mm HR (Plant-Chakan)	26-Jan	4176	4443	13	1200	45	Yes
8806526273	Steel Plate 10mm HR (Plant-Talegaon)	26-Jan	1547	1159	16	1200	45	No
8806526273	Steel Plate 10mm HR (Plant-Nashik)	26-Jan	3606	3236	17	1200	45	No
8806526273	Steel Plate 10mm HR (Plant-Aurangabad)	26-Jan	3992	4426	17	1200	45	Yes
8806526273	Steel Plate 10mm HR (Plant-Nagpur)	26-Jan	1393	1010	17	1200	45	No
8806526273	Steel Plate 10mm HR (Plant-Mumbai)	26-Jan	1935	1701	17	1200	45	No
8806526273	Steel Plate 10mm HR (Plant-Gujarat)	26-Jan	3048	3246	17	1200	45	No
8806526273	Steel Plate 10mm HR (Plant-Chennai)	26-Jan	2315	2135	14	1200	45	No
8806526273	Steel Plate 10mm HR (Plant-Bengaluru)	26-Jan	3975	4540	16	1200	45	Yes
8806526273	Steel Plate 10mm HR (Plant-Pune)	26-Feb	4127	4568	16	1200	45	Yes
8806526273	Steel Plate 10mm HR (Plant-Chakan)	26-Feb	2172	1827	12	1200	45	No
8806526273	Steel Plate 10mm HR (Plant-Talegaon)	26-Feb	3415	2413	12	1200	45	No
8806526273	Steel Plate 10mm HR (Plant-Nashik)	26-Feb	2467	2449	15	1200	45	No
8806526273	Steel Plate 10mm HR (Plant-Aurangabad)	26-Feb	2253	1206	15	1200	45	No
8806526273	Steel Plate 10mm HR (Plant-Nagpur)	26-Feb	2566	1405	15	1200	45	No
8806526273	Steel Plate 10mm HR (Plant-Mumbai)	26-Feb	1648	840	14	1200	45	No
8806526273	Steel Plate 10mm HR (Plant-Gujarat)	26-Feb	4176	5169	14	1200	45	Yes
8806526273	Steel Plate 10mm HR (Plant-Chennai)	26-Feb	1006	957	12	1200	45	No
8806526273	Steel Plate 10mm HR (Plant-Bengaluru)	26-Feb	3582	4084	15	1200	45	Yes
8806526273	Steel Plate 10mm HR (Plant-Pune)	26-Mar	3067	2409	15	1200	45	No
8806526273	Steel Plate 10mm HR (Plant-Chakan)	26-Mar	2240	2651	17	1200	45	Yes
8806526273	Steel Plate 10mm HR (Plant-Talegaon)	26-Mar	2768	2171	15	1200	45	No
8806526273	Steel Plate 10mm HR (Plant-Nashik)	26-Mar	4167	2607	12	1200	45	No
8806526273	Steel Plate 10mm HR (Plant-Aurangabad)	26-Mar	3050	3043	17	1200	45	No
8806526273	Steel Plate 10mm HR (Plant-Nagpur)	26-Mar	3639	3226	14	1200	45	No
8806526273	Steel Plate 10mm HR (Plant-Mumbai)	26-Mar	2059	2159	16	1200	45	No
8806526273	Steel Plate 10mm HR (Plant-Gujarat)	26-Mar	2338	1780	13	1200	45	No
8806526273	Steel Plate 10mm HR (Plant-Chennai)	26-Mar	2923	2812	13	1200	45	No
8806526273	Steel Plate 10mm HR (Plant-Bengaluru)	26-Mar	2768	2553	16	1200	45	No
8806526273	Steel Plate 10mm HR (Plant-Pune)	26-Apr	2867	2139	14	1200	45	No
8806526273	Steel Plate 10mm HR (Plant-Chakan)	26-Apr	3564	3146	12	1200	45	No
8806526273	Steel Plate 10mm HR (Plant-Talegaon)	26-Apr	1150	1264	13	1200	45	No
8806526273	Steel Plate 10mm HR (Plant-Nashik)	26-Apr	2009	1488	16	1200	45	No
8806526273	Steel Plate 10mm HR (Plant-Aurangabad)	26-Apr	3916	2629	17	1200	45	No
8806526273	Steel Plate 10mm HR (Plant-Nagpur)	26-Apr	2559	1620	15	1200	45	No
8806526273	Steel Plate 10mm HR (Plant-Mumbai)	26-Apr	974	1180	15	1200	45	No
8806526273	Steel Plate 10mm HR (Plant-Gujarat)	26-Apr	1687	1981	13	1200	45	Yes
8806526273	Steel Plate 10mm HR (Plant-Chennai)	26-Apr	4106	4894	14	1200	45	Yes
8806526273	Steel Plate 10mm HR (Plant-Bengaluru)	26-Apr	1251	795	12	1200	45	No
8806526273	Steel Plate 10mm HR (Plant-Pune)	26-May	2168	2342	13	1200	45	No
8806526273	Steel Plate 10mm HR (Plant-Chakan)	26-May	2086	1119	16	1200	45	No
8806526273	Steel Plate 10mm HR (Plant-Talegaon)	26-May	4194	3831	14	1200	45	No
8806526273	Steel Plate 10mm HR (Plant-Nashik)	26-May	1788	2225	13	1200	45	Yes
8806526273	Steel Plate 10mm HR (Plant-Aurangabad)	26-May	2414	2319	13	1200	45	No
8806526273	Steel Plate 10mm HR (Plant-Nagpur)	26-May	1090	1092	17	1200	45	No
8806526273	Steel Plate 10mm HR (Plant-Mumbai)	26-May	2833	3381	15	1200	45	Yes
8806526273	Steel Plate 10mm HR (Plant-Gujarat)	26-May	3122	3724	17	1200	45	Yes
8806526273	Steel Plate 10mm HR (Plant-Chennai)	26-May	3749	2304	17	1200	45	No
8806526273	Steel Plate 10mm HR (Plant-Bengaluru)	26-May	1285	1564	16	1200	45	Yes
8806526273	Steel Plate 10mm HR (Plant-Pune)	26-Jun	1548	1891	16	1200	45	Yes
8806526273	Steel Plate 10mm HR (Plant-Chakan)	26-Jun	1636	1605	14	1200	45	No
8806526273	Steel Plate 10mm HR (Plant-Talegaon)	26-Jun	2169	2144	12	1200	45	No
8806526273	Steel Plate 10mm HR (Plant-Nashik)	26-Jun	3422	4199	17	1200	45	Yes
8806526273	Steel Plate 10mm HR (Plant-Aurangabad)	26-Jun	3757	3651	14	1200	45	No
8806526273	Steel Plate 10mm HR (Plant-Nagpur)	26-Jun	2317	2385	17	1200	45	No
8806526273	Steel Plate 10mm HR (Plant-Mumbai)	26-Jun	1358	967	17	1200	45	No
8806526273	Steel Plate 10mm HR (Plant-Gujarat)	26-Jun	1114	1314	13	1200	45	No
8806526273	Steel Plate 10mm HR (Plant-Chennai)	26-Jun	3224	1823	14	1200	45	No
8806526273	Steel Plate 10mm HR (Plant-Bengaluru)	26-Jun	1949	1283	17	1200	45	No
8806526274	Stainless Steel Sheet 304 (Plant-Pune)	25-Jan	977	999	23	800	85	No
8806526274	Stainless Steel Sheet 304 (Plant-Chakan)	25-Jan	1966	2391	21	800	85	Yes
8806526274	Stainless Steel Sheet 304 (Plant-Talegaon)	25-Jan	2080	1335	20	800	85	No
8806526274	Stainless Steel Sheet 304 (Plant-Nashik)	25-Jan	1291	1403	20	800	85	No
8806526274	Stainless Steel Sheet 304 (Plant-Aurangabad)	25-Jan	1555	797	19	800	85	No
8806526274	Stainless Steel Sheet 304 (Plant-Nagpur)	25-Jan	922	803	24	800	85	No
8806526274	Stainless Steel Sheet 304 (Plant-Mumbai)	25-Jan	2454	1269	21	800	85	No
8806526274	Stainless Steel Sheet 304 (Plant-Gujarat)	25-Jan	2529	1404	23	800	85	No
8806526274	Stainless Steel Sheet 304 (Plant-Chennai)	25-Jan	1926	1582	22	800	85	No
8806526274	Stainless Steel Sheet 304 (Plant-Bengaluru)	25-Jan	1958	1819	19	800	85	No
8806526274	Stainless Steel Sheet 304 (Plant-Pune)	25-Feb	2616	1982	23	800	85	No
8806526274	Stainless Steel Sheet 304 (Plant-Chakan)	25-Feb	1379	1034	24	800	85	No
8806526274	Stainless Steel Sheet 304 (Plant-Talegaon)	25-Feb	1075	1114	20	800	85	No
8806526274	Stainless Steel Sheet 304 (Plant-Nashik)	25-Feb	703	768	21	800	85	No
8806526274	Stainless Steel Sheet 304 (Plant-Aurangabad)	25-Feb	712	487	24	800	85	No
8806526274	Stainless Steel Sheet 304 (Plant-Nagpur)	25-Feb	1312	1596	20	800	85	Yes
8806526274	Stainless Steel Sheet 304 (Plant-Mumbai)	25-Feb	2198	1367	24	800	85	No
8806526274	Stainless Steel Sheet 304 (Plant-Gujarat)	25-Feb	1280	1224	21	800	85	No
8806526274	Stainless Steel Sheet 304 (Plant-Chennai)	25-Feb	1505	1793	21	800	85	Yes
8806526274	Stainless Steel Sheet 304 (Plant-Bengaluru)	25-Feb	2382	2745	19	800	85	Yes
8806526274	Stainless Steel Sheet 304 (Plant-Pune)	25-Mar	2591	1844	22	800	85	No
8806526274	Stainless Steel Sheet 304 (Plant-Chakan)	25-Mar	1545	1135	22	800	85	No
8806526274	Stainless Steel Sheet 304 (Plant-Talegaon)	25-Mar	2792	3483	19	800	85	Yes
8806526274	Stainless Steel Sheet 304 (Plant-Nashik)	25-Mar	2578	3023	21	800	85	Yes
8806526274	Stainless Steel Sheet 304 (Plant-Aurangabad)	25-Mar	1500	1649	19	800	85	No
8806526274	Stainless Steel Sheet 304 (Plant-Nagpur)	25-Mar	951	1136	24	800	85	Yes
8806526274	Stainless Steel Sheet 304 (Plant-Mumbai)	25-Mar	2342	2658	20	800	85	Yes
8806526274	Stainless Steel Sheet 304 (Plant-Gujarat)	25-Mar	2292	1454	24	800	85	No
8806526274	Stainless Steel Sheet 304 (Plant-Chennai)	25-Mar	966	637	19	800	85	No
8806526274	Stainless Steel Sheet 304 (Plant-Bengaluru)	25-Mar	1776	1395	24	800	85	No
8806526274	Stainless Steel Sheet 304 (Plant-Pune)	25-Apr	665	708	21	800	85	No
8806526274	Stainless Steel Sheet 304 (Plant-Chakan)	25-Apr	2161	1402	22	800	85	No
8806526274	Stainless Steel Sheet 304 (Plant-Talegaon)	25-Apr	837	1038	19	800	85	Yes
8806526274	Stainless Steel Sheet 304 (Plant-Nashik)	25-Apr	996	820	23	800	85	No
8806526274	Stainless Steel Sheet 304 (Plant-Aurangabad)	25-Apr	1348	1621	24	800	85	Yes
8806526274	Stainless Steel Sheet 304 (Plant-Nagpur)	25-Apr	930	1025	21	800	85	No
8806526274	Stainless Steel Sheet 304 (Plant-Mumbai)	25-Apr	1262	1265	21	800	85	No
8806526274	Stainless Steel Sheet 304 (Plant-Gujarat)	25-Apr	2565	3127	20	800	85	Yes
8806526274	Stainless Steel Sheet 304 (Plant-Chennai)	25-Apr	1464	1305	24	800	85	No
8806526274	Stainless Steel Sheet 304 (Plant-Bengaluru)	25-Apr	2756	2232	19	800	85	No
8806526274	Stainless Steel Sheet 304 (Plant-Pune)	25-May	2535	2366	22	800	85	No
8806526274	Stainless Steel Sheet 304 (Plant-Chakan)	25-May	1843	1722	22	800	85	No
8806526274	Stainless Steel Sheet 304 (Plant-Talegaon)	25-May	1550	1716	24	800	85	Yes
8806526274	Stainless Steel Sheet 304 (Plant-Nashik)	25-May	2591	2115	19	800	85	No
8806526274	Stainless Steel Sheet 304 (Plant-Aurangabad)	25-May	2340	1608	24	800	85	No
8806526274	Stainless Steel Sheet 304 (Plant-Nagpur)	25-May	1390	1511	21	800	85	No
8806526274	Stainless Steel Sheet 304 (Plant-Mumbai)	25-May	1464	1753	22	800	85	Yes
8806526274	Stainless Steel Sheet 304 (Plant-Gujarat)	25-May	2509	1844	20	800	85	No
8806526274	Stainless Steel Sheet 304 (Plant-Chennai)	25-May	1380	1407	21	800	85	No
8806526274	Stainless Steel Sheet 304 (Plant-Bengaluru)	25-May	1295	1206	23	800	85	No
8806526274	Stainless Steel Sheet 304 (Plant-Pune)	25-Jun	2285	1625	22	800	85	No
8806526274	Stainless Steel Sheet 304 (Plant-Chakan)	25-Jun	2654	1631	21	800	85	No
8806526274	Stainless Steel Sheet 304 (Plant-Talegaon)	25-Jun	968	867	19	800	85	No
8806526274	Stainless Steel Sheet 304 (Plant-Nashik)	25-Jun	1724	1066	20	800	85	No
8806526274	Stainless Steel Sheet 304 (Plant-Aurangabad)	25-Jun	1095	1171	23	800	85	No
8806526274	Stainless Steel Sheet 304 (Plant-Nagpur)	25-Jun	1997	1434	19	800	85	No
8806526274	Stainless Steel Sheet 304 (Plant-Mumbai)	25-Jun	2377	1761	24	800	85	No
8806526274	Stainless Steel Sheet 304 (Plant-Gujarat)	25-Jun	1079	949	22	800	85	No
8806526274	Stainless Steel Sheet 304 (Plant-Chennai)	25-Jun	2005	1811	24	800	85	No
8806526274	Stainless Steel Sheet 304 (Plant-Bengaluru)	25-Jun	2496	1939	21	800	85	No
8806526274	Stainless Steel Sheet 304 (Plant-Pune)	25-Jul	1733	1408	21	800	85	No
8806526274	Stainless Steel Sheet 304 (Plant-Chakan)	25-Jul	1777	1411	20	800	85	No
8806526274	Stainless Steel Sheet 304 (Plant-Talegaon)	25-Jul	894	1003	20	800	85	No
8806526274	Stainless Steel Sheet 304 (Plant-Nashik)	25-Jul	1779	961	22	800	85	No
8806526274	Stainless Steel Sheet 304 (Plant-Aurangabad)	25-Jul	841	569	23	800	85	No
8806526274	Stainless Steel Sheet 304 (Plant-Nagpur)	25-Jul	1718	943	23	800	85	No
8806526274	Stainless Steel Sheet 304 (Plant-Mumbai)	25-Jul	2474	1593	21	800	85	No
8806526274	Stainless Steel Sheet 304 (Plant-Gujarat)	25-Jul	2248	1674	24	800	85	No
8806526274	Stainless Steel Sheet 304 (Plant-Chennai)	25-Jul	1115	993	21	800	85	No
8806526274	Stainless Steel Sheet 304 (Plant-Bengaluru)	25-Jul	1214	801	24	800	85	No
8806526274	Stainless Steel Sheet 304 (Plant-Pune)	25-Aug	2181	2713	20	800	85	Yes
8806526274	Stainless Steel Sheet 304 (Plant-Chakan)	25-Aug	1237	1113	24	800	85	No
8806526274	Stainless Steel Sheet 304 (Plant-Talegaon)	25-Aug	2694	2983	23	800	85	Yes
8806526274	Stainless Steel Sheet 304 (Plant-Nashik)	25-Aug	2172	1642	21	800	85	No
8806526274	Stainless Steel Sheet 304 (Plant-Aurangabad)	25-Aug	2267	2712	23	800	85	Yes
8806526274	Stainless Steel Sheet 304 (Plant-Nagpur)	25-Aug	1206	1138	22	800	85	No
8806526274	Stainless Steel Sheet 304 (Plant-Mumbai)	25-Aug	2558	2863	24	800	85	Yes
8806526274	Stainless Steel Sheet 304 (Plant-Gujarat)	25-Aug	1257	1114	19	800	85	No
8806526274	Stainless Steel Sheet 304 (Plant-Chennai)	25-Aug	2289	2490	21	800	85	Yes
8806526274	Stainless Steel Sheet 304 (Plant-Bengaluru)	25-Aug	1714	2075	22	800	85	Yes
8806526274	Stainless Steel Sheet 304 (Plant-Pune)	25-Sep	1452	1025	24	800	85	No
8806526274	Stainless Steel Sheet 304 (Plant-Chakan)	25-Sep	944	764	20	800	85	No
8806526274	Stainless Steel Sheet 304 (Plant-Talegaon)	25-Sep	1242	1374	21	800	85	No
8806526274	Stainless Steel Sheet 304 (Plant-Nashik)	25-Sep	2500	2681	21	800	85	Yes
8806526274	Stainless Steel Sheet 304 (Plant-Aurangabad)	25-Sep	1189	1348	22	800	85	No
8806526274	Stainless Steel Sheet 304 (Plant-Nagpur)	25-Sep	1364	1465	24	800	85	No
8806526274	Stainless Steel Sheet 304 (Plant-Mumbai)	25-Sep	1351	1167	20	800	85	No
8806526274	Stainless Steel Sheet 304 (Plant-Gujarat)	25-Sep	2065	2393	22	800	85	Yes
8806526274	Stainless Steel Sheet 304 (Plant-Chennai)	25-Sep	825	835	20	800	85	No
8806526274	Stainless Steel Sheet 304 (Plant-Bengaluru)	25-Sep	1064	658	23	800	85	No
8806526274	Stainless Steel Sheet 304 (Plant-Pune)	25-Oct	2554	2446	19	800	85	No
8806526274	Stainless Steel Sheet 304 (Plant-Chakan)	25-Oct	1277	1057	20	800	85	No
8806526274	Stainless Steel Sheet 304 (Plant-Talegaon)	25-Oct	2010	1516	21	800	85	No
8806526274	Stainless Steel Sheet 304 (Plant-Nashik)	25-Oct	1891	2238	22	800	85	Yes
8806526274	Stainless Steel Sheet 304 (Plant-Aurangabad)	25-Oct	1352	1654	23	800	85	Yes
8806526274	Stainless Steel Sheet 304 (Plant-Nagpur)	25-Oct	2037	2252	19	800	85	Yes
8806526274	Stainless Steel Sheet 304 (Plant-Mumbai)	25-Oct	1796	1517	20	800	85	No
8806526274	Stainless Steel Sheet 304 (Plant-Gujarat)	25-Oct	2194	1862	23	800	85	No
8806526274	Stainless Steel Sheet 304 (Plant-Chennai)	25-Oct	1506	1712	22	800	85	Yes
8806526274	Stainless Steel Sheet 304 (Plant-Bengaluru)	25-Oct	1059	1009	19	800	85	No
8806526274	Stainless Steel Sheet 304 (Plant-Pune)	25-Nov	1941	1727	23	800	85	No
8806526274	Stainless Steel Sheet 304 (Plant-Chakan)	25-Nov	865	702	24	800	85	No
8806526274	Stainless Steel Sheet 304 (Plant-Talegaon)	25-Nov	778	774	22	800	85	No
8806526274	Stainless Steel Sheet 304 (Plant-Nashik)	25-Nov	1226	749	24	800	85	No
8806526274	Stainless Steel Sheet 304 (Plant-Aurangabad)	25-Nov	906	572	23	800	85	No
8806526274	Stainless Steel Sheet 304 (Plant-Nagpur)	25-Nov	909	913	20	800	85	No
8806526274	Stainless Steel Sheet 304 (Plant-Mumbai)	25-Nov	2441	1710	24	800	85	No
8806526274	Stainless Steel Sheet 304 (Plant-Gujarat)	25-Nov	870	809	22	800	85	No
8806526274	Stainless Steel Sheet 304 (Plant-Chennai)	25-Nov	2219	1527	22	800	85	No
8806526274	Stainless Steel Sheet 304 (Plant-Bengaluru)	25-Nov	1294	1327	22	800	85	No
8806526274	Stainless Steel Sheet 304 (Plant-Pune)	25-Dec	684	836	19	800	85	No
8806526274	Stainless Steel Sheet 304 (Plant-Chakan)	25-Dec	2283	1539	21	800	85	No
8806526274	Stainless Steel Sheet 304 (Plant-Talegaon)	25-Dec	1680	1805	19	800	85	No
8806526274	Stainless Steel Sheet 304 (Plant-Nashik)	25-Dec	744	580	20	800	85	No
8806526274	Stainless Steel Sheet 304 (Plant-Aurangabad)	25-Dec	2231	1941	21	800	85	No
8806526274	Stainless Steel Sheet 304 (Plant-Nagpur)	25-Dec	2246	1751	20	800	85	No
8806526274	Stainless Steel Sheet 304 (Plant-Mumbai)	25-Dec	2340	2527	21	800	85	Yes
8806526274	Stainless Steel Sheet 304 (Plant-Gujarat)	25-Dec	1944	1493	19	800	85	No
8806526274	Stainless Steel Sheet 304 (Plant-Chennai)	25-Dec	1967	1197	22	800	85	No
8806526274	Stainless Steel Sheet 304 (Plant-Bengaluru)	25-Dec	2235	1342	23	800	85	No
8806526274	Stainless Steel Sheet 304 (Plant-Pune)	26-Jan	2741	2099	20	800	85	No
8806526274	Stainless Steel Sheet 304 (Plant-Chakan)	26-Jan	1799	921	21	800	85	No
8806526274	Stainless Steel Sheet 304 (Plant-Talegaon)	26-Jan	2621	1705	20	800	85	No
8806526274	Stainless Steel Sheet 304 (Plant-Nashik)	26-Jan	1116	1323	24	800	85	Yes
8806526274	Stainless Steel Sheet 304 (Plant-Aurangabad)	26-Jan	2109	2214	20	800	85	No
8806526274	Stainless Steel Sheet 304 (Plant-Nagpur)	26-Jan	1393	761	20	800	85	No
8806526274	Stainless Steel Sheet 304 (Plant-Mumbai)	26-Jan	747	815	20	800	85	No
8806526274	Stainless Steel Sheet 304 (Plant-Gujarat)	26-Jan	2641	1885	23	800	85	No
8806526274	Stainless Steel Sheet 304 (Plant-Chennai)	26-Jan	1749	1181	21	800	85	No
8806526274	Stainless Steel Sheet 304 (Plant-Bengaluru)	26-Jan	2271	2797	23	800	85	Yes
8806526274	Stainless Steel Sheet 304 (Plant-Pune)	26-Feb	733	548	21	800	85	No
8806526274	Stainless Steel Sheet 304 (Plant-Chakan)	26-Feb	1738	1255	20	800	85	No
8806526274	Stainless Steel Sheet 304 (Plant-Talegaon)	26-Feb	2539	2112	23	800	85	No
8806526274	Stainless Steel Sheet 304 (Plant-Nashik)	26-Feb	2312	2592	20	800	85	Yes
8806526274	Stainless Steel Sheet 304 (Plant-Aurangabad)	26-Feb	986	947	22	800	85	No
8806526274	Stainless Steel Sheet 304 (Plant-Nagpur)	26-Feb	849	729	23	800	85	No
8806526274	Stainless Steel Sheet 304 (Plant-Mumbai)	26-Feb	1316	926	21	800	85	No
8806526274	Stainless Steel Sheet 304 (Plant-Gujarat)	26-Feb	892	915	19	800	85	No
8806526274	Stainless Steel Sheet 304 (Plant-Chennai)	26-Feb	2070	1761	19	800	85	No
8806526274	Stainless Steel Sheet 304 (Plant-Bengaluru)	26-Feb	1120	876	24	800	85	No
8806526274	Stainless Steel Sheet 304 (Plant-Pune)	26-Mar	2424	2621	20	800	85	Yes
8806526274	Stainless Steel Sheet 304 (Plant-Chakan)	26-Mar	1389	1186	20	800	85	No
8806526274	Stainless Steel Sheet 304 (Plant-Talegaon)	26-Mar	1080	821	20	800	85	No
8806526274	Stainless Steel Sheet 304 (Plant-Nashik)	26-Mar	899	643	19	800	85	No
8806526274	Stainless Steel Sheet 304 (Plant-Aurangabad)	26-Mar	837	982	19	800	85	No
8806526274	Stainless Steel Sheet 304 (Plant-Nagpur)	26-Mar	1130	1131	19	800	85	No
8806526274	Stainless Steel Sheet 304 (Plant-Mumbai)	26-Mar	2218	2402	20	800	85	Yes
8806526274	Stainless Steel Sheet 304 (Plant-Gujarat)	26-Mar	1064	1038	19	800	85	No
8806526274	Stainless Steel Sheet 304 (Plant-Chennai)	26-Mar	661	763	21	800	85	No
8806526274	Stainless Steel Sheet 304 (Plant-Bengaluru)	26-Mar	1943	1271	24	800	85	No
8806526274	Stainless Steel Sheet 304 (Plant-Pune)	26-Apr	2390	2021	22	800	85	No
8806526274	Stainless Steel Sheet 304 (Plant-Chakan)	26-Apr	906	927	22	800	85	No
8806526274	Stainless Steel Sheet 304 (Plant-Talegaon)	26-Apr	1983	2189	24	800	85	Yes
8806526274	Stainless Steel Sheet 304 (Plant-Nashik)	26-Apr	2215	1116	24	800	85	No
8806526274	Stainless Steel Sheet 304 (Plant-Aurangabad)	26-Apr	935	1131	23	800	85	Yes
8806526274	Stainless Steel Sheet 304 (Plant-Nagpur)	26-Apr	2025	1928	21	800	85	No
8806526274	Stainless Steel Sheet 304 (Plant-Mumbai)	26-Apr	2546	2946	22	800	85	Yes
8806526274	Stainless Steel Sheet 304 (Plant-Gujarat)	26-Apr	1673	1112	22	800	85	No
8806526274	Stainless Steel Sheet 304 (Plant-Chennai)	26-Apr	2643	1341	24	800	85	No
8806526274	Stainless Steel Sheet 304 (Plant-Bengaluru)	26-Apr	905	631	24	800	85	No
8806526274	Stainless Steel Sheet 304 (Plant-Pune)	26-May	2390	2202	21	800	85	No
8806526274	Stainless Steel Sheet 304 (Plant-Chakan)	26-May	1871	2155	22	800	85	Yes
8806526274	Stainless Steel Sheet 304 (Plant-Talegaon)	26-May	1714	1040	22	800	85	No
8806526274	Stainless Steel Sheet 304 (Plant-Nashik)	26-May	708	368	24	800	85	No
8806526274	Stainless Steel Sheet 304 (Plant-Aurangabad)	26-May	1059	1173	24	800	85	No
8806526274	Stainless Steel Sheet 304 (Plant-Nagpur)	26-May	1844	1352	20	800	85	No
8806526274	Stainless Steel Sheet 304 (Plant-Mumbai)	26-May	2752	3221	19	800	85	Yes
8806526274	Stainless Steel Sheet 304 (Plant-Gujarat)	26-May	2568	2996	23	800	85	Yes
8806526274	Stainless Steel Sheet 304 (Plant-Chennai)	26-May	2348	2712	24	800	85	Yes
8806526274	Stainless Steel Sheet 304 (Plant-Bengaluru)	26-May	1996	1338	23	800	85	No
8806526274	Stainless Steel Sheet 304 (Plant-Pune)	26-Jun	2001	1907	20	800	85	No
8806526274	Stainless Steel Sheet 304 (Plant-Chakan)	26-Jun	2510	3032	22	800	85	Yes
8806526274	Stainless Steel Sheet 304 (Plant-Talegaon)	26-Jun	2671	3329	19	800	85	Yes
8806526274	Stainless Steel Sheet 304 (Plant-Nashik)	26-Jun	1683	1837	23	800	85	No
8806526274	Stainless Steel Sheet 304 (Plant-Aurangabad)	26-Jun	1450	1717	20	800	85	Yes
8806526274	Stainless Steel Sheet 304 (Plant-Nagpur)	26-Jun	2003	2474	21	800	85	Yes
8806526274	Stainless Steel Sheet 304 (Plant-Mumbai)	26-Jun	1537	1056	19	800	85	No
8806526274	Stainless Steel Sheet 304 (Plant-Gujarat)	26-Jun	2246	2310	24	800	85	No
8806526274	Stainless Steel Sheet 304 (Plant-Chennai)	26-Jun	1069	712	20	800	85	No
8806526274	Stainless Steel Sheet 304 (Plant-Bengaluru)	26-Jun	1472	1612	23	800	85	No
8806526275	M20 High Tensile Fasteners (Plant-Pune)	25-Jan	8607	9310	5	5000	5	No
8806526275	M20 High Tensile Fasteners (Plant-Chakan)	25-Jan	12816	6650	5	5000	5	No
8806526275	M20 High Tensile Fasteners (Plant-Talegaon)	25-Jan	5181	3736	5	5000	5	No
8806526275	M20 High Tensile Fasteners (Plant-Nashik)	25-Jan	9274	7247	8	5000	5	No
8806526275	M20 High Tensile Fasteners (Plant-Aurangabad)	25-Jan	8223	10217	5	5000	5	Yes
8806526275	M20 High Tensile Fasteners (Plant-Nagpur)	25-Jan	7909	4385	9	5000	5	No
8806526275	M20 High Tensile Fasteners (Plant-Mumbai)	25-Jan	8509	6615	8	5000	5	No
8806526275	M20 High Tensile Fasteners (Plant-Gujarat)	25-Jan	13479	9250	10	5000	5	No
8806526275	M20 High Tensile Fasteners (Plant-Chennai)	25-Jan	14895	15705	5	5000	5	No
8806526275	M20 High Tensile Fasteners (Plant-Bengaluru)	25-Jan	5962	7445	5	5000	5	Yes
8806526275	M20 High Tensile Fasteners (Plant-Pune)	25-Feb	8093	4674	7	5000	5	No
8806526275	M20 High Tensile Fasteners (Plant-Chakan)	25-Feb	8776	5423	5	5000	5	No
8806526275	M20 High Tensile Fasteners (Plant-Talegaon)	25-Feb	10513	13138	10	5000	5	Yes
8806526275	M20 High Tensile Fasteners (Plant-Nashik)	25-Feb	14492	15625	9	5000	5	Yes
8806526275	M20 High Tensile Fasteners (Plant-Aurangabad)	25-Feb	12504	14460	10	5000	5	Yes
8806526275	M20 High Tensile Fasteners (Plant-Nagpur)	25-Feb	16657	19524	7	5000	5	Yes
8806526275	M20 High Tensile Fasteners (Plant-Mumbai)	25-Feb	10967	5759	6	5000	5	No
8806526275	M20 High Tensile Fasteners (Plant-Gujarat)	25-Feb	14493	13105	6	5000	5	No
8806526275	M20 High Tensile Fasteners (Plant-Chennai)	25-Feb	10711	11179	6	5000	5	No
8806526275	M20 High Tensile Fasteners (Plant-Bengaluru)	25-Feb	9776	7116	7	5000	5	No
8806526275	M20 High Tensile Fasteners (Plant-Pune)	25-Mar	14513	9125	10	5000	5	No
8806526275	M20 High Tensile Fasteners (Plant-Chakan)	25-Mar	10938	13250	7	5000	5	Yes
8806526275	M20 High Tensile Fasteners (Plant-Talegaon)	25-Mar	14066	16123	9	5000	5	Yes
8806526275	M20 High Tensile Fasteners (Plant-Nashik)	25-Mar	13085	13660	7	5000	5	No
8806526275	M20 High Tensile Fasteners (Plant-Aurangabad)	25-Mar	15269	12410	7	5000	5	No
8806526275	M20 High Tensile Fasteners (Plant-Nagpur)	25-Mar	8034	6656	10	5000	5	No
8806526275	M20 High Tensile Fasteners (Plant-Mumbai)	25-Mar	10448	6968	8	5000	5	No
8806526275	M20 High Tensile Fasteners (Plant-Gujarat)	25-Mar	17065	15194	6	5000	5	No
8806526275	M20 High Tensile Fasteners (Plant-Chennai)	25-Mar	14051	8969	10	5000	5	No
8806526275	M20 High Tensile Fasteners (Plant-Bengaluru)	25-Mar	11333	6157	5	5000	5	No
8806526275	M20 High Tensile Fasteners (Plant-Pune)	25-Apr	8247	8565	7	5000	5	No
8806526275	M20 High Tensile Fasteners (Plant-Chakan)	25-Apr	9836	11594	5	5000	5	Yes
8806526275	M20 High Tensile Fasteners (Plant-Talegaon)	25-Apr	6167	7159	5	5000	5	No
8806526275	M20 High Tensile Fasteners (Plant-Nashik)	25-Apr	14199	15177	5	5000	5	No
8806526275	M20 High Tensile Fasteners (Plant-Aurangabad)	25-Apr	6414	4438	7	5000	5	No
8806526275	M20 High Tensile Fasteners (Plant-Nagpur)	25-Apr	6183	7051	6	5000	5	No
8806526275	M20 High Tensile Fasteners (Plant-Mumbai)	25-Apr	10898	11115	8	5000	5	No
8806526275	M20 High Tensile Fasteners (Plant-Gujarat)	25-Apr	5974	4704	9	5000	5	No
8806526275	M20 High Tensile Fasteners (Plant-Chennai)	25-Apr	5479	5957	6	5000	5	No
8806526275	M20 High Tensile Fasteners (Plant-Bengaluru)	25-Apr	9109	9026	5	5000	5	No
8806526275	M20 High Tensile Fasteners (Plant-Pune)	25-May	14623	12652	8	5000	5	No
8806526275	M20 High Tensile Fasteners (Plant-Chakan)	25-May	8577	4951	7	5000	5	No
8806526275	M20 High Tensile Fasteners (Plant-Talegaon)	25-May	16971	11525	5	5000	5	No
8806526275	M20 High Tensile Fasteners (Plant-Nashik)	25-May	4148	4116	7	5000	5	No
8806526275	M20 High Tensile Fasteners (Plant-Aurangabad)	25-May	14423	16190	7	5000	5	Yes
8806526275	M20 High Tensile Fasteners (Plant-Nagpur)	25-May	15474	15712	7	5000	5	No
8806526275	M20 High Tensile Fasteners (Plant-Mumbai)	25-May	4433	3362	7	5000	5	No
8806526275	M20 High Tensile Fasteners (Plant-Gujarat)	25-May	8175	8283	8	5000	5	No
8806526275	M20 High Tensile Fasteners (Plant-Chennai)	25-May	12286	8897	8	5000	5	No
8806526275	M20 High Tensile Fasteners (Plant-Bengaluru)	25-May	10647	11792	7	5000	5	Yes
8806526275	M20 High Tensile Fasteners (Plant-Pune)	25-Jun	9691	12013	7	5000	5	Yes
8806526275	M20 High Tensile Fasteners (Plant-Chakan)	25-Jun	14202	9987	7	5000	5	No
8806526275	M20 High Tensile Fasteners (Plant-Talegaon)	25-Jun	13836	10493	7	5000	5	No
8806526275	M20 High Tensile Fasteners (Plant-Nashik)	25-Jun	12237	10677	8	5000	5	No
8806526275	M20 High Tensile Fasteners (Plant-Aurangabad)	25-Jun	5123	4392	6	5000	5	No
8806526275	M20 High Tensile Fasteners (Plant-Nagpur)	25-Jun	11180	10052	9	5000	5	No
8806526275	M20 High Tensile Fasteners (Plant-Mumbai)	25-Jun	7223	6587	9	5000	5	No
8806526275	M20 High Tensile Fasteners (Plant-Gujarat)	25-Jun	5782	5850	9	5000	5	No
8806526275	M20 High Tensile Fasteners (Plant-Chennai)	25-Jun	16667	15558	10	5000	5	No
8806526275	M20 High Tensile Fasteners (Plant-Bengaluru)	25-Jun	11325	7133	9	5000	5	No
8806526275	M20 High Tensile Fasteners (Plant-Pune)	25-Jul	15850	8146	6	5000	5	No
8806526275	M20 High Tensile Fasteners (Plant-Chakan)	25-Jul	14440	8404	8	5000	5	No
8806526275	M20 High Tensile Fasteners (Plant-Talegaon)	25-Jul	7844	4897	8	5000	5	No
8806526275	M20 High Tensile Fasteners (Plant-Nashik)	25-Jul	6096	5635	9	5000	5	No
8806526275	M20 High Tensile Fasteners (Plant-Aurangabad)	25-Jul	16080	13536	9	5000	5	No
8806526275	M20 High Tensile Fasteners (Plant-Nagpur)	25-Jul	14807	12287	6	5000	5	No
8806526275	M20 High Tensile Fasteners (Plant-Mumbai)	25-Jul	16832	17602	9	5000	5	No
8806526275	M20 High Tensile Fasteners (Plant-Gujarat)	25-Jul	5886	4754	7	5000	5	No
8806526275	M20 High Tensile Fasteners (Plant-Chennai)	25-Jul	16647	11351	7	5000	5	No
8806526275	M20 High Tensile Fasteners (Plant-Bengaluru)	25-Jul	5181	3644	9	5000	5	No
8806526275	M20 High Tensile Fasteners (Plant-Pune)	25-Aug	10319	9474	10	5000	5	No
8806526275	M20 High Tensile Fasteners (Plant-Chakan)	25-Aug	17397	21030	10	5000	5	Yes
8806526275	M20 High Tensile Fasteners (Plant-Talegaon)	25-Aug	7667	7566	5	5000	5	No
8806526275	M20 High Tensile Fasteners (Plant-Nashik)	25-Aug	16546	20286	9	5000	5	Yes
8806526275	M20 High Tensile Fasteners (Plant-Aurangabad)	25-Aug	10115	9040	6	5000	5	No
8806526275	M20 High Tensile Fasteners (Plant-Nagpur)	25-Aug	11741	8878	8	5000	5	No
8806526275	M20 High Tensile Fasteners (Plant-Mumbai)	25-Aug	17348	10793	6	5000	5	No
8806526275	M20 High Tensile Fasteners (Plant-Gujarat)	25-Aug	16962	20977	9	5000	5	Yes
8806526275	M20 High Tensile Fasteners (Plant-Chennai)	25-Aug	4936	4727	6	5000	5	No
8806526275	M20 High Tensile Fasteners (Plant-Bengaluru)	25-Aug	13500	7455	6	5000	5	No
8806526275	M20 High Tensile Fasteners (Plant-Pune)	25-Sep	7245	6118	8	5000	5	No
8806526275	M20 High Tensile Fasteners (Plant-Chakan)	25-Sep	5344	5409	8	5000	5	No
8806526275	M20 High Tensile Fasteners (Plant-Talegaon)	25-Sep	4641	5644	7	5000	5	Yes
8806526275	M20 High Tensile Fasteners (Plant-Nashik)	25-Sep	13094	10782	8	5000	5	No
8806526275	M20 High Tensile Fasteners (Plant-Aurangabad)	25-Sep	14975	18428	8	5000	5	Yes
8806526275	M20 High Tensile Fasteners (Plant-Nagpur)	25-Sep	13842	13594	5	5000	5	No
8806526275	M20 High Tensile Fasteners (Plant-Mumbai)	25-Sep	15353	17635	5	5000	5	Yes
8806526275	M20 High Tensile Fasteners (Plant-Gujarat)	25-Sep	6346	7732	7	5000	5	Yes
8806526275	M20 High Tensile Fasteners (Plant-Chennai)	25-Sep	7295	4513	6	5000	5	No
8806526275	M20 High Tensile Fasteners (Plant-Bengaluru)	25-Sep	15102	7643	6	5000	5	No
8806526275	M20 High Tensile Fasteners (Plant-Pune)	25-Oct	13030	8108	10	5000	5	No
8806526275	M20 High Tensile Fasteners (Plant-Chakan)	25-Oct	13470	13288	10	5000	5	No
8806526275	M20 High Tensile Fasteners (Plant-Talegaon)	25-Oct	7991	4641	5	5000	5	No
8806526275	M20 High Tensile Fasteners (Plant-Nashik)	25-Oct	6477	4465	10	5000	5	No
8806526275	M20 High Tensile Fasteners (Plant-Aurangabad)	25-Oct	15720	16527	8	5000	5	No
8806526275	M20 High Tensile Fasteners (Plant-Nagpur)	25-Oct	9649	5923	8	5000	5	No
8806526275	M20 High Tensile Fasteners (Plant-Mumbai)	25-Oct	14824	14717	10	5000	5	No
8806526275	M20 High Tensile Fasteners (Plant-Gujarat)	25-Oct	12894	8926	5	5000	5	No
8806526275	M20 High Tensile Fasteners (Plant-Chennai)	25-Oct	5208	4032	8	5000	5	No
8806526275	M20 High Tensile Fasteners (Plant-Bengaluru)	25-Oct	4030	4077	9	5000	5	No
8806526275	M20 High Tensile Fasteners (Plant-Pune)	25-Nov	14428	14751	6	5000	5	No
8806526275	M20 High Tensile Fasteners (Plant-Chakan)	25-Nov	17033	16827	9	5000	5	No
8806526275	M20 High Tensile Fasteners (Plant-Talegaon)	25-Nov	5151	6218	8	5000	5	Yes
8806526275	M20 High Tensile Fasteners (Plant-Nashik)	25-Nov	7485	4027	6	5000	5	No
8806526275	M20 High Tensile Fasteners (Plant-Aurangabad)	25-Nov	6421	3381	7	5000	5	No
8806526275	M20 High Tensile Fasteners (Plant-Nagpur)	25-Nov	16722	16108	7	5000	5	No
8806526275	M20 High Tensile Fasteners (Plant-Mumbai)	25-Nov	7758	4244	9	5000	5	No
8806526275	M20 High Tensile Fasteners (Plant-Gujarat)	25-Nov	14121	13514	9	5000	5	No
8806526275	M20 High Tensile Fasteners (Plant-Chennai)	25-Nov	5270	4084	10	5000	5	No
8806526275	M20 High Tensile Fasteners (Plant-Bengaluru)	25-Nov	11515	9913	9	5000	5	No
8806526275	M20 High Tensile Fasteners (Plant-Pune)	25-Dec	4222	2179	9	5000	5	No
8806526275	M20 High Tensile Fasteners (Plant-Chakan)	25-Dec	10954	11026	6	5000	5	No
8806526275	M20 High Tensile Fasteners (Plant-Talegaon)	25-Dec	12271	10728	8	5000	5	No
8806526275	M20 High Tensile Fasteners (Plant-Nashik)	25-Dec	16634	18237	8	5000	5	Yes
8806526275	M20 High Tensile Fasteners (Plant-Aurangabad)	25-Dec	7292	8116	8	5000	5	No
8806526275	M20 High Tensile Fasteners (Plant-Nagpur)	25-Dec	8347	5905	5	5000	5	No
8806526275	M20 High Tensile Fasteners (Plant-Mumbai)	25-Dec	14816	15478	5	5000	5	No
8806526275	M20 High Tensile Fasteners (Plant-Gujarat)	25-Dec	11482	7070	10	5000	5	No
8806526275	M20 High Tensile Fasteners (Plant-Chennai)	25-Dec	9472	7334	9	5000	5	No
8806526275	M20 High Tensile Fasteners (Plant-Bengaluru)	25-Dec	5371	5887	6	5000	5	No
8806526275	M20 High Tensile Fasteners (Plant-Pune)	26-Jan	6372	7772	6	5000	5	Yes
8806526275	M20 High Tensile Fasteners (Plant-Chakan)	26-Jan	12490	9355	10	5000	5	No
8806526275	M20 High Tensile Fasteners (Plant-Talegaon)	26-Jan	15399	16613	5	5000	5	Yes
8806526275	M20 High Tensile Fasteners (Plant-Nashik)	26-Jan	10550	12081	5	5000	5	Yes
8806526275	M20 High Tensile Fasteners (Plant-Aurangabad)	26-Jan	10402	9754	9	5000	5	No
8806526275	M20 High Tensile Fasteners (Plant-Nagpur)	26-Jan	6845	6349	7	5000	5	No
8806526275	M20 High Tensile Fasteners (Plant-Mumbai)	26-Jan	9418	6496	9	5000	5	No
8806526275	M20 High Tensile Fasteners (Plant-Gujarat)	26-Jan	14388	11803	8	5000	5	No
8806526275	M20 High Tensile Fasteners (Plant-Chennai)	26-Jan	8180	10089	7	5000	5	Yes
8806526275	M20 High Tensile Fasteners (Plant-Bengaluru)	26-Jan	11664	8546	10	5000	5	No
8806526275	M20 High Tensile Fasteners (Plant-Pune)	26-Feb	11263	10531	6	5000	5	No
8806526275	M20 High Tensile Fasteners (Plant-Chakan)	26-Feb	7203	6190	8	5000	5	No
8806526275	M20 High Tensile Fasteners (Plant-Talegaon)	26-Feb	14179	9211	10	5000	5	No
8806526275	M20 High Tensile Fasteners (Plant-Nashik)	26-Feb	7560	6398	7	5000	5	No
8806526275	M20 High Tensile Fasteners (Plant-Aurangabad)	26-Feb	10035	5622	10	5000	5	No
8806526275	M20 High Tensile Fasteners (Plant-Nagpur)	26-Feb	5617	3640	6	5000	5	No
8806526275	M20 High Tensile Fasteners (Plant-Mumbai)	26-Feb	6306	3896	5	5000	5	No
8806526275	M20 High Tensile Fasteners (Plant-Gujarat)	26-Feb	13853	13960	7	5000	5	No
8806526275	M20 High Tensile Fasteners (Plant-Chennai)	26-Feb	14723	8529	7	5000	5	No
8806526275	M20 High Tensile Fasteners (Plant-Bengaluru)	26-Feb	9211	7570	8	5000	5	No
8806526275	M20 High Tensile Fasteners (Plant-Pune)	26-Mar	13091	9202	6	5000	5	No
8806526275	M20 High Tensile Fasteners (Plant-Chakan)	26-Mar	13752	9237	7	5000	5	No
8806526275	M20 High Tensile Fasteners (Plant-Talegaon)	26-Mar	16229	12263	5	5000	5	No
8806526275	M20 High Tensile Fasteners (Plant-Nashik)	26-Mar	9788	10562	7	5000	5	No
8806526275	M20 High Tensile Fasteners (Plant-Aurangabad)	26-Mar	14869	15026	5	5000	5	No
8806526275	M20 High Tensile Fasteners (Plant-Nagpur)	26-Mar	9213	5981	6	5000	5	No
8806526275	M20 High Tensile Fasteners (Plant-Mumbai)	26-Mar	11878	14771	8	5000	5	Yes
8806526275	M20 High Tensile Fasteners (Plant-Gujarat)	26-Mar	16788	9288	7	5000	5	No
8806526275	M20 High Tensile Fasteners (Plant-Chennai)	26-Mar	16633	14125	8	5000	5	No
8806526275	M20 High Tensile Fasteners (Plant-Bengaluru)	26-Mar	5845	4949	9	5000	5	No
8806526275	M20 High Tensile Fasteners (Plant-Pune)	26-Apr	4030	4009	6	5000	5	No
8806526275	M20 High Tensile Fasteners (Plant-Chakan)	26-Apr	16581	14986	7	5000	5	No
8806526275	M20 High Tensile Fasteners (Plant-Talegaon)	26-Apr	17172	16972	9	5000	5	No
8806526275	M20 High Tensile Fasteners (Plant-Nashik)	26-Apr	16602	18026	9	5000	5	Yes
8806526275	M20 High Tensile Fasteners (Plant-Aurangabad)	26-Apr	8042	9831	8	5000	5	Yes
8806526275	M20 High Tensile Fasteners (Plant-Nagpur)	26-Apr	14795	10558	8	5000	5	No
8806526275	M20 High Tensile Fasteners (Plant-Mumbai)	26-Apr	6197	6087	5	5000	5	No
8806526275	M20 High Tensile Fasteners (Plant-Gujarat)	26-Apr	17348	10164	6	5000	5	No
8806526275	M20 High Tensile Fasteners (Plant-Chennai)	26-Apr	10297	11600	7	5000	5	Yes
8806526275	M20 High Tensile Fasteners (Plant-Bengaluru)	26-Apr	6756	6785	10	5000	5	No
8806526275	M20 High Tensile Fasteners (Plant-Pune)	26-May	7809	6513	9	5000	5	No
8806526275	M20 High Tensile Fasteners (Plant-Chakan)	26-May	14004	10760	5	5000	5	No
8806526275	M20 High Tensile Fasteners (Plant-Talegaon)	26-May	11348	8551	6	5000	5	No
8806526275	M20 High Tensile Fasteners (Plant-Nashik)	26-May	15422	8852	10	5000	5	No
8806526275	M20 High Tensile Fasteners (Plant-Aurangabad)	26-May	10649	7074	8	5000	5	No
8806526275	M20 High Tensile Fasteners (Plant-Nagpur)	26-May	8693	7472	9	5000	5	No
8806526275	M20 High Tensile Fasteners (Plant-Mumbai)	26-May	13108	14244	5	5000	5	Yes
8806526275	M20 High Tensile Fasteners (Plant-Gujarat)	26-May	5989	3903	9	5000	5	No
8806526275	M20 High Tensile Fasteners (Plant-Chennai)	26-May	9313	5284	5	5000	5	No
8806526275	M20 High Tensile Fasteners (Plant-Bengaluru)	26-May	7075	5548	10	5000	5	No
8806526275	M20 High Tensile Fasteners (Plant-Pune)	26-Jun	9479	10968	7	5000	5	Yes
8806526275	M20 High Tensile Fasteners (Plant-Chakan)	26-Jun	15474	16594	7	5000	5	Yes
8806526275	M20 High Tensile Fasteners (Plant-Talegaon)	26-Jun	4828	2455	10	5000	5	No
8806526275	M20 High Tensile Fasteners (Plant-Nashik)	26-Jun	4036	4376	8	5000	5	No
8806526275	M20 High Tensile Fasteners (Plant-Aurangabad)	26-Jun	15642	19549	5	5000	5	Yes
8806526275	M20 High Tensile Fasteners (Plant-Nagpur)	26-Jun	6647	7722	5	5000	5	Yes
8806526275	M20 High Tensile Fasteners (Plant-Mumbai)	26-Jun	6818	4640	8	5000	5	No
8806526275	M20 High Tensile Fasteners (Plant-Gujarat)	26-Jun	13850	10612	6	5000	5	No
8806526275	M20 High Tensile Fasteners (Plant-Chennai)	26-Jun	4463	4693	7	5000	5	No
8806526275	M20 High Tensile Fasteners (Plant-Bengaluru)	26-Jun	8768	6012	7	5000	5	No
8806526276	Heavy Duty Roller Bearing (Plant-Pune)	25-Jan	331	384	31	400	120	No
8806526276	Heavy Duty Roller Bearing (Plant-Chakan)	25-Jan	432	505	30	400	120	No
8806526276	Heavy Duty Roller Bearing (Plant-Talegaon)	25-Jan	884	1012	28	400	120	Yes
8806526276	Heavy Duty Roller Bearing (Plant-Nashik)	25-Jan	839	984	29	400	120	Yes
8806526276	Heavy Duty Roller Bearing (Plant-Aurangabad)	25-Jan	397	411	29	400	120	No
8806526276	Heavy Duty Roller Bearing (Plant-Nagpur)	25-Jan	1254	855	29	400	120	No
8806526276	Heavy Duty Roller Bearing (Plant-Mumbai)	25-Jan	465	431	28	400	120	No
8806526276	Heavy Duty Roller Bearing (Plant-Gujarat)	25-Jan	775	410	28	400	120	No
8806526276	Heavy Duty Roller Bearing (Plant-Chennai)	25-Jan	1391	1524	33	400	120	Yes
8806526276	Heavy Duty Roller Bearing (Plant-Bengaluru)	25-Jan	355	218	31	400	120	No
8806526276	Heavy Duty Roller Bearing (Plant-Pune)	25-Feb	1171	1183	33	400	120	No
8806526276	Heavy Duty Roller Bearing (Plant-Chakan)	25-Feb	991	864	29	400	120	No
8806526276	Heavy Duty Roller Bearing (Plant-Talegaon)	25-Feb	356	237	29	400	120	No
8806526276	Heavy Duty Roller Bearing (Plant-Nashik)	25-Feb	1359	1246	28	400	120	No
8806526276	Heavy Duty Roller Bearing (Plant-Aurangabad)	25-Feb	1140	1358	29	400	120	Yes
8806526276	Heavy Duty Roller Bearing (Plant-Nagpur)	25-Feb	479	517	31	400	120	No
8806526276	Heavy Duty Roller Bearing (Plant-Mumbai)	25-Feb	391	270	31	400	120	No
8806526276	Heavy Duty Roller Bearing (Plant-Gujarat)	25-Feb	666	706	28	400	120	No
8806526276	Heavy Duty Roller Bearing (Plant-Chennai)	25-Feb	390	339	33	400	120	No
8806526276	Heavy Duty Roller Bearing (Plant-Bengaluru)	25-Feb	562	389	31	400	120	No
8806526276	Heavy Duty Roller Bearing (Plant-Pune)	25-Mar	1148	874	29	400	120	No
8806526276	Heavy Duty Roller Bearing (Plant-Chakan)	25-Mar	919	1004	33	400	120	Yes
8806526276	Heavy Duty Roller Bearing (Plant-Talegaon)	25-Mar	393	432	28	400	120	No
8806526276	Heavy Duty Roller Bearing (Plant-Nashik)	25-Mar	1016	554	28	400	120	No
8806526276	Heavy Duty Roller Bearing (Plant-Aurangabad)	25-Mar	1256	1551	33	400	120	Yes
8806526276	Heavy Duty Roller Bearing (Plant-Nagpur)	25-Mar	503	309	30	400	120	No
8806526276	Heavy Duty Roller Bearing (Plant-Mumbai)	25-Mar	537	431	32	400	120	No
8806526276	Heavy Duty Roller Bearing (Plant-Gujarat)	25-Mar	483	354	28	400	120	No
8806526276	Heavy Duty Roller Bearing (Plant-Chennai)	25-Mar	692	826	31	400	120	Yes
8806526276	Heavy Duty Roller Bearing (Plant-Bengaluru)	25-Mar	349	376	31	400	120	No
8806526276	Heavy Duty Roller Bearing (Plant-Pune)	25-Apr	1062	824	32	400	120	No
8806526276	Heavy Duty Roller Bearing (Plant-Chakan)	25-Apr	1310	875	31	400	120	No
8806526276	Heavy Duty Roller Bearing (Plant-Talegaon)	25-Apr	1233	1124	29	400	120	No
8806526276	Heavy Duty Roller Bearing (Plant-Nashik)	25-Apr	606	488	32	400	120	No
8806526276	Heavy Duty Roller Bearing (Plant-Aurangabad)	25-Apr	1016	1047	31	400	120	No
8806526276	Heavy Duty Roller Bearing (Plant-Nagpur)	25-Apr	1316	688	33	400	120	No
8806526276	Heavy Duty Roller Bearing (Plant-Mumbai)	25-Apr	1355	1262	28	400	120	No
8806526276	Heavy Duty Roller Bearing (Plant-Gujarat)	25-Apr	1363	720	30	400	120	No
8806526276	Heavy Duty Roller Bearing (Plant-Chennai)	25-Apr	1238	1022	29	400	120	No
8806526276	Heavy Duty Roller Bearing (Plant-Bengaluru)	25-Apr	1353	774	28	400	120	No
8806526276	Heavy Duty Roller Bearing (Plant-Pune)	25-May	1034	1187	31	400	120	Yes
8806526276	Heavy Duty Roller Bearing (Plant-Chakan)	25-May	1304	1517	28	400	120	Yes
8806526276	Heavy Duty Roller Bearing (Plant-Talegaon)	25-May	1019	746	28	400	120	No
8806526276	Heavy Duty Roller Bearing (Plant-Nashik)	25-May	1325	723	31	400	120	No
8806526276	Heavy Duty Roller Bearing (Plant-Aurangabad)	25-May	366	215	29	400	120	No
8806526276	Heavy Duty Roller Bearing (Plant-Nagpur)	25-May	859	728	33	400	120	No
8806526276	Heavy Duty Roller Bearing (Plant-Mumbai)	25-May	1145	1217	32	400	120	No
8806526276	Heavy Duty Roller Bearing (Plant-Gujarat)	25-May	339	378	33	400	120	No
8806526276	Heavy Duty Roller Bearing (Plant-Chennai)	25-May	1389	706	33	400	120	No
8806526276	Heavy Duty Roller Bearing (Plant-Bengaluru)	25-May	490	559	32	400	120	No
8806526276	Heavy Duty Roller Bearing (Plant-Pune)	25-Jun	564	430	28	400	120	No
8806526276	Heavy Duty Roller Bearing (Plant-Chakan)	25-Jun	635	464	28	400	120	No
8806526276	Heavy Duty Roller Bearing (Plant-Talegaon)	25-Jun	370	412	31	400	120	No
8806526276	Heavy Duty Roller Bearing (Plant-Nashik)	25-Jun	527	482	32	400	120	No
8806526276	Heavy Duty Roller Bearing (Plant-Aurangabad)	25-Jun	345	229	31	400	120	No
8806526276	Heavy Duty Roller Bearing (Plant-Nagpur)	25-Jun	1313	736	31	400	120	No
8806526276	Heavy Duty Roller Bearing (Plant-Mumbai)	25-Jun	861	556	30	400	120	No
8806526276	Heavy Duty Roller Bearing (Plant-Gujarat)	25-Jun	543	367	28	400	120	No
8806526276	Heavy Duty Roller Bearing (Plant-Chennai)	25-Jun	356	363	29	400	120	No
8806526276	Heavy Duty Roller Bearing (Plant-Bengaluru)	25-Jun	1334	719	31	400	120	No
8806526276	Heavy Duty Roller Bearing (Plant-Pune)	25-Jul	930	1089	29	400	120	Yes
8806526276	Heavy Duty Roller Bearing (Plant-Chakan)	25-Jul	1312	1345	31	400	120	No
8806526276	Heavy Duty Roller Bearing (Plant-Talegaon)	25-Jul	813	742	33	400	120	No
8806526276	Heavy Duty Roller Bearing (Plant-Nashik)	25-Jul	356	425	29	400	120	No
8806526276	Heavy Duty Roller Bearing (Plant-Aurangabad)	25-Jul	483	373	30	400	120	No
8806526276	Heavy Duty Roller Bearing (Plant-Nagpur)	25-Jul	915	1033	28	400	120	Yes
8806526276	Heavy Duty Roller Bearing (Plant-Mumbai)	25-Jul	819	771	33	400	120	No
8806526276	Heavy Duty Roller Bearing (Plant-Gujarat)	25-Jul	1241	874	33	400	120	No
8806526276	Heavy Duty Roller Bearing (Plant-Chennai)	25-Jul	485	503	29	400	120	No
8806526276	Heavy Duty Roller Bearing (Plant-Bengaluru)	25-Jul	639	771	28	400	120	Yes
8806526276	Heavy Duty Roller Bearing (Plant-Pune)	25-Aug	1066	1056	31	400	120	No
8806526276	Heavy Duty Roller Bearing (Plant-Chakan)	25-Aug	365	183	30	400	120	No
8806526276	Heavy Duty Roller Bearing (Plant-Talegaon)	25-Aug	819	745	31	400	120	No
8806526276	Heavy Duty Roller Bearing (Plant-Nashik)	25-Aug	1069	749	30	400	120	No
8806526276	Heavy Duty Roller Bearing (Plant-Aurangabad)	25-Aug	1151	1007	29	400	120	No
8806526276	Heavy Duty Roller Bearing (Plant-Nagpur)	25-Aug	1055	1107	33	400	120	No
8806526276	Heavy Duty Roller Bearing (Plant-Mumbai)	25-Aug	455	534	32	400	120	No
8806526276	Heavy Duty Roller Bearing (Plant-Gujarat)	25-Aug	337	262	32	400	120	No
8806526276	Heavy Duty Roller Bearing (Plant-Chennai)	25-Aug	1144	1341	33	400	120	Yes
8806526276	Heavy Duty Roller Bearing (Plant-Bengaluru)	25-Aug	868	733	28	400	120	No
8806526276	Heavy Duty Roller Bearing (Plant-Pune)	25-Sep	582	544	30	400	120	No
8806526276	Heavy Duty Roller Bearing (Plant-Chakan)	25-Sep	529	647	28	400	120	Yes
8806526276	Heavy Duty Roller Bearing (Plant-Talegaon)	25-Sep	940	874	32	400	120	No
8806526276	Heavy Duty Roller Bearing (Plant-Nashik)	25-Sep	684	688	31	400	120	No
8806526276	Heavy Duty Roller Bearing (Plant-Aurangabad)	25-Sep	1380	1570	32	400	120	Yes
8806526276	Heavy Duty Roller Bearing (Plant-Nagpur)	25-Sep	425	291	31	400	120	No
8806526276	Heavy Duty Roller Bearing (Plant-Mumbai)	25-Sep	1321	1595	31	400	120	Yes
8806526276	Heavy Duty Roller Bearing (Plant-Gujarat)	25-Sep	762	535	29	400	120	No
8806526276	Heavy Duty Roller Bearing (Plant-Chennai)	25-Sep	609	370	30	400	120	No
8806526276	Heavy Duty Roller Bearing (Plant-Bengaluru)	25-Sep	970	930	29	400	120	No
8806526276	Heavy Duty Roller Bearing (Plant-Pune)	25-Oct	969	996	32	400	120	No
8806526276	Heavy Duty Roller Bearing (Plant-Chakan)	25-Oct	688	760	33	400	120	No
8806526276	Heavy Duty Roller Bearing (Plant-Talegaon)	25-Oct	914	985	31	400	120	No
8806526276	Heavy Duty Roller Bearing (Plant-Nashik)	25-Oct	960	588	30	400	120	No
8806526276	Heavy Duty Roller Bearing (Plant-Aurangabad)	25-Oct	378	232	32	400	120	No
8806526276	Heavy Duty Roller Bearing (Plant-Nagpur)	25-Oct	393	326	30	400	120	No
8806526276	Heavy Duty Roller Bearing (Plant-Mumbai)	25-Oct	1363	1510	28	400	120	Yes
8806526276	Heavy Duty Roller Bearing (Plant-Gujarat)	25-Oct	708	732	33	400	120	No
8806526276	Heavy Duty Roller Bearing (Plant-Chennai)	25-Oct	653	635	33	400	120	No
8806526276	Heavy Duty Roller Bearing (Plant-Bengaluru)	25-Oct	570	435	32	400	120	No
8806526276	Heavy Duty Roller Bearing (Plant-Pune)	25-Nov	327	325	30	400	120	No
8806526276	Heavy Duty Roller Bearing (Plant-Chakan)	25-Nov	625	405	28	400	120	No
8806526276	Heavy Duty Roller Bearing (Plant-Talegaon)	25-Nov	840	708	28	400	120	No
8806526276	Heavy Duty Roller Bearing (Plant-Nashik)	25-Nov	444	401	33	400	120	No
8806526276	Heavy Duty Roller Bearing (Plant-Aurangabad)	25-Nov	932	613	32	400	120	No
8806526276	Heavy Duty Roller Bearing (Plant-Nagpur)	25-Nov	344	285	33	400	120	No
8806526276	Heavy Duty Roller Bearing (Plant-Mumbai)	25-Nov	1002	935	28	400	120	No
8806526276	Heavy Duty Roller Bearing (Plant-Gujarat)	25-Nov	1259	1214	33	400	120	No
8806526276	Heavy Duty Roller Bearing (Plant-Chennai)	25-Nov	891	702	32	400	120	No
8806526276	Heavy Duty Roller Bearing (Plant-Bengaluru)	25-Nov	1322	1413	32	400	120	Yes
8806526276	Heavy Duty Roller Bearing (Plant-Pune)	25-Dec	627	442	29	400	120	No
8806526276	Heavy Duty Roller Bearing (Plant-Chakan)	25-Dec	747	926	32	400	120	Yes
8806526276	Heavy Duty Roller Bearing (Plant-Talegaon)	25-Dec	873	534	28	400	120	No
8806526276	Heavy Duty Roller Bearing (Plant-Nashik)	25-Dec	436	427	29	400	120	No
8806526276	Heavy Duty Roller Bearing (Plant-Aurangabad)	25-Dec	479	546	30	400	120	No
8806526276	Heavy Duty Roller Bearing (Plant-Nagpur)	25-Dec	769	735	28	400	120	No
8806526276	Heavy Duty Roller Bearing (Plant-Mumbai)	25-Dec	1172	823	29	400	120	No
8806526276	Heavy Duty Roller Bearing (Plant-Gujarat)	25-Dec	1162	1006	30	400	120	No
8806526276	Heavy Duty Roller Bearing (Plant-Chennai)	25-Dec	631	649	28	400	120	No
8806526276	Heavy Duty Roller Bearing (Plant-Bengaluru)	25-Dec	351	382	30	400	120	No
8806526276	Heavy Duty Roller Bearing (Plant-Pune)	26-Jan	1169	1405	32	400	120	Yes
8806526276	Heavy Duty Roller Bearing (Plant-Chakan)	26-Jan	338	177	28	400	120	No
8806526276	Heavy Duty Roller Bearing (Plant-Talegaon)	26-Jan	808	966	31	400	120	Yes
8806526276	Heavy Duty Roller Bearing (Plant-Nashik)	26-Jan	1002	682	28	400	120	No
8806526276	Heavy Duty Roller Bearing (Plant-Aurangabad)	26-Jan	551	356	32	400	120	No
8806526276	Heavy Duty Roller Bearing (Plant-Nagpur)	26-Jan	1095	633	33	400	120	No
8806526276	Heavy Duty Roller Bearing (Plant-Mumbai)	26-Jan	1057	1267	31	400	120	Yes
8806526276	Heavy Duty Roller Bearing (Plant-Gujarat)	26-Jan	712	523	28	400	120	No
8806526276	Heavy Duty Roller Bearing (Plant-Chennai)	26-Jan	341	188	29	400	120	No
8806526276	Heavy Duty Roller Bearing (Plant-Bengaluru)	26-Jan	827	884	29	400	120	No
8806526276	Heavy Duty Roller Bearing (Plant-Pune)	26-Feb	1162	696	28	400	120	No
8806526276	Heavy Duty Roller Bearing (Plant-Chakan)	26-Feb	1252	648	33	400	120	No
8806526276	Heavy Duty Roller Bearing (Plant-Talegaon)	26-Feb	1351	802	31	400	120	No
8806526276	Heavy Duty Roller Bearing (Plant-Nashik)	26-Feb	497	474	31	400	120	No
8806526276	Heavy Duty Roller Bearing (Plant-Aurangabad)	26-Feb	596	562	29	400	120	No
8806526276	Heavy Duty Roller Bearing (Plant-Nagpur)	26-Feb	926	666	31	400	120	No
8806526276	Heavy Duty Roller Bearing (Plant-Mumbai)	26-Feb	952	1071	33	400	120	Yes
8806526276	Heavy Duty Roller Bearing (Plant-Gujarat)	26-Feb	976	666	33	400	120	No
8806526276	Heavy Duty Roller Bearing (Plant-Chennai)	26-Feb	629	484	30	400	120	No
8806526276	Heavy Duty Roller Bearing (Plant-Bengaluru)	26-Feb	538	359	30	400	120	No
8806526276	Heavy Duty Roller Bearing (Plant-Pune)	26-Mar	695	570	29	400	120	No
8806526276	Heavy Duty Roller Bearing (Plant-Chakan)	26-Mar	1197	898	30	400	120	No
8806526276	Heavy Duty Roller Bearing (Plant-Talegaon)	26-Mar	1022	649	33	400	120	No
8806526276	Heavy Duty Roller Bearing (Plant-Nashik)	26-Mar	337	314	28	400	120	No
8806526276	Heavy Duty Roller Bearing (Plant-Aurangabad)	26-Mar	1268	1550	28	400	120	Yes
8806526276	Heavy Duty Roller Bearing (Plant-Nagpur)	26-Mar	1163	1413	28	400	120	Yes
8806526276	Heavy Duty Roller Bearing (Plant-Mumbai)	26-Mar	329	175	29	400	120	No
8806526276	Heavy Duty Roller Bearing (Plant-Gujarat)	26-Mar	356	267	31	400	120	No
8806526276	Heavy Duty Roller Bearing (Plant-Chennai)	26-Mar	981	593	33	400	120	No
8806526276	Heavy Duty Roller Bearing (Plant-Bengaluru)	26-Mar	1322	715	30	400	120	No
8806526276	Heavy Duty Roller Bearing (Plant-Pune)	26-Apr	879	547	33	400	120	No
8806526276	Heavy Duty Roller Bearing (Plant-Chakan)	26-Apr	926	846	32	400	120	No
8806526276	Heavy Duty Roller Bearing (Plant-Talegaon)	26-Apr	861	878	32	400	120	No
8806526276	Heavy Duty Roller Bearing (Plant-Nashik)	26-Apr	1358	1027	28	400	120	No
8806526276	Heavy Duty Roller Bearing (Plant-Aurangabad)	26-Apr	335	379	29	400	120	No
8806526276	Heavy Duty Roller Bearing (Plant-Nagpur)	26-Apr	1350	1011	29	400	120	No
8806526276	Heavy Duty Roller Bearing (Plant-Mumbai)	26-Apr	1136	627	33	400	120	No
8806526276	Heavy Duty Roller Bearing (Plant-Gujarat)	26-Apr	1282	895	33	400	120	No
8806526276	Heavy Duty Roller Bearing (Plant-Chennai)	26-Apr	531	611	33	400	120	No
8806526276	Heavy Duty Roller Bearing (Plant-Bengaluru)	26-Apr	698	432	28	400	120	No
8806526276	Heavy Duty Roller Bearing (Plant-Pune)	26-May	788	659	33	400	120	No
8806526276	Heavy Duty Roller Bearing (Plant-Chakan)	26-May	723	829	29	400	120	Yes
8806526276	Heavy Duty Roller Bearing (Plant-Talegaon)	26-May	1029	766	28	400	120	No
8806526276	Heavy Duty Roller Bearing (Plant-Nashik)	26-May	1242	758	31	400	120	No
8806526276	Heavy Duty Roller Bearing (Plant-Aurangabad)	26-May	1128	585	31	400	120	No
8806526276	Heavy Duty Roller Bearing (Plant-Nagpur)	26-May	400	336	31	400	120	No
8806526276	Heavy Duty Roller Bearing (Plant-Mumbai)	26-May	1263	1473	33	400	120	Yes
8806526276	Heavy Duty Roller Bearing (Plant-Gujarat)	26-May	1318	1316	29	400	120	No
8806526276	Heavy Duty Roller Bearing (Plant-Chennai)	26-May	920	1006	33	400	120	Yes
8806526276	Heavy Duty Roller Bearing (Plant-Bengaluru)	26-May	821	600	28	400	120	No
8806526276	Heavy Duty Roller Bearing (Plant-Pune)	26-Jun	527	564	30	400	120	No
8806526276	Heavy Duty Roller Bearing (Plant-Chakan)	26-Jun	1113	943	30	400	120	No
8806526276	Heavy Duty Roller Bearing (Plant-Talegaon)	26-Jun	602	703	28	400	120	Yes
8806526276	Heavy Duty Roller Bearing (Plant-Nashik)	26-Jun	905	636	32	400	120	No
8806526276	Heavy Duty Roller Bearing (Plant-Aurangabad)	26-Jun	993	629	29	400	120	No
8806526276	Heavy Duty Roller Bearing (Plant-Nagpur)	26-Jun	1305	1323	28	400	120	No
8806526276	Heavy Duty Roller Bearing (Plant-Mumbai)	26-Jun	606	629	30	400	120	No
8806526276	Heavy Duty Roller Bearing (Plant-Gujarat)	26-Jun	927	553	29	400	120	No
8806526276	Heavy Duty Roller Bearing (Plant-Chennai)	26-Jun	338	257	31	400	120	No
8806526276	Heavy Duty Roller Bearing (Plant-Bengaluru)	26-Jun	364	415	33	400	120	No
8806526277	Hydraulic Control Valve (Plant-Pune)	25-Jan	243	181	45	150	350	No
8806526277	Hydraulic Control Valve (Plant-Chakan)	25-Jan	237	265	44	150	350	No
8806526277	Hydraulic Control Valve (Plant-Talegaon)	25-Jan	131	142	46	150	350	No
8806526277	Hydraulic Control Valve (Plant-Nashik)	25-Jan	453	328	47	150	350	No
8806526277	Hydraulic Control Valve (Plant-Aurangabad)	25-Jan	190	172	44	150	350	No
8806526277	Hydraulic Control Valve (Plant-Nagpur)	25-Jan	349	431	48	150	350	Yes
8806526277	Hydraulic Control Valve (Plant-Mumbai)	25-Jan	217	206	47	150	350	No
8806526277	Hydraulic Control Valve (Plant-Gujarat)	25-Jan	153	175	47	150	350	No
8806526277	Hydraulic Control Valve (Plant-Chennai)	25-Jan	153	190	43	150	350	Yes
8806526277	Hydraulic Control Valve (Plant-Bengaluru)	25-Jan	273	162	43	150	350	No
8806526277	Hydraulic Control Valve (Plant-Pune)	25-Feb	364	371	45	150	350	No
8806526277	Hydraulic Control Valve (Plant-Chakan)	25-Feb	412	299	46	150	350	No
8806526277	Hydraulic Control Valve (Plant-Talegaon)	25-Feb	331	179	44	150	350	No
8806526277	Hydraulic Control Valve (Plant-Nashik)	25-Feb	521	577	43	150	350	Yes
8806526277	Hydraulic Control Valve (Plant-Aurangabad)	25-Feb	443	430	46	150	350	No
8806526277	Hydraulic Control Valve (Plant-Nagpur)	25-Feb	316	323	43	150	350	No
8806526277	Hydraulic Control Valve (Plant-Mumbai)	25-Feb	386	205	48	150	350	No
8806526277	Hydraulic Control Valve (Plant-Gujarat)	25-Feb	354	203	44	150	350	No
8806526277	Hydraulic Control Valve (Plant-Chennai)	25-Feb	332	302	47	150	350	No
8806526277	Hydraulic Control Valve (Plant-Bengaluru)	25-Feb	193	99	45	150	350	No
8806526277	Hydraulic Control Valve (Plant-Pune)	25-Mar	292	284	47	150	350	No
8806526277	Hydraulic Control Valve (Plant-Chakan)	25-Mar	363	220	46	150	350	No
8806526277	Hydraulic Control Valve (Plant-Talegaon)	25-Mar	269	217	48	150	350	No
8806526277	Hydraulic Control Valve (Plant-Nashik)	25-Mar	346	206	46	150	350	No
8806526277	Hydraulic Control Valve (Plant-Aurangabad)	25-Mar	205	132	44	150	350	No
8806526277	Hydraulic Control Valve (Plant-Nagpur)	25-Mar	282	156	48	150	350	No
8806526277	Hydraulic Control Valve (Plant-Mumbai)	25-Mar	364	394	43	150	350	No
8806526277	Hydraulic Control Valve (Plant-Gujarat)	25-Mar	263	136	45	150	350	No
8806526277	Hydraulic Control Valve (Plant-Chennai)	25-Mar	381	385	48	150	350	No
8806526277	Hydraulic Control Valve (Plant-Bengaluru)	25-Mar	427	497	48	150	350	Yes
8806526277	Hydraulic Control Valve (Plant-Pune)	25-Apr	317	394	43	150	350	Yes
8806526277	Hydraulic Control Valve (Plant-Chakan)	25-Apr	193	148	45	150	350	No
8806526277	Hydraulic Control Valve (Plant-Talegaon)	25-Apr	332	392	47	150	350	Yes
8806526277	Hydraulic Control Valve (Plant-Nashik)	25-Apr	444	273	44	150	350	No
8806526277	Hydraulic Control Valve (Plant-Aurangabad)	25-Apr	446	331	47	150	350	No
8806526277	Hydraulic Control Valve (Plant-Nagpur)	25-Apr	457	339	47	150	350	No
8806526277	Hydraulic Control Valve (Plant-Mumbai)	25-Apr	310	267	47	150	350	No
8806526277	Hydraulic Control Valve (Plant-Gujarat)	25-Apr	385	429	48	150	350	Yes
8806526277	Hydraulic Control Valve (Plant-Chennai)	25-Apr	149	137	44	150	350	No
8806526277	Hydraulic Control Valve (Plant-Bengaluru)	25-Apr	354	311	44	150	350	No
8806526277	Hydraulic Control Valve (Plant-Pune)	25-May	444	330	48	150	350	No
8806526277	Hydraulic Control Valve (Plant-Chakan)	25-May	137	77	47	150	350	No
8806526277	Hydraulic Control Valve (Plant-Talegaon)	25-May	399	381	46	150	350	No
8806526277	Hydraulic Control Valve (Plant-Nashik)	25-May	401	429	45	150	350	No
8806526277	Hydraulic Control Valve (Plant-Aurangabad)	25-May	505	277	44	150	350	No
8806526277	Hydraulic Control Valve (Plant-Nagpur)	25-May	160	123	46	150	350	No
8806526277	Hydraulic Control Valve (Plant-Mumbai)	25-May	478	293	44	150	350	No
8806526277	Hydraulic Control Valve (Plant-Gujarat)	25-May	123	123	43	150	350	No
8806526277	Hydraulic Control Valve (Plant-Chennai)	25-May	155	153	44	150	350	No
8806526277	Hydraulic Control Valve (Plant-Bengaluru)	25-May	446	515	45	150	350	Yes
8806526277	Hydraulic Control Valve (Plant-Pune)	25-Jun	286	291	48	150	350	No
8806526277	Hydraulic Control Valve (Plant-Chakan)	25-Jun	255	167	48	150	350	No
8806526277	Hydraulic Control Valve (Plant-Talegaon)	25-Jun	177	90	46	150	350	No
8806526277	Hydraulic Control Valve (Plant-Nashik)	25-Jun	468	312	44	150	350	No
8806526277	Hydraulic Control Valve (Plant-Aurangabad)	25-Jun	161	174	45	150	350	No
8806526277	Hydraulic Control Valve (Plant-Nagpur)	25-Jun	192	108	46	150	350	No
8806526277	Hydraulic Control Valve (Plant-Mumbai)	25-Jun	363	410	46	150	350	Yes
8806526277	Hydraulic Control Valve (Plant-Gujarat)	25-Jun	367	185	47	150	350	No
8806526277	Hydraulic Control Valve (Plant-Chennai)	25-Jun	205	129	46	150	350	No
8806526277	Hydraulic Control Valve (Plant-Bengaluru)	25-Jun	136	96	44	150	350	No
8806526277	Hydraulic Control Valve (Plant-Pune)	25-Jul	201	165	48	150	350	No
8806526277	Hydraulic Control Valve (Plant-Chakan)	25-Jul	307	330	45	150	350	No
8806526277	Hydraulic Control Valve (Plant-Talegaon)	25-Jul	293	237	48	150	350	No
8806526277	Hydraulic Control Valve (Plant-Nashik)	25-Jul	518	463	45	150	350	No
8806526277	Hydraulic Control Valve (Plant-Aurangabad)	25-Jul	236	254	45	150	350	No
8806526277	Hydraulic Control Valve (Plant-Nagpur)	25-Jul	418	251	45	150	350	No
8806526277	Hydraulic Control Valve (Plant-Mumbai)	25-Jul	440	546	43	150	350	Yes
8806526277	Hydraulic Control Valve (Plant-Gujarat)	25-Jul	345	282	45	150	350	No
8806526277	Hydraulic Control Valve (Plant-Chennai)	25-Jul	152	157	45	150	350	No
8806526277	Hydraulic Control Valve (Plant-Bengaluru)	25-Jul	234	238	47	150	350	No
8806526277	Hydraulic Control Valve (Plant-Pune)	25-Aug	421	304	47	150	350	No
8806526277	Hydraulic Control Valve (Plant-Chakan)	25-Aug	282	160	44	150	350	No
8806526277	Hydraulic Control Valve (Plant-Talegaon)	25-Aug	439	320	44	150	350	No
8806526277	Hydraulic Control Valve (Plant-Nashik)	25-Aug	247	231	43	150	350	No
8806526277	Hydraulic Control Valve (Plant-Aurangabad)	25-Aug	200	155	43	150	350	No
8806526277	Hydraulic Control Valve (Plant-Nagpur)	25-Aug	469	286	44	150	350	No
8806526277	Hydraulic Control Valve (Plant-Mumbai)	25-Aug	338	365	43	150	350	No
8806526277	Hydraulic Control Valve (Plant-Gujarat)	25-Aug	285	205	43	150	350	No
8806526277	Hydraulic Control Valve (Plant-Chennai)	25-Aug	454	447	48	150	350	No
8806526277	Hydraulic Control Valve (Plant-Bengaluru)	25-Aug	209	188	45	150	350	No
8806526277	Hydraulic Control Valve (Plant-Pune)	25-Sep	225	272	45	150	350	Yes
8806526277	Hydraulic Control Valve (Plant-Chakan)	25-Sep	506	612	43	150	350	Yes
8806526277	Hydraulic Control Valve (Plant-Talegaon)	25-Sep	239	183	43	150	350	No
8806526277	Hydraulic Control Valve (Plant-Nashik)	25-Sep	264	225	43	150	350	No
8806526277	Hydraulic Control Valve (Plant-Aurangabad)	25-Sep	309	160	43	150	350	No
8806526277	Hydraulic Control Valve (Plant-Nagpur)	25-Sep	392	447	45	150	350	Yes
8806526277	Hydraulic Control Valve (Plant-Mumbai)	25-Sep	272	306	43	150	350	Yes
8806526277	Hydraulic Control Valve (Plant-Gujarat)	25-Sep	481	266	44	150	350	No
8806526277	Hydraulic Control Valve (Plant-Chennai)	25-Sep	271	208	48	150	350	No
8806526277	Hydraulic Control Valve (Plant-Bengaluru)	25-Sep	189	136	48	150	350	No
8806526277	Hydraulic Control Valve (Plant-Pune)	25-Oct	362	203	47	150	350	No
8806526277	Hydraulic Control Valve (Plant-Chakan)	25-Oct	277	220	44	150	350	No
8806526277	Hydraulic Control Valve (Plant-Talegaon)	25-Oct	364	305	43	150	350	No
8806526277	Hydraulic Control Valve (Plant-Nashik)	25-Oct	369	237	48	150	350	No
8806526277	Hydraulic Control Valve (Plant-Aurangabad)	25-Oct	395	262	43	150	350	No
8806526277	Hydraulic Control Valve (Plant-Nagpur)	25-Oct	304	187	47	150	350	No
8806526277	Hydraulic Control Valve (Plant-Mumbai)	25-Oct	124	126	45	150	350	No
8806526277	Hydraulic Control Valve (Plant-Gujarat)	25-Oct	120	149	46	150	350	No
8806526277	Hydraulic Control Valve (Plant-Chennai)	25-Oct	297	333	47	150	350	Yes
8806526277	Hydraulic Control Valve (Plant-Bengaluru)	25-Oct	160	180	48	150	350	No
8806526277	Hydraulic Control Valve (Plant-Pune)	25-Nov	455	392	47	150	350	No
8806526277	Hydraulic Control Valve (Plant-Chakan)	25-Nov	215	142	43	150	350	No
8806526277	Hydraulic Control Valve (Plant-Talegaon)	25-Nov	121	138	44	150	350	No
8806526277	Hydraulic Control Valve (Plant-Nashik)	25-Nov	281	175	43	150	350	No
8806526277	Hydraulic Control Valve (Plant-Aurangabad)	25-Nov	377	258	47	150	350	No
8806526277	Hydraulic Control Valve (Plant-Nagpur)	25-Nov	275	170	46	150	350	No
8806526277	Hydraulic Control Valve (Plant-Mumbai)	25-Nov	158	139	45	150	350	No
8806526277	Hydraulic Control Valve (Plant-Gujarat)	25-Nov	261	295	48	150	350	Yes
8806526277	Hydraulic Control Valve (Plant-Chennai)	25-Nov	406	428	43	150	350	No
8806526277	Hydraulic Control Valve (Plant-Bengaluru)	25-Nov	493	500	45	150	350	No
8806526277	Hydraulic Control Valve (Plant-Pune)	25-Dec	126	68	48	150	350	No
8806526277	Hydraulic Control Valve (Plant-Chakan)	25-Dec	193	118	48	150	350	No
8806526277	Hydraulic Control Valve (Plant-Talegaon)	25-Dec	266	181	43	150	350	No
8806526277	Hydraulic Control Valve (Plant-Nashik)	25-Dec	194	121	48	150	350	No
8806526277	Hydraulic Control Valve (Plant-Aurangabad)	25-Dec	125	102	48	150	350	No
8806526277	Hydraulic Control Valve (Plant-Nagpur)	25-Dec	467	386	45	150	350	No
8806526277	Hydraulic Control Valve (Plant-Mumbai)	25-Dec	187	223	46	150	350	Yes
8806526277	Hydraulic Control Valve (Plant-Gujarat)	25-Dec	242	268	47	150	350	No
8806526277	Hydraulic Control Valve (Plant-Chennai)	25-Dec	453	467	46	150	350	No
8806526277	Hydraulic Control Valve (Plant-Bengaluru)	25-Dec	155	164	48	150	350	No
8806526277	Hydraulic Control Valve (Plant-Pune)	26-Jan	318	169	47	150	350	No
8806526277	Hydraulic Control Valve (Plant-Chakan)	26-Jan	432	473	44	150	350	Yes
8806526277	Hydraulic Control Valve (Plant-Talegaon)	26-Jan	418	245	44	150	350	No
8806526277	Hydraulic Control Valve (Plant-Nashik)	26-Jan	305	304	46	150	350	No
8806526277	Hydraulic Control Valve (Plant-Aurangabad)	26-Jan	522	410	47	150	350	No
8806526277	Hydraulic Control Valve (Plant-Nagpur)	26-Jan	279	154	44	150	350	No
8806526277	Hydraulic Control Valve (Plant-Mumbai)	26-Jan	141	172	48	150	350	Yes
8806526277	Hydraulic Control Valve (Plant-Gujarat)	26-Jan	334	345	48	150	350	No
8806526277	Hydraulic Control Valve (Plant-Chennai)	26-Jan	428	422	47	150	350	No
8806526277	Hydraulic Control Valve (Plant-Bengaluru)	26-Jan	368	249	46	150	350	No
8806526277	Hydraulic Control Valve (Plant-Pune)	26-Feb	370	272	44	150	350	No
8806526277	Hydraulic Control Valve (Plant-Chakan)	26-Feb	429	311	43	150	350	No
8806526277	Hydraulic Control Valve (Plant-Talegaon)	26-Feb	365	401	45	150	350	Yes
8806526277	Hydraulic Control Valve (Plant-Nashik)	26-Feb	176	160	44	150	350	No
8806526277	Hydraulic Control Valve (Plant-Aurangabad)	26-Feb	353	367	47	150	350	No
8806526277	Hydraulic Control Valve (Plant-Nagpur)	26-Feb	267	309	45	150	350	Yes
8806526277	Hydraulic Control Valve (Plant-Mumbai)	26-Feb	233	251	47	150	350	No
8806526277	Hydraulic Control Valve (Plant-Gujarat)	26-Feb	250	214	45	150	350	No
8806526277	Hydraulic Control Valve (Plant-Chennai)	26-Feb	447	419	46	150	350	No
8806526277	Hydraulic Control Valve (Plant-Bengaluru)	26-Feb	468	391	47	150	350	No
8806526277	Hydraulic Control Valve (Plant-Pune)	26-Mar	388	456	47	150	350	Yes
8806526277	Hydraulic Control Valve (Plant-Chakan)	26-Mar	161	98	45	150	350	No
8806526277	Hydraulic Control Valve (Plant-Talegaon)	26-Mar	259	261	43	150	350	No
8806526277	Hydraulic Control Valve (Plant-Nashik)	26-Mar	366	190	46	150	350	No
8806526277	Hydraulic Control Valve (Plant-Aurangabad)	26-Mar	169	202	48	150	350	Yes
8806526277	Hydraulic Control Valve (Plant-Nagpur)	26-Mar	436	445	44	150	350	No
8806526277	Hydraulic Control Valve (Plant-Mumbai)	26-Mar	399	303	48	150	350	No
8806526277	Hydraulic Control Valve (Plant-Gujarat)	26-Mar	207	199	48	150	350	No
8806526277	Hydraulic Control Valve (Plant-Chennai)	26-Mar	410	419	47	150	350	No
8806526277	Hydraulic Control Valve (Plant-Bengaluru)	26-Mar	245	239	46	150	350	No
8806526277	Hydraulic Control Valve (Plant-Pune)	26-Apr	378	403	43	150	350	No
8806526277	Hydraulic Control Valve (Plant-Chakan)	26-Apr	449	235	44	150	350	No
8806526277	Hydraulic Control Valve (Plant-Talegaon)	26-Apr	156	98	43	150	350	No
8806526277	Hydraulic Control Valve (Plant-Nashik)	26-Apr	142	165	43	150	350	No
8806526277	Hydraulic Control Valve (Plant-Aurangabad)	26-Apr	331	299	43	150	350	No
8806526277	Hydraulic Control Valve (Plant-Nagpur)	26-Apr	464	372	43	150	350	No
8806526277	Hydraulic Control Valve (Plant-Mumbai)	26-Apr	276	273	43	150	350	No
8806526277	Hydraulic Control Valve (Plant-Gujarat)	26-Apr	339	248	48	150	350	No
8806526277	Hydraulic Control Valve (Plant-Chennai)	26-Apr	201	170	48	150	350	No
8806526277	Hydraulic Control Valve (Plant-Bengaluru)	26-Apr	139	143	46	150	350	No
8806526277	Hydraulic Control Valve (Plant-Pune)	26-May	167	93	43	150	350	No
8806526277	Hydraulic Control Valve (Plant-Chakan)	26-May	432	380	47	150	350	No
8806526277	Hydraulic Control Valve (Plant-Talegaon)	26-May	326	398	46	150	350	Yes
8806526277	Hydraulic Control Valve (Plant-Nashik)	26-May	515	397	45	150	350	No
8806526277	Hydraulic Control Valve (Plant-Aurangabad)	26-May	297	170	48	150	350	No
8806526277	Hydraulic Control Valve (Plant-Nagpur)	26-May	502	465	47	150	350	No
8806526277	Hydraulic Control Valve (Plant-Mumbai)	26-May	162	142	46	150	350	No
8806526277	Hydraulic Control Valve (Plant-Gujarat)	26-May	307	383	48	150	350	Yes
8806526277	Hydraulic Control Valve (Plant-Chennai)	26-May	308	175	47	150	350	No
8806526277	Hydraulic Control Valve (Plant-Bengaluru)	26-May	160	126	48	150	350	No
8806526277	Hydraulic Control Valve (Plant-Pune)	26-Jun	337	232	48	150	350	No
8806526277	Hydraulic Control Valve (Plant-Chakan)	26-Jun	199	229	44	150	350	No
8806526277	Hydraulic Control Valve (Plant-Talegaon)	26-Jun	336	237	46	150	350	No
8806526277	Hydraulic Control Valve (Plant-Nashik)	26-Jun	484	474	47	150	350	No
8806526277	Hydraulic Control Valve (Plant-Aurangabad)	26-Jun	380	202	48	150	350	No
8806526277	Hydraulic Control Valve (Plant-Nagpur)	26-Jun	374	305	48	150	350	No
8806526277	Hydraulic Control Valve (Plant-Mumbai)	26-Jun	238	208	46	150	350	No
8806526277	Hydraulic Control Valve (Plant-Gujarat)	26-Jun	512	260	44	150	350	No
8806526277	Hydraulic Control Valve (Plant-Chennai)	26-Jun	151	120	46	150	350	No
8806526277	Hydraulic Control Valve (Plant-Bengaluru)	26-Jun	262	251	44	150	350	No
8806526278	Seamless Carbon Pipe 4 inch (Plant-Pune)	25-Jan	1155	1119	16	900	65	No
8806526278	Seamless Carbon Pipe 4 inch (Plant-Chakan)	25-Jan	3099	3458	21	900	65	Yes
8806526278	Seamless Carbon Pipe 4 inch (Plant-Talegaon)	25-Jan	1208	613	19	900	65	No
8806526278	Seamless Carbon Pipe 4 inch (Plant-Nashik)	25-Jan	1491	1346	17	900	65	No
8806526278	Seamless Carbon Pipe 4 inch (Plant-Aurangabad)	25-Jan	1817	970	21	900	65	No
8806526278	Seamless Carbon Pipe 4 inch (Plant-Nagpur)	25-Jan	988	980	21	900	65	No
8806526278	Seamless Carbon Pipe 4 inch (Plant-Mumbai)	25-Jan	2274	2141	17	900	65	No
8806526278	Seamless Carbon Pipe 4 inch (Plant-Gujarat)	25-Jan	1659	1230	20	900	65	No
8806526278	Seamless Carbon Pipe 4 inch (Plant-Chennai)	25-Jan	2454	1749	20	900	65	No
8806526278	Seamless Carbon Pipe 4 inch (Plant-Bengaluru)	25-Jan	2740	2950	21	900	65	Yes
8806526278	Seamless Carbon Pipe 4 inch (Plant-Pune)	25-Feb	1562	1924	21	900	65	Yes
8806526278	Seamless Carbon Pipe 4 inch (Plant-Chakan)	25-Feb	2753	2265	21	900	65	No
8806526278	Seamless Carbon Pipe 4 inch (Plant-Talegaon)	25-Feb	2194	2057	18	900	65	No
8806526278	Seamless Carbon Pipe 4 inch (Plant-Nashik)	25-Feb	1236	799	16	900	65	No
8806526278	Seamless Carbon Pipe 4 inch (Plant-Aurangabad)	25-Feb	2481	2058	17	900	65	No
8806526278	Seamless Carbon Pipe 4 inch (Plant-Nagpur)	25-Feb	2015	1455	19	900	65	No
8806526278	Seamless Carbon Pipe 4 inch (Plant-Mumbai)	25-Feb	3047	1943	16	900	65	No
8806526278	Seamless Carbon Pipe 4 inch (Plant-Gujarat)	25-Feb	950	648	21	900	65	No
8806526278	Seamless Carbon Pipe 4 inch (Plant-Chennai)	25-Feb	2236	1827	21	900	65	No
8806526278	Seamless Carbon Pipe 4 inch (Plant-Bengaluru)	25-Feb	1953	1920	16	900	65	No
8806526278	Seamless Carbon Pipe 4 inch (Plant-Pune)	25-Mar	2107	2268	17	900	65	No
8806526278	Seamless Carbon Pipe 4 inch (Plant-Chakan)	25-Mar	3059	3310	19	900	65	Yes
8806526278	Seamless Carbon Pipe 4 inch (Plant-Talegaon)	25-Mar	1778	1019	19	900	65	No
8806526278	Seamless Carbon Pipe 4 inch (Plant-Nashik)	25-Mar	1824	1108	19	900	65	No
8806526278	Seamless Carbon Pipe 4 inch (Plant-Aurangabad)	25-Mar	892	613	16	900	65	No
8806526278	Seamless Carbon Pipe 4 inch (Plant-Nagpur)	25-Mar	2971	2004	16	900	65	No
8806526278	Seamless Carbon Pipe 4 inch (Plant-Mumbai)	25-Mar	1155	797	19	900	65	No
8806526278	Seamless Carbon Pipe 4 inch (Plant-Gujarat)	25-Mar	1637	876	19	900	65	No
8806526278	Seamless Carbon Pipe 4 inch (Plant-Chennai)	25-Mar	1379	744	18	900	65	No
8806526278	Seamless Carbon Pipe 4 inch (Plant-Bengaluru)	25-Mar	2287	2478	20	900	65	Yes
8806526278	Seamless Carbon Pipe 4 inch (Plant-Pune)	25-Apr	2723	2831	21	900	65	No
8806526278	Seamless Carbon Pipe 4 inch (Plant-Chakan)	25-Apr	1411	1431	17	900	65	No
8806526278	Seamless Carbon Pipe 4 inch (Plant-Talegaon)	25-Apr	2877	2551	18	900	65	No
8806526278	Seamless Carbon Pipe 4 inch (Plant-Nashik)	25-Apr	1025	1138	17	900	65	No
8806526278	Seamless Carbon Pipe 4 inch (Plant-Aurangabad)	25-Apr	1243	707	21	900	65	No
8806526278	Seamless Carbon Pipe 4 inch (Plant-Nagpur)	25-Apr	3027	3404	17	900	65	Yes
8806526278	Seamless Carbon Pipe 4 inch (Plant-Mumbai)	25-Apr	2747	1535	16	900	65	No
8806526278	Seamless Carbon Pipe 4 inch (Plant-Gujarat)	25-Apr	827	952	19	900	65	No
8806526278	Seamless Carbon Pipe 4 inch (Plant-Chennai)	25-Apr	1980	1789	20	900	65	No
8806526278	Seamless Carbon Pipe 4 inch (Plant-Bengaluru)	25-Apr	1198	1025	16	900	65	No
8806526278	Seamless Carbon Pipe 4 inch (Plant-Pune)	25-May	2991	3082	17	900	65	No
8806526278	Seamless Carbon Pipe 4 inch (Plant-Chakan)	25-May	2256	2122	21	900	65	No
8806526278	Seamless Carbon Pipe 4 inch (Plant-Talegaon)	25-May	2019	2096	19	900	65	No
8806526278	Seamless Carbon Pipe 4 inch (Plant-Nashik)	25-May	2128	1356	16	900	65	No
8806526278	Seamless Carbon Pipe 4 inch (Plant-Aurangabad)	25-May	1699	1711	21	900	65	No
8806526278	Seamless Carbon Pipe 4 inch (Plant-Nagpur)	25-May	3036	2363	18	900	65	No
8806526278	Seamless Carbon Pipe 4 inch (Plant-Mumbai)	25-May	889	677	20	900	65	No
8806526278	Seamless Carbon Pipe 4 inch (Plant-Gujarat)	25-May	2977	1915	17	900	65	No
8806526278	Seamless Carbon Pipe 4 inch (Plant-Chennai)	25-May	1819	1717	20	900	65	No
8806526278	Seamless Carbon Pipe 4 inch (Plant-Bengaluru)	25-May	1678	1459	18	900	65	No
8806526278	Seamless Carbon Pipe 4 inch (Plant-Pune)	25-Jun	2958	3453	17	900	65	Yes
8806526278	Seamless Carbon Pipe 4 inch (Plant-Chakan)	25-Jun	801	925	17	900	65	No
8806526278	Seamless Carbon Pipe 4 inch (Plant-Talegaon)	25-Jun	2132	1956	16	900	65	No
8806526278	Seamless Carbon Pipe 4 inch (Plant-Nashik)	25-Jun	1800	1028	17	900	65	No
8806526278	Seamless Carbon Pipe 4 inch (Plant-Aurangabad)	25-Jun	1243	755	19	900	65	No
8806526278	Seamless Carbon Pipe 4 inch (Plant-Nagpur)	25-Jun	1527	1249	20	900	65	No
8806526278	Seamless Carbon Pipe 4 inch (Plant-Mumbai)	25-Jun	3080	3305	21	900	65	Yes
8806526278	Seamless Carbon Pipe 4 inch (Plant-Gujarat)	25-Jun	2440	1359	16	900	65	No
8806526278	Seamless Carbon Pipe 4 inch (Plant-Chennai)	25-Jun	2796	2991	21	900	65	Yes
8806526278	Seamless Carbon Pipe 4 inch (Plant-Bengaluru)	25-Jun	2187	2339	18	900	65	No
8806526278	Seamless Carbon Pipe 4 inch (Plant-Pune)	25-Jul	1142	727	21	900	65	No
8806526278	Seamless Carbon Pipe 4 inch (Plant-Chakan)	25-Jul	834	700	16	900	65	No
8806526278	Seamless Carbon Pipe 4 inch (Plant-Talegaon)	25-Jul	1282	847	17	900	65	No
8806526278	Seamless Carbon Pipe 4 inch (Plant-Nashik)	25-Jul	1970	2302	18	900	65	Yes
8806526278	Seamless Carbon Pipe 4 inch (Plant-Aurangabad)	25-Jul	3143	1893	20	900	65	No
8806526278	Seamless Carbon Pipe 4 inch (Plant-Nagpur)	25-Jul	3030	2064	18	900	65	No
8806526278	Seamless Carbon Pipe 4 inch (Plant-Mumbai)	25-Jul	1931	1723	17	900	65	No
8806526278	Seamless Carbon Pipe 4 inch (Plant-Gujarat)	25-Jul	1366	843	19	900	65	No
8806526278	Seamless Carbon Pipe 4 inch (Plant-Chennai)	25-Jul	2307	1197	17	900	65	No
8806526278	Seamless Carbon Pipe 4 inch (Plant-Bengaluru)	25-Jul	3146	2624	20	900	65	No
8806526278	Seamless Carbon Pipe 4 inch (Plant-Pune)	25-Aug	2217	1434	18	900	65	No
8806526278	Seamless Carbon Pipe 4 inch (Plant-Chakan)	25-Aug	2111	1715	16	900	65	No
8806526278	Seamless Carbon Pipe 4 inch (Plant-Talegaon)	25-Aug	1868	975	16	900	65	No
8806526278	Seamless Carbon Pipe 4 inch (Plant-Nashik)	25-Aug	963	1052	17	900	65	No
8806526278	Seamless Carbon Pipe 4 inch (Plant-Aurangabad)	25-Aug	2677	1527	20	900	65	No
8806526278	Seamless Carbon Pipe 4 inch (Plant-Nagpur)	25-Aug	2451	1511	18	900	65	No
8806526278	Seamless Carbon Pipe 4 inch (Plant-Mumbai)	25-Aug	1575	1842	18	900	65	Yes
8806526278	Seamless Carbon Pipe 4 inch (Plant-Gujarat)	25-Aug	1563	1155	20	900	65	No
8806526278	Seamless Carbon Pipe 4 inch (Plant-Chennai)	25-Aug	2126	2393	19	900	65	Yes
8806526278	Seamless Carbon Pipe 4 inch (Plant-Bengaluru)	25-Aug	1355	1164	20	900	65	No
8806526278	Seamless Carbon Pipe 4 inch (Plant-Pune)	25-Sep	2086	1534	19	900	65	No
8806526278	Seamless Carbon Pipe 4 inch (Plant-Chakan)	25-Sep	1947	1142	21	900	65	No
8806526278	Seamless Carbon Pipe 4 inch (Plant-Talegaon)	25-Sep	2467	2497	16	900	65	No
8806526278	Seamless Carbon Pipe 4 inch (Plant-Nashik)	25-Sep	1460	1232	18	900	65	No
8806526278	Seamless Carbon Pipe 4 inch (Plant-Aurangabad)	25-Sep	3078	2375	16	900	65	No
8806526278	Seamless Carbon Pipe 4 inch (Plant-Nagpur)	25-Sep	2354	1447	21	900	65	No
8806526278	Seamless Carbon Pipe 4 inch (Plant-Mumbai)	25-Sep	2004	2137	21	900	65	No
8806526278	Seamless Carbon Pipe 4 inch (Plant-Gujarat)	25-Sep	1862	1745	18	900	65	No
8806526278	Seamless Carbon Pipe 4 inch (Plant-Chennai)	25-Sep	2879	2633	16	900	65	No
8806526278	Seamless Carbon Pipe 4 inch (Plant-Bengaluru)	25-Sep	1950	2061	20	900	65	No
8806526278	Seamless Carbon Pipe 4 inch (Plant-Pune)	25-Oct	1422	958	19	900	65	No
8806526278	Seamless Carbon Pipe 4 inch (Plant-Chakan)	25-Oct	1218	845	18	900	65	No
8806526278	Seamless Carbon Pipe 4 inch (Plant-Talegaon)	25-Oct	2971	3077	18	900	65	No
8806526278	Seamless Carbon Pipe 4 inch (Plant-Nashik)	25-Oct	2891	1591	20	900	65	No
8806526278	Seamless Carbon Pipe 4 inch (Plant-Aurangabad)	25-Oct	1449	1364	17	900	65	No
8806526278	Seamless Carbon Pipe 4 inch (Plant-Nagpur)	25-Oct	2043	1864	18	900	65	No
8806526278	Seamless Carbon Pipe 4 inch (Plant-Mumbai)	25-Oct	1895	1036	17	900	65	No
8806526278	Seamless Carbon Pipe 4 inch (Plant-Gujarat)	25-Oct	1210	874	20	900	65	No
8806526278	Seamless Carbon Pipe 4 inch (Plant-Chennai)	25-Oct	817	676	16	900	65	No
8806526278	Seamless Carbon Pipe 4 inch (Plant-Bengaluru)	25-Oct	737	412	18	900	65	No
8806526278	Seamless Carbon Pipe 4 inch (Plant-Pune)	25-Nov	1757	1223	19	900	65	No
8806526278	Seamless Carbon Pipe 4 inch (Plant-Chakan)	25-Nov	841	944	19	900	65	No
8806526278	Seamless Carbon Pipe 4 inch (Plant-Talegaon)	25-Nov	1425	1458	20	900	65	No
8806526278	Seamless Carbon Pipe 4 inch (Plant-Nashik)	25-Nov	1043	748	16	900	65	No
8806526278	Seamless Carbon Pipe 4 inch (Plant-Aurangabad)	25-Nov	2615	2315	20	900	65	No
8806526278	Seamless Carbon Pipe 4 inch (Plant-Nagpur)	25-Nov	1841	1869	16	900	65	No
8806526278	Seamless Carbon Pipe 4 inch (Plant-Mumbai)	25-Nov	2485	2467	17	900	65	No
8806526278	Seamless Carbon Pipe 4 inch (Plant-Gujarat)	25-Nov	2099	1135	21	900	65	No
8806526278	Seamless Carbon Pipe 4 inch (Plant-Chennai)	25-Nov	790	953	20	900	65	No
8806526278	Seamless Carbon Pipe 4 inch (Plant-Bengaluru)	25-Nov	1368	1305	19	900	65	No
8806526278	Seamless Carbon Pipe 4 inch (Plant-Pune)	25-Dec	2000	1173	16	900	65	No
8806526278	Seamless Carbon Pipe 4 inch (Plant-Chakan)	25-Dec	2058	2460	21	900	65	Yes
8806526278	Seamless Carbon Pipe 4 inch (Plant-Talegaon)	25-Dec	1069	690	20	900	65	No
8806526278	Seamless Carbon Pipe 4 inch (Plant-Nashik)	25-Dec	1302	726	17	900	65	No
8806526278	Seamless Carbon Pipe 4 inch (Plant-Aurangabad)	25-Dec	1991	2333	19	900	65	Yes
8806526278	Seamless Carbon Pipe 4 inch (Plant-Nagpur)	25-Dec	845	826	16	900	65	No
8806526278	Seamless Carbon Pipe 4 inch (Plant-Mumbai)	25-Dec	2412	2731	20	900	65	Yes
8806526278	Seamless Carbon Pipe 4 inch (Plant-Gujarat)	25-Dec	2825	2292	21	900	65	No
8806526278	Seamless Carbon Pipe 4 inch (Plant-Chennai)	25-Dec	3143	2550	19	900	65	No
8806526278	Seamless Carbon Pipe 4 inch (Plant-Bengaluru)	25-Dec	2424	1826	20	900	65	No
8806526278	Seamless Carbon Pipe 4 inch (Plant-Pune)	26-Jan	1885	1392	20	900	65	No
8806526278	Seamless Carbon Pipe 4 inch (Plant-Chakan)	26-Jan	804	871	20	900	65	No
8806526278	Seamless Carbon Pipe 4 inch (Plant-Talegaon)	26-Jan	2274	1772	19	900	65	No
8806526278	Seamless Carbon Pipe 4 inch (Plant-Nashik)	26-Jan	1033	643	18	900	65	No
8806526278	Seamless Carbon Pipe 4 inch (Plant-Aurangabad)	26-Jan	977	1016	21	900	65	No
8806526278	Seamless Carbon Pipe 4 inch (Plant-Nagpur)	26-Jan	3005	1766	16	900	65	No
8806526278	Seamless Carbon Pipe 4 inch (Plant-Mumbai)	26-Jan	2086	2030	17	900	65	No
8806526278	Seamless Carbon Pipe 4 inch (Plant-Gujarat)	26-Jan	1263	1155	17	900	65	No
8806526278	Seamless Carbon Pipe 4 inch (Plant-Chennai)	26-Jan	3129	2652	20	900	65	No
8806526278	Seamless Carbon Pipe 4 inch (Plant-Bengaluru)	26-Jan	3014	2249	16	900	65	No
8806526278	Seamless Carbon Pipe 4 inch (Plant-Pune)	26-Feb	3009	2808	16	900	65	No
8806526278	Seamless Carbon Pipe 4 inch (Plant-Chakan)	26-Feb	2461	2770	21	900	65	Yes
8806526278	Seamless Carbon Pipe 4 inch (Plant-Talegaon)	26-Feb	1502	1450	17	900	65	No
8806526278	Seamless Carbon Pipe 4 inch (Plant-Nashik)	26-Feb	1973	2365	16	900	65	Yes
8806526278	Seamless Carbon Pipe 4 inch (Plant-Aurangabad)	26-Feb	2777	2736	21	900	65	No
8806526278	Seamless Carbon Pipe 4 inch (Plant-Nagpur)	26-Feb	773	920	20	900	65	No
8806526278	Seamless Carbon Pipe 4 inch (Plant-Mumbai)	26-Feb	3072	1595	16	900	65	No
8806526278	Seamless Carbon Pipe 4 inch (Plant-Gujarat)	26-Feb	1072	717	21	900	65	No
8806526278	Seamless Carbon Pipe 4 inch (Plant-Chennai)	26-Feb	1930	1784	21	900	65	No
8806526278	Seamless Carbon Pipe 4 inch (Plant-Bengaluru)	26-Feb	1914	1878	17	900	65	No
8806526278	Seamless Carbon Pipe 4 inch (Plant-Pune)	26-Mar	2806	2881	19	900	65	No
8806526278	Seamless Carbon Pipe 4 inch (Plant-Chakan)	26-Mar	2285	1336	21	900	65	No
8806526278	Seamless Carbon Pipe 4 inch (Plant-Talegaon)	26-Mar	2105	2548	19	900	65	Yes
8806526278	Seamless Carbon Pipe 4 inch (Plant-Nashik)	26-Mar	2848	2858	18	900	65	No
8806526278	Seamless Carbon Pipe 4 inch (Plant-Aurangabad)	26-Mar	2362	2615	18	900	65	Yes
8806526278	Seamless Carbon Pipe 4 inch (Plant-Nagpur)	26-Mar	2674	2661	21	900	65	No
8806526278	Seamless Carbon Pipe 4 inch (Plant-Mumbai)	26-Mar	2343	1509	20	900	65	No
8806526278	Seamless Carbon Pipe 4 inch (Plant-Gujarat)	26-Mar	2977	3374	18	900	65	Yes
8806526278	Seamless Carbon Pipe 4 inch (Plant-Chennai)	26-Mar	2737	1833	17	900	65	No
8806526278	Seamless Carbon Pipe 4 inch (Plant-Bengaluru)	26-Mar	2753	1879	16	900	65	No
8806526278	Seamless Carbon Pipe 4 inch (Plant-Pune)	26-Apr	2808	1891	20	900	65	No
8806526278	Seamless Carbon Pipe 4 inch (Plant-Chakan)	26-Apr	1769	1508	16	900	65	No
8806526278	Seamless Carbon Pipe 4 inch (Plant-Talegaon)	26-Apr	2322	1798	19	900	65	No
8806526278	Seamless Carbon Pipe 4 inch (Plant-Nashik)	26-Apr	2490	2012	17	900	65	No
8806526278	Seamless Carbon Pipe 4 inch (Plant-Aurangabad)	26-Apr	2152	1393	18	900	65	No
8806526278	Seamless Carbon Pipe 4 inch (Plant-Nagpur)	26-Apr	1286	1517	16	900	65	Yes
8806526278	Seamless Carbon Pipe 4 inch (Plant-Mumbai)	26-Apr	1993	1106	21	900	65	No
8806526278	Seamless Carbon Pipe 4 inch (Plant-Gujarat)	26-Apr	2768	1448	16	900	65	No
8806526278	Seamless Carbon Pipe 4 inch (Plant-Chennai)	26-Apr	2615	1434	16	900	65	No
8806526278	Seamless Carbon Pipe 4 inch (Plant-Bengaluru)	26-Apr	1070	1112	16	900	65	No
8806526278	Seamless Carbon Pipe 4 inch (Plant-Pune)	26-May	966	916	17	900	65	No
8806526278	Seamless Carbon Pipe 4 inch (Plant-Chakan)	26-May	2587	2582	20	900	65	No
8806526278	Seamless Carbon Pipe 4 inch (Plant-Talegaon)	26-May	1311	730	21	900	65	No
8806526278	Seamless Carbon Pipe 4 inch (Plant-Nashik)	26-May	2582	2857	20	900	65	Yes
8806526278	Seamless Carbon Pipe 4 inch (Plant-Aurangabad)	26-May	941	572	17	900	65	No
8806526278	Seamless Carbon Pipe 4 inch (Plant-Nagpur)	26-May	2202	2488	17	900	65	Yes
8806526278	Seamless Carbon Pipe 4 inch (Plant-Mumbai)	26-May	2227	2464	19	900	65	Yes
8806526278	Seamless Carbon Pipe 4 inch (Plant-Gujarat)	26-May	2414	1745	21	900	65	No
8806526278	Seamless Carbon Pipe 4 inch (Plant-Chennai)	26-May	1469	1392	16	900	65	No
8806526278	Seamless Carbon Pipe 4 inch (Plant-Bengaluru)	26-May	1076	1301	21	900	65	Yes
8806526278	Seamless Carbon Pipe 4 inch (Plant-Pune)	26-Jun	1517	1504	17	900	65	No
8806526278	Seamless Carbon Pipe 4 inch (Plant-Chakan)	26-Jun	2418	1400	21	900	65	No
8806526278	Seamless Carbon Pipe 4 inch (Plant-Talegaon)	26-Jun	1818	2237	16	900	65	Yes
8806526278	Seamless Carbon Pipe 4 inch (Plant-Nashik)	26-Jun	3012	3321	20	900	65	Yes
8806526278	Seamless Carbon Pipe 4 inch (Plant-Aurangabad)	26-Jun	2865	3526	17	900	65	Yes
8806526278	Seamless Carbon Pipe 4 inch (Plant-Nagpur)	26-Jun	2149	1231	20	900	65	No
8806526278	Seamless Carbon Pipe 4 inch (Plant-Mumbai)	26-Jun	1100	1216	19	900	65	No
8806526278	Seamless Carbon Pipe 4 inch (Plant-Gujarat)	26-Jun	863	700	20	900	65	No
8806526278	Seamless Carbon Pipe 4 inch (Plant-Chennai)	26-Jun	1300	1456	16	900	65	No
8806526278	Seamless Carbon Pipe 4 inch (Plant-Bengaluru)	26-Jun	2836	1573	18	900	65	No
8806526279	Industrial Copper Wire 10mm (Plant-Pune)	25-Jan	6826	6720	10	2500	25	No
8806526279	Industrial Copper Wire 10mm (Plant-Chakan)	25-Jan	3544	4347	11	2500	25	Yes
8806526279	Industrial Copper Wire 10mm (Plant-Talegaon)	25-Jan	7674	9330	9	2500	25	Yes
8806526279	Industrial Copper Wire 10mm (Plant-Nashik)	25-Jan	6401	7355	10	2500	25	Yes
8806526279	Industrial Copper Wire 10mm (Plant-Aurangabad)	25-Jan	2032	2456	8	2500	25	No
8806526279	Industrial Copper Wire 10mm (Plant-Nagpur)	25-Jan	6978	6960	13	2500	25	No
8806526279	Industrial Copper Wire 10mm (Plant-Mumbai)	25-Jan	3954	3707	12	2500	25	No
8806526279	Industrial Copper Wire 10mm (Plant-Gujarat)	25-Jan	5233	4721	10	2500	25	No
8806526279	Industrial Copper Wire 10mm (Plant-Chennai)	25-Jan	3167	2820	9	2500	25	No
8806526279	Industrial Copper Wire 10mm (Plant-Bengaluru)	25-Jan	5332	4893	11	2500	25	No
8806526279	Industrial Copper Wire 10mm (Plant-Pune)	25-Feb	2801	1620	8	2500	25	No
8806526279	Industrial Copper Wire 10mm (Plant-Chakan)	25-Feb	3990	2000	10	2500	25	No
8806526279	Industrial Copper Wire 10mm (Plant-Talegaon)	25-Feb	7360	8049	11	2500	25	Yes
8806526279	Industrial Copper Wire 10mm (Plant-Nashik)	25-Feb	7373	4371	8	2500	25	No
8806526279	Industrial Copper Wire 10mm (Plant-Aurangabad)	25-Feb	2988	3702	13	2500	25	Yes
8806526279	Industrial Copper Wire 10mm (Plant-Nagpur)	25-Feb	3256	2110	11	2500	25	No
8806526279	Industrial Copper Wire 10mm (Plant-Mumbai)	25-Feb	5906	5091	12	2500	25	No
8806526279	Industrial Copper Wire 10mm (Plant-Gujarat)	25-Feb	2543	2939	11	2500	25	No
8806526279	Industrial Copper Wire 10mm (Plant-Chennai)	25-Feb	4515	2447	13	2500	25	No
8806526279	Industrial Copper Wire 10mm (Plant-Bengaluru)	25-Feb	6814	4978	11	2500	25	No
8806526279	Industrial Copper Wire 10mm (Plant-Pune)	25-Mar	5758	3419	9	2500	25	No
8806526279	Industrial Copper Wire 10mm (Plant-Chakan)	25-Mar	8697	6814	12	2500	25	No
8806526279	Industrial Copper Wire 10mm (Plant-Talegaon)	25-Mar	7591	5305	10	2500	25	No
8806526279	Industrial Copper Wire 10mm (Plant-Nashik)	25-Mar	2837	2838	8	2500	25	No
8806526279	Industrial Copper Wire 10mm (Plant-Aurangabad)	25-Mar	4559	5420	9	2500	25	Yes
8806526279	Industrial Copper Wire 10mm (Plant-Nagpur)	25-Mar	4580	5648	12	2500	25	Yes
8806526279	Industrial Copper Wire 10mm (Plant-Mumbai)	25-Mar	2705	2895	12	2500	25	No
8806526279	Industrial Copper Wire 10mm (Plant-Gujarat)	25-Mar	8011	7903	8	2500	25	No
8806526279	Industrial Copper Wire 10mm (Plant-Chennai)	25-Mar	3235	2929	9	2500	25	No
8806526279	Industrial Copper Wire 10mm (Plant-Bengaluru)	25-Mar	4762	3905	8	2500	25	No
8806526279	Industrial Copper Wire 10mm (Plant-Pune)	25-Apr	6975	8249	13	2500	25	Yes
8806526279	Industrial Copper Wire 10mm (Plant-Chakan)	25-Apr	2430	1857	11	2500	25	No
8806526279	Industrial Copper Wire 10mm (Plant-Talegaon)	25-Apr	5109	5982	9	2500	25	Yes
8806526279	Industrial Copper Wire 10mm (Plant-Nashik)	25-Apr	2946	1827	11	2500	25	No
8806526279	Industrial Copper Wire 10mm (Plant-Aurangabad)	25-Apr	6646	4296	11	2500	25	No
8806526279	Industrial Copper Wire 10mm (Plant-Nagpur)	25-Apr	2125	1270	10	2500	25	No
8806526279	Industrial Copper Wire 10mm (Plant-Mumbai)	25-Apr	7589	3989	9	2500	25	No
8806526279	Industrial Copper Wire 10mm (Plant-Gujarat)	25-Apr	6588	3955	10	2500	25	No
8806526279	Industrial Copper Wire 10mm (Plant-Chennai)	25-Apr	7875	9454	9	2500	25	Yes
8806526279	Industrial Copper Wire 10mm (Plant-Bengaluru)	25-Apr	6483	4684	8	2500	25	No
8806526279	Industrial Copper Wire 10mm (Plant-Pune)	25-May	8137	8781	11	2500	25	Yes
8806526279	Industrial Copper Wire 10mm (Plant-Chakan)	25-May	6182	5940	10	2500	25	No
8806526279	Industrial Copper Wire 10mm (Plant-Talegaon)	25-May	7524	5614	12	2500	25	No
8806526279	Industrial Copper Wire 10mm (Plant-Nashik)	25-May	6606	3538	12	2500	25	No
8806526279	Industrial Copper Wire 10mm (Plant-Aurangabad)	25-May	3227	2662	8	2500	25	No
8806526279	Industrial Copper Wire 10mm (Plant-Nagpur)	25-May	7475	4715	8	2500	25	No
8806526279	Industrial Copper Wire 10mm (Plant-Mumbai)	25-May	5978	4408	11	2500	25	No
8806526279	Industrial Copper Wire 10mm (Plant-Gujarat)	25-May	6593	6892	11	2500	25	No
8806526279	Industrial Copper Wire 10mm (Plant-Chennai)	25-May	3738	3854	10	2500	25	No
8806526279	Industrial Copper Wire 10mm (Plant-Bengaluru)	25-May	8528	9695	10	2500	25	Yes
8806526279	Industrial Copper Wire 10mm (Plant-Pune)	25-Jun	3694	3129	10	2500	25	No
8806526279	Industrial Copper Wire 10mm (Plant-Chakan)	25-Jun	2170	1512	9	2500	25	No
8806526279	Industrial Copper Wire 10mm (Plant-Talegaon)	25-Jun	6696	5781	8	2500	25	No
8806526279	Industrial Copper Wire 10mm (Plant-Nashik)	25-Jun	3016	1726	8	2500	25	No
8806526279	Industrial Copper Wire 10mm (Plant-Aurangabad)	25-Jun	8565	8435	9	2500	25	No
8806526279	Industrial Copper Wire 10mm (Plant-Nagpur)	25-Jun	8684	6632	9	2500	25	No
8806526279	Industrial Copper Wire 10mm (Plant-Mumbai)	25-Jun	8743	9349	9	2500	25	Yes
8806526279	Industrial Copper Wire 10mm (Plant-Gujarat)	25-Jun	8647	7717	11	2500	25	No
8806526279	Industrial Copper Wire 10mm (Plant-Chennai)	25-Jun	7248	3769	8	2500	25	No
8806526279	Industrial Copper Wire 10mm (Plant-Bengaluru)	25-Jun	4393	4766	12	2500	25	No
8806526279	Industrial Copper Wire 10mm (Plant-Pune)	25-Jul	3295	2835	11	2500	25	No
8806526279	Industrial Copper Wire 10mm (Plant-Chakan)	25-Jul	5632	5873	12	2500	25	No
8806526279	Industrial Copper Wire 10mm (Plant-Talegaon)	25-Jul	5593	6388	12	2500	25	Yes
8806526279	Industrial Copper Wire 10mm (Plant-Nashik)	25-Jul	8675	6804	13	2500	25	No
8806526279	Industrial Copper Wire 10mm (Plant-Aurangabad)	25-Jul	7128	8240	9	2500	25	Yes
8806526279	Industrial Copper Wire 10mm (Plant-Nagpur)	25-Jul	4898	4519	12	2500	25	No
8806526279	Industrial Copper Wire 10mm (Plant-Mumbai)	25-Jul	6613	7052	8	2500	25	No
8806526279	Industrial Copper Wire 10mm (Plant-Gujarat)	25-Jul	2992	2255	10	2500	25	No
8806526279	Industrial Copper Wire 10mm (Plant-Chennai)	25-Jul	3145	2880	8	2500	25	No
8806526279	Industrial Copper Wire 10mm (Plant-Bengaluru)	25-Jul	3288	3089	8	2500	25	No
8806526279	Industrial Copper Wire 10mm (Plant-Pune)	25-Aug	2144	2276	10	2500	25	No
8806526279	Industrial Copper Wire 10mm (Plant-Chakan)	25-Aug	5029	5293	13	2500	25	No
8806526279	Industrial Copper Wire 10mm (Plant-Talegaon)	25-Aug	2068	1667	11	2500	25	No
8806526279	Industrial Copper Wire 10mm (Plant-Nashik)	25-Aug	4638	5567	13	2500	25	Yes
8806526279	Industrial Copper Wire 10mm (Plant-Aurangabad)	25-Aug	5447	4216	11	2500	25	No
8806526279	Industrial Copper Wire 10mm (Plant-Nagpur)	25-Aug	4464	3985	10	2500	25	No
8806526279	Industrial Copper Wire 10mm (Plant-Mumbai)	25-Aug	6478	5047	11	2500	25	No
8806526279	Industrial Copper Wire 10mm (Plant-Gujarat)	25-Aug	7010	7623	11	2500	25	Yes
8806526279	Industrial Copper Wire 10mm (Plant-Chennai)	25-Aug	5966	4311	10	2500	25	No
8806526279	Industrial Copper Wire 10mm (Plant-Bengaluru)	25-Aug	2364	1944	13	2500	25	No
8806526279	Industrial Copper Wire 10mm (Plant-Pune)	25-Sep	6047	5658	13	2500	25	No
8806526279	Industrial Copper Wire 10mm (Plant-Chakan)	25-Sep	4525	2354	13	2500	25	No
8806526279	Industrial Copper Wire 10mm (Plant-Talegaon)	25-Sep	7545	5558	12	2500	25	No
8806526279	Industrial Copper Wire 10mm (Plant-Nashik)	25-Sep	5244	6356	11	2500	25	Yes
8806526279	Industrial Copper Wire 10mm (Plant-Aurangabad)	25-Sep	8111	7489	8	2500	25	No
8806526279	Industrial Copper Wire 10mm (Plant-Nagpur)	25-Sep	5809	3342	9	2500	25	No
8806526279	Industrial Copper Wire 10mm (Plant-Mumbai)	25-Sep	7836	7309	11	2500	25	No
8806526279	Industrial Copper Wire 10mm (Plant-Gujarat)	25-Sep	3021	2310	10	2500	25	No
8806526279	Industrial Copper Wire 10mm (Plant-Chennai)	25-Sep	4313	4593	11	2500	25	No
8806526279	Industrial Copper Wire 10mm (Plant-Bengaluru)	25-Sep	8318	7438	9	2500	25	No
8806526279	Industrial Copper Wire 10mm (Plant-Pune)	25-Oct	2567	2976	8	2500	25	No
8806526279	Industrial Copper Wire 10mm (Plant-Chakan)	25-Oct	2727	2559	11	2500	25	No
8806526279	Industrial Copper Wire 10mm (Plant-Talegaon)	25-Oct	2444	3039	8	2500	25	Yes
8806526279	Industrial Copper Wire 10mm (Plant-Nashik)	25-Oct	7574	7550	12	2500	25	No
8806526279	Industrial Copper Wire 10mm (Plant-Aurangabad)	25-Oct	3142	1952	11	2500	25	No
8806526279	Industrial Copper Wire 10mm (Plant-Nagpur)	25-Oct	6333	5060	10	2500	25	No
8806526279	Industrial Copper Wire 10mm (Plant-Mumbai)	25-Oct	3945	4714	12	2500	25	Yes
8806526279	Industrial Copper Wire 10mm (Plant-Gujarat)	25-Oct	7714	9545	9	2500	25	Yes
8806526279	Industrial Copper Wire 10mm (Plant-Chennai)	25-Oct	6710	7667	12	2500	25	Yes
8806526279	Industrial Copper Wire 10mm (Plant-Bengaluru)	25-Oct	2626	2438	13	2500	25	No
8806526279	Industrial Copper Wire 10mm (Plant-Pune)	25-Nov	5985	5000	13	2500	25	No
8806526279	Industrial Copper Wire 10mm (Plant-Chakan)	25-Nov	7468	7844	8	2500	25	No
8806526279	Industrial Copper Wire 10mm (Plant-Talegaon)	25-Nov	4537	5646	12	2500	25	Yes
8806526279	Industrial Copper Wire 10mm (Plant-Nashik)	25-Nov	3061	3109	8	2500	25	No
8806526279	Industrial Copper Wire 10mm (Plant-Aurangabad)	25-Nov	3828	4234	9	2500	25	No
8806526279	Industrial Copper Wire 10mm (Plant-Nagpur)	25-Nov	3048	2179	9	2500	25	No
8806526279	Industrial Copper Wire 10mm (Plant-Mumbai)	25-Nov	5261	3346	9	2500	25	No
8806526279	Industrial Copper Wire 10mm (Plant-Gujarat)	25-Nov	7461	7496	12	2500	25	No
8806526279	Industrial Copper Wire 10mm (Plant-Chennai)	25-Nov	2861	1744	12	2500	25	No
8806526279	Industrial Copper Wire 10mm (Plant-Bengaluru)	25-Nov	3557	2524	9	2500	25	No
8806526279	Industrial Copper Wire 10mm (Plant-Pune)	25-Dec	6520	4616	9	2500	25	No
8806526279	Industrial Copper Wire 10mm (Plant-Chakan)	25-Dec	3330	3497	9	2500	25	No
8806526279	Industrial Copper Wire 10mm (Plant-Talegaon)	25-Dec	3004	3172	9	2500	25	No
8806526279	Industrial Copper Wire 10mm (Plant-Nashik)	25-Dec	4074	2627	12	2500	25	No
8806526279	Industrial Copper Wire 10mm (Plant-Aurangabad)	25-Dec	7294	6777	12	2500	25	No
8806526279	Industrial Copper Wire 10mm (Plant-Nagpur)	25-Dec	2983	2015	10	2500	25	No
8806526279	Industrial Copper Wire 10mm (Plant-Mumbai)	25-Dec	8707	5161	9	2500	25	No
8806526279	Industrial Copper Wire 10mm (Plant-Gujarat)	25-Dec	3715	3876	11	2500	25	No
8806526279	Industrial Copper Wire 10mm (Plant-Chennai)	25-Dec	4370	4815	11	2500	25	No
8806526279	Industrial Copper Wire 10mm (Plant-Bengaluru)	25-Dec	5380	4105	9	2500	25	No
8806526279	Industrial Copper Wire 10mm (Plant-Pune)	26-Jan	3678	2908	9	2500	25	No
8806526279	Industrial Copper Wire 10mm (Plant-Chakan)	26-Jan	5102	5186	8	2500	25	No
8806526279	Industrial Copper Wire 10mm (Plant-Talegaon)	26-Jan	7846	5906	11	2500	25	No
8806526279	Industrial Copper Wire 10mm (Plant-Nashik)	26-Jan	5594	4204	12	2500	25	No
8806526279	Industrial Copper Wire 10mm (Plant-Aurangabad)	26-Jan	7947	4127	10	2500	25	No
8806526279	Industrial Copper Wire 10mm (Plant-Nagpur)	26-Jan	5749	4091	12	2500	25	No
8806526279	Industrial Copper Wire 10mm (Plant-Mumbai)	26-Jan	5699	4056	10	2500	25	No
8806526279	Industrial Copper Wire 10mm (Plant-Gujarat)	26-Jan	5012	5543	13	2500	25	Yes
8806526279	Industrial Copper Wire 10mm (Plant-Chennai)	26-Jan	7967	4934	12	2500	25	No
8806526279	Industrial Copper Wire 10mm (Plant-Bengaluru)	26-Jan	3673	4291	8	2500	25	Yes
8806526279	Industrial Copper Wire 10mm (Plant-Pune)	26-Feb	6841	4989	12	2500	25	No
8806526279	Industrial Copper Wire 10mm (Plant-Chakan)	26-Feb	2174	1742	8	2500	25	No
8806526279	Industrial Copper Wire 10mm (Plant-Talegaon)	26-Feb	5057	4648	8	2500	25	No
8806526279	Industrial Copper Wire 10mm (Plant-Nashik)	26-Feb	3667	3455	11	2500	25	No
8806526279	Industrial Copper Wire 10mm (Plant-Aurangabad)	26-Feb	6054	4901	12	2500	25	No
8806526279	Industrial Copper Wire 10mm (Plant-Nagpur)	26-Feb	8482	6147	11	2500	25	No
8806526279	Industrial Copper Wire 10mm (Plant-Mumbai)	26-Feb	5776	2942	9	2500	25	No
8806526279	Industrial Copper Wire 10mm (Plant-Gujarat)	26-Feb	7669	9067	12	2500	25	Yes
8806526279	Industrial Copper Wire 10mm (Plant-Chennai)	26-Feb	6292	4466	11	2500	25	No
8806526279	Industrial Copper Wire 10mm (Plant-Bengaluru)	26-Feb	6006	7092	8	2500	25	Yes
8806526279	Industrial Copper Wire 10mm (Plant-Pune)	26-Mar	2826	2268	11	2500	25	No
8806526279	Industrial Copper Wire 10mm (Plant-Chakan)	26-Mar	6035	4381	13	2500	25	No
8806526279	Industrial Copper Wire 10mm (Plant-Talegaon)	26-Mar	6230	3251	12	2500	25	No
8806526279	Industrial Copper Wire 10mm (Plant-Nashik)	26-Mar	3449	1951	9	2500	25	No
8806526279	Industrial Copper Wire 10mm (Plant-Aurangabad)	26-Mar	8130	6108	13	2500	25	No
8806526279	Industrial Copper Wire 10mm (Plant-Nagpur)	26-Mar	3802	2168	10	2500	25	No
8806526279	Industrial Copper Wire 10mm (Plant-Mumbai)	26-Mar	3535	3134	9	2500	25	No
8806526279	Industrial Copper Wire 10mm (Plant-Gujarat)	26-Mar	6284	4966	10	2500	25	No
8806526279	Industrial Copper Wire 10mm (Plant-Chennai)	26-Mar	7015	4233	11	2500	25	No
8806526279	Industrial Copper Wire 10mm (Plant-Bengaluru)	26-Mar	3784	3971	8	2500	25	No
8806526279	Industrial Copper Wire 10mm (Plant-Pune)	26-Apr	3065	3595	11	2500	25	Yes
8806526279	Industrial Copper Wire 10mm (Plant-Chakan)	26-Apr	4258	2145	11	2500	25	No
8806526279	Industrial Copper Wire 10mm (Plant-Talegaon)	26-Apr	5926	5057	11	2500	25	No
8806526279	Industrial Copper Wire 10mm (Plant-Nashik)	26-Apr	7757	5909	12	2500	25	No
8806526279	Industrial Copper Wire 10mm (Plant-Aurangabad)	26-Apr	3421	2047	13	2500	25	No
8806526279	Industrial Copper Wire 10mm (Plant-Nagpur)	26-Apr	7772	6734	8	2500	25	No
8806526279	Industrial Copper Wire 10mm (Plant-Mumbai)	26-Apr	5325	4229	13	2500	25	No
8806526279	Industrial Copper Wire 10mm (Plant-Gujarat)	26-Apr	8675	6218	13	2500	25	No
8806526279	Industrial Copper Wire 10mm (Plant-Chennai)	26-Apr	7519	8234	12	2500	25	Yes
8806526279	Industrial Copper Wire 10mm (Plant-Bengaluru)	26-Apr	4603	4380	12	2500	25	No
8806526279	Industrial Copper Wire 10mm (Plant-Pune)	26-May	4716	4098	11	2500	25	No
8806526279	Industrial Copper Wire 10mm (Plant-Chakan)	26-May	4819	5701	12	2500	25	Yes
8806526279	Industrial Copper Wire 10mm (Plant-Talegaon)	26-May	3274	3636	8	2500	25	No
8806526279	Industrial Copper Wire 10mm (Plant-Nashik)	26-May	6207	5238	11	2500	25	No
8806526279	Industrial Copper Wire 10mm (Plant-Aurangabad)	26-May	2561	3166	10	2500	25	Yes
8806526279	Industrial Copper Wire 10mm (Plant-Nagpur)	26-May	5585	2998	9	2500	25	No
8806526279	Industrial Copper Wire 10mm (Plant-Mumbai)	26-May	6586	4552	8	2500	25	No
8806526279	Industrial Copper Wire 10mm (Plant-Gujarat)	26-May	3975	2377	12	2500	25	No
8806526279	Industrial Copper Wire 10mm (Plant-Chennai)	26-May	6042	5616	13	2500	25	No
8806526279	Industrial Copper Wire 10mm (Plant-Bengaluru)	26-May	8195	9472	12	2500	25	Yes
8806526279	Industrial Copper Wire 10mm (Plant-Pune)	26-Jun	5421	3436	12	2500	25	No
8806526279	Industrial Copper Wire 10mm (Plant-Chakan)	26-Jun	3098	1976	11	2500	25	No
8806526279	Industrial Copper Wire 10mm (Plant-Talegaon)	26-Jun	5378	4227	13	2500	25	No
8806526279	Industrial Copper Wire 10mm (Plant-Nashik)	26-Jun	2491	2461	9	2500	25	No
8806526279	Industrial Copper Wire 10mm (Plant-Aurangabad)	26-Jun	8195	9287	13	2500	25	Yes
8806526279	Industrial Copper Wire 10mm (Plant-Nagpur)	26-Jun	6889	4680	11	2500	25	No
8806526279	Industrial Copper Wire 10mm (Plant-Mumbai)	26-Jun	5646	6945	13	2500	25	Yes
8806526279	Industrial Copper Wire 10mm (Plant-Gujarat)	26-Jun	5451	3354	12	2500	25	No
8806526279	Industrial Copper Wire 10mm (Plant-Chennai)	26-Jun	8659	9245	13	2500	25	Yes
8806526279	Industrial Copper Wire 10mm (Plant-Bengaluru)	26-Jun	4660	5631	10	2500	25	Yes
8806526280	Aluminum Alloy Sheet 6061 (Plant-Pune)	25-Jan	2057	2284	14	1000	70	Yes
8806526280	Aluminum Alloy Sheet 6061 (Plant-Chakan)	25-Jan	1919	2032	13	1000	70	No
8806526280	Aluminum Alloy Sheet 6061 (Plant-Talegaon)	25-Jan	1562	809	13	1000	70	No
8806526280	Aluminum Alloy Sheet 6061 (Plant-Nashik)	25-Jan	1261	1177	15	1000	70	No
8806526280	Aluminum Alloy Sheet 6061 (Plant-Aurangabad)	25-Jan	1401	1517	15	1000	70	No
8806526280	Aluminum Alloy Sheet 6061 (Plant-Nagpur)	25-Jan	1857	1449	12	1000	70	No
8806526280	Aluminum Alloy Sheet 6061 (Plant-Mumbai)	25-Jan	1256	1238	15	1000	70	No
8806526280	Aluminum Alloy Sheet 6061 (Plant-Gujarat)	25-Jan	3059	2499	13	1000	70	No
8806526280	Aluminum Alloy Sheet 6061 (Plant-Chennai)	25-Jan	2095	1281	17	1000	70	No
8806526280	Aluminum Alloy Sheet 6061 (Plant-Bengaluru)	25-Jan	2290	2633	13	1000	70	Yes
8806526280	Aluminum Alloy Sheet 6061 (Plant-Pune)	25-Feb	1278	926	16	1000	70	No
8806526280	Aluminum Alloy Sheet 6061 (Plant-Chakan)	25-Feb	1907	2079	15	1000	70	No
8806526280	Aluminum Alloy Sheet 6061 (Plant-Talegaon)	25-Feb	3156	2588	15	1000	70	No
8806526280	Aluminum Alloy Sheet 6061 (Plant-Nashik)	25-Feb	2954	1962	13	1000	70	No
8806526280	Aluminum Alloy Sheet 6061 (Plant-Aurangabad)	25-Feb	1412	723	14	1000	70	No
8806526280	Aluminum Alloy Sheet 6061 (Plant-Nagpur)	25-Feb	3399	3905	14	1000	70	Yes
8806526280	Aluminum Alloy Sheet 6061 (Plant-Mumbai)	25-Feb	1666	1384	12	1000	70	No
8806526280	Aluminum Alloy Sheet 6061 (Plant-Gujarat)	25-Feb	1796	1871	12	1000	70	No
8806526280	Aluminum Alloy Sheet 6061 (Plant-Chennai)	25-Feb	988	1221	12	1000	70	Yes
8806526280	Aluminum Alloy Sheet 6061 (Plant-Bengaluru)	25-Feb	1545	1737	15	1000	70	No
8806526280	Aluminum Alloy Sheet 6061 (Plant-Pune)	25-Mar	1332	1550	15	1000	70	Yes
8806526280	Aluminum Alloy Sheet 6061 (Plant-Chakan)	25-Mar	3117	2191	13	1000	70	No
8806526280	Aluminum Alloy Sheet 6061 (Plant-Talegaon)	25-Mar	2803	1773	13	1000	70	No
8806526280	Aluminum Alloy Sheet 6061 (Plant-Nashik)	25-Mar	2529	1909	15	1000	70	No
8806526280	Aluminum Alloy Sheet 6061 (Plant-Aurangabad)	25-Mar	2572	2143	12	1000	70	No
8806526280	Aluminum Alloy Sheet 6061 (Plant-Nagpur)	25-Mar	2298	2262	14	1000	70	No
8806526280	Aluminum Alloy Sheet 6061 (Plant-Mumbai)	25-Mar	2001	1374	12	1000	70	No
8806526280	Aluminum Alloy Sheet 6061 (Plant-Gujarat)	25-Mar	1461	1263	17	1000	70	No
8806526280	Aluminum Alloy Sheet 6061 (Plant-Chennai)	25-Mar	1561	1265	14	1000	70	No
8806526280	Aluminum Alloy Sheet 6061 (Plant-Bengaluru)	25-Mar	1940	1227	14	1000	70	No
8806526280	Aluminum Alloy Sheet 6061 (Plant-Pune)	25-Apr	2199	2092	13	1000	70	No
8806526280	Aluminum Alloy Sheet 6061 (Plant-Chakan)	25-Apr	1432	1161	12	1000	70	No
8806526280	Aluminum Alloy Sheet 6061 (Plant-Talegaon)	25-Apr	2175	1606	14	1000	70	No
8806526280	Aluminum Alloy Sheet 6061 (Plant-Nashik)	25-Apr	3197	3959	14	1000	70	Yes
8806526280	Aluminum Alloy Sheet 6061 (Plant-Aurangabad)	25-Apr	1197	1384	14	1000	70	No
8806526280	Aluminum Alloy Sheet 6061 (Plant-Nagpur)	25-Apr	3205	2252	15	1000	70	No
8806526280	Aluminum Alloy Sheet 6061 (Plant-Mumbai)	25-Apr	1546	1159	14	1000	70	No
8806526280	Aluminum Alloy Sheet 6061 (Plant-Gujarat)	25-Apr	1044	634	13	1000	70	No
8806526280	Aluminum Alloy Sheet 6061 (Plant-Chennai)	25-Apr	1487	1477	12	1000	70	No
8806526280	Aluminum Alloy Sheet 6061 (Plant-Bengaluru)	25-Apr	828	927	16	1000	70	No
8806526280	Aluminum Alloy Sheet 6061 (Plant-Pune)	25-May	1900	1074	15	1000	70	No
8806526280	Aluminum Alloy Sheet 6061 (Plant-Chakan)	25-May	2372	2731	17	1000	70	Yes
8806526280	Aluminum Alloy Sheet 6061 (Plant-Talegaon)	25-May	1779	1215	15	1000	70	No
8806526280	Aluminum Alloy Sheet 6061 (Plant-Nashik)	25-May	839	831	17	1000	70	No
8806526280	Aluminum Alloy Sheet 6061 (Plant-Aurangabad)	25-May	1179	1244	17	1000	70	No
8806526280	Aluminum Alloy Sheet 6061 (Plant-Nagpur)	25-May	952	1106	17	1000	70	No
8806526280	Aluminum Alloy Sheet 6061 (Plant-Mumbai)	25-May	1006	951	14	1000	70	No
8806526280	Aluminum Alloy Sheet 6061 (Plant-Gujarat)	25-May	2723	1477	12	1000	70	No
8806526280	Aluminum Alloy Sheet 6061 (Plant-Chennai)	25-May	1743	1327	15	1000	70	No
8806526280	Aluminum Alloy Sheet 6061 (Plant-Bengaluru)	25-May	1142	1245	15	1000	70	No
8806526280	Aluminum Alloy Sheet 6061 (Plant-Pune)	25-Jun	2425	1340	17	1000	70	No
8806526280	Aluminum Alloy Sheet 6061 (Plant-Chakan)	25-Jun	1153	1338	16	1000	70	No
8806526280	Aluminum Alloy Sheet 6061 (Plant-Talegaon)	25-Jun	2063	1166	12	1000	70	No
8806526280	Aluminum Alloy Sheet 6061 (Plant-Nashik)	25-Jun	1285	1331	12	1000	70	No
8806526280	Aluminum Alloy Sheet 6061 (Plant-Aurangabad)	25-Jun	1697	1557	13	1000	70	No
8806526280	Aluminum Alloy Sheet 6061 (Plant-Nagpur)	25-Jun	2824	2959	14	1000	70	No
8806526280	Aluminum Alloy Sheet 6061 (Plant-Mumbai)	25-Jun	1363	1671	16	1000	70	Yes
8806526280	Aluminum Alloy Sheet 6061 (Plant-Gujarat)	25-Jun	2433	2980	16	1000	70	Yes
8806526280	Aluminum Alloy Sheet 6061 (Plant-Chennai)	25-Jun	2798	1590	13	1000	70	No
8806526280	Aluminum Alloy Sheet 6061 (Plant-Bengaluru)	25-Jun	2486	1287	13	1000	70	No
8806526280	Aluminum Alloy Sheet 6061 (Plant-Pune)	25-Jul	2308	2124	12	1000	70	No
8806526280	Aluminum Alloy Sheet 6061 (Plant-Chakan)	25-Jul	2536	1896	16	1000	70	No
8806526280	Aluminum Alloy Sheet 6061 (Plant-Talegaon)	25-Jul	1133	1181	15	1000	70	No
8806526280	Aluminum Alloy Sheet 6061 (Plant-Nashik)	25-Jul	2346	2819	12	1000	70	Yes
8806526280	Aluminum Alloy Sheet 6061 (Plant-Aurangabad)	25-Jul	2691	1728	13	1000	70	No
8806526280	Aluminum Alloy Sheet 6061 (Plant-Nagpur)	25-Jul	800	748	14	1000	70	No
8806526280	Aluminum Alloy Sheet 6061 (Plant-Mumbai)	25-Jul	3238	3045	15	1000	70	No
8806526280	Aluminum Alloy Sheet 6061 (Plant-Gujarat)	25-Jul	2725	2564	15	1000	70	No
8806526280	Aluminum Alloy Sheet 6061 (Plant-Chennai)	25-Jul	2918	1611	16	1000	70	No
8806526280	Aluminum Alloy Sheet 6061 (Plant-Bengaluru)	25-Jul	2279	1888	12	1000	70	No
8806526280	Aluminum Alloy Sheet 6061 (Plant-Pune)	25-Aug	1895	1124	17	1000	70	No
8806526280	Aluminum Alloy Sheet 6061 (Plant-Chakan)	25-Aug	1947	1383	15	1000	70	No
8806526280	Aluminum Alloy Sheet 6061 (Plant-Talegaon)	25-Aug	2221	1253	16	1000	70	No
8806526280	Aluminum Alloy Sheet 6061 (Plant-Nashik)	25-Aug	1789	1221	13	1000	70	No
8806526280	Aluminum Alloy Sheet 6061 (Plant-Aurangabad)	25-Aug	2015	1837	16	1000	70	No
8806526280	Aluminum Alloy Sheet 6061 (Plant-Nagpur)	25-Aug	3030	3404	16	1000	70	Yes
8806526280	Aluminum Alloy Sheet 6061 (Plant-Mumbai)	25-Aug	2799	2015	14	1000	70	No
8806526280	Aluminum Alloy Sheet 6061 (Plant-Gujarat)	25-Aug	1686	1844	13	1000	70	No
8806526280	Aluminum Alloy Sheet 6061 (Plant-Chennai)	25-Aug	2497	2132	13	1000	70	No
8806526280	Aluminum Alloy Sheet 6061 (Plant-Bengaluru)	25-Aug	2753	2838	14	1000	70	No
8806526280	Aluminum Alloy Sheet 6061 (Plant-Pune)	25-Sep	1936	2112	15	1000	70	No
8806526280	Aluminum Alloy Sheet 6061 (Plant-Chakan)	25-Sep	3247	1713	16	1000	70	No
8806526280	Aluminum Alloy Sheet 6061 (Plant-Talegaon)	25-Sep	1178	1298	16	1000	70	No
8806526280	Aluminum Alloy Sheet 6061 (Plant-Nashik)	25-Sep	2836	1826	15	1000	70	No
8806526280	Aluminum Alloy Sheet 6061 (Plant-Aurangabad)	25-Sep	2502	2237	17	1000	70	No
8806526280	Aluminum Alloy Sheet 6061 (Plant-Nagpur)	25-Sep	3031	1740	17	1000	70	No
8806526280	Aluminum Alloy Sheet 6061 (Plant-Mumbai)	25-Sep	1536	1866	16	1000	70	Yes
8806526280	Aluminum Alloy Sheet 6061 (Plant-Gujarat)	25-Sep	1250	1122	13	1000	70	No
8806526280	Aluminum Alloy Sheet 6061 (Plant-Chennai)	25-Sep	1260	1195	14	1000	70	No
8806526280	Aluminum Alloy Sheet 6061 (Plant-Bengaluru)	25-Sep	2271	1183	17	1000	70	No
8806526280	Aluminum Alloy Sheet 6061 (Plant-Pune)	25-Oct	1734	1873	13	1000	70	No
8806526280	Aluminum Alloy Sheet 6061 (Plant-Chakan)	25-Oct	2613	1584	16	1000	70	No
8806526280	Aluminum Alloy Sheet 6061 (Plant-Talegaon)	25-Oct	2447	1486	16	1000	70	No
8806526280	Aluminum Alloy Sheet 6061 (Plant-Nashik)	25-Oct	1875	2058	12	1000	70	No
8806526280	Aluminum Alloy Sheet 6061 (Plant-Aurangabad)	25-Oct	3336	2747	17	1000	70	No
8806526280	Aluminum Alloy Sheet 6061 (Plant-Nagpur)	25-Oct	1083	1143	13	1000	70	No
8806526280	Aluminum Alloy Sheet 6061 (Plant-Mumbai)	25-Oct	2971	1495	12	1000	70	No
8806526280	Aluminum Alloy Sheet 6061 (Plant-Gujarat)	25-Oct	2439	2862	13	1000	70	Yes
8806526280	Aluminum Alloy Sheet 6061 (Plant-Chennai)	25-Oct	1702	1645	17	1000	70	No
8806526280	Aluminum Alloy Sheet 6061 (Plant-Bengaluru)	25-Oct	1322	1497	15	1000	70	No
8806526280	Aluminum Alloy Sheet 6061 (Plant-Pune)	25-Nov	1751	1717	12	1000	70	No
8806526280	Aluminum Alloy Sheet 6061 (Plant-Chakan)	25-Nov	897	821	12	1000	70	No
8806526280	Aluminum Alloy Sheet 6061 (Plant-Talegaon)	25-Nov	3031	2612	17	1000	70	No
8806526280	Aluminum Alloy Sheet 6061 (Plant-Nashik)	25-Nov	3385	2445	13	1000	70	No
8806526280	Aluminum Alloy Sheet 6061 (Plant-Aurangabad)	25-Nov	871	697	13	1000	70	No
8806526280	Aluminum Alloy Sheet 6061 (Plant-Nagpur)	25-Nov	1209	1243	15	1000	70	No
8806526280	Aluminum Alloy Sheet 6061 (Plant-Mumbai)	25-Nov	2173	2542	15	1000	70	Yes
8806526280	Aluminum Alloy Sheet 6061 (Plant-Gujarat)	25-Nov	3035	1538	13	1000	70	No
8806526280	Aluminum Alloy Sheet 6061 (Plant-Chennai)	25-Nov	1328	1281	13	1000	70	No
8806526280	Aluminum Alloy Sheet 6061 (Plant-Bengaluru)	25-Nov	1028	917	16	1000	70	No
8806526280	Aluminum Alloy Sheet 6061 (Plant-Pune)	25-Dec	3202	2728	15	1000	70	No
8806526280	Aluminum Alloy Sheet 6061 (Plant-Chakan)	25-Dec	2321	2444	17	1000	70	No
8806526280	Aluminum Alloy Sheet 6061 (Plant-Talegaon)	25-Dec	2227	1960	17	1000	70	No
8806526280	Aluminum Alloy Sheet 6061 (Plant-Nashik)	25-Dec	2836	3451	16	1000	70	Yes
8806526280	Aluminum Alloy Sheet 6061 (Plant-Aurangabad)	25-Dec	2687	2544	13	1000	70	No
8806526280	Aluminum Alloy Sheet 6061 (Plant-Nagpur)	25-Dec	1539	1503	17	1000	70	No
8806526280	Aluminum Alloy Sheet 6061 (Plant-Mumbai)	25-Dec	1408	1597	15	1000	70	No
8806526280	Aluminum Alloy Sheet 6061 (Plant-Gujarat)	25-Dec	1717	2003	16	1000	70	Yes
8806526280	Aluminum Alloy Sheet 6061 (Plant-Chennai)	25-Dec	3140	2689	15	1000	70	No
8806526280	Aluminum Alloy Sheet 6061 (Plant-Bengaluru)	25-Dec	1872	1176	16	1000	70	No
8806526280	Aluminum Alloy Sheet 6061 (Plant-Pune)	26-Jan	2935	2720	14	1000	70	No
8806526280	Aluminum Alloy Sheet 6061 (Plant-Chakan)	26-Jan	1138	627	13	1000	70	No
8806526280	Aluminum Alloy Sheet 6061 (Plant-Talegaon)	26-Jan	3374	2207	12	1000	70	No
8806526280	Aluminum Alloy Sheet 6061 (Plant-Nashik)	26-Jan	2234	2167	15	1000	70	No
8806526280	Aluminum Alloy Sheet 6061 (Plant-Aurangabad)	26-Jan	2635	2165	14	1000	70	No
8806526280	Aluminum Alloy Sheet 6061 (Plant-Nagpur)	26-Jan	2820	3117	13	1000	70	Yes
8806526280	Aluminum Alloy Sheet 6061 (Plant-Mumbai)	26-Jan	1631	2011	15	1000	70	Yes
8806526280	Aluminum Alloy Sheet 6061 (Plant-Gujarat)	26-Jan	2244	1887	14	1000	70	No
8806526280	Aluminum Alloy Sheet 6061 (Plant-Chennai)	26-Jan	1713	1700	12	1000	70	No
8806526280	Aluminum Alloy Sheet 6061 (Plant-Bengaluru)	26-Jan	2833	2217	14	1000	70	No
8806526280	Aluminum Alloy Sheet 6061 (Plant-Pune)	26-Feb	1032	1090	15	1000	70	No
8806526280	Aluminum Alloy Sheet 6061 (Plant-Chakan)	26-Feb	3026	1685	12	1000	70	No
8806526280	Aluminum Alloy Sheet 6061 (Plant-Talegaon)	26-Feb	1831	1875	14	1000	70	No
8806526280	Aluminum Alloy Sheet 6061 (Plant-Nashik)	26-Feb	2008	1748	15	1000	70	No
8806526280	Aluminum Alloy Sheet 6061 (Plant-Aurangabad)	26-Feb	2749	1858	15	1000	70	No
8806526280	Aluminum Alloy Sheet 6061 (Plant-Nagpur)	26-Feb	1850	1532	13	1000	70	No
8806526280	Aluminum Alloy Sheet 6061 (Plant-Mumbai)	26-Feb	1349	857	13	1000	70	No
8806526280	Aluminum Alloy Sheet 6061 (Plant-Gujarat)	26-Feb	2866	3551	12	1000	70	Yes
8806526280	Aluminum Alloy Sheet 6061 (Plant-Chennai)	26-Feb	3028	3291	14	1000	70	Yes
8806526280	Aluminum Alloy Sheet 6061 (Plant-Bengaluru)	26-Feb	1392	1548	15	1000	70	No
8806526280	Aluminum Alloy Sheet 6061 (Plant-Pune)	26-Mar	1385	1386	14	1000	70	No
8806526280	Aluminum Alloy Sheet 6061 (Plant-Chakan)	26-Mar	3103	3830	12	1000	70	Yes
8806526280	Aluminum Alloy Sheet 6061 (Plant-Talegaon)	26-Mar	1517	1339	16	1000	70	No
8806526280	Aluminum Alloy Sheet 6061 (Plant-Nashik)	26-Mar	1272	738	15	1000	70	No
8806526280	Aluminum Alloy Sheet 6061 (Plant-Aurangabad)	26-Mar	832	653	15	1000	70	No
8806526280	Aluminum Alloy Sheet 6061 (Plant-Nagpur)	26-Mar	903	757	16	1000	70	No
8806526280	Aluminum Alloy Sheet 6061 (Plant-Mumbai)	26-Mar	2505	1624	14	1000	70	No
8806526280	Aluminum Alloy Sheet 6061 (Plant-Gujarat)	26-Mar	1173	1286	16	1000	70	No
8806526280	Aluminum Alloy Sheet 6061 (Plant-Chennai)	26-Mar	3488	2045	16	1000	70	No
8806526280	Aluminum Alloy Sheet 6061 (Plant-Bengaluru)	26-Mar	2020	1427	13	1000	70	No
8806526280	Aluminum Alloy Sheet 6061 (Plant-Pune)	26-Apr	2875	2814	16	1000	70	No
8806526280	Aluminum Alloy Sheet 6061 (Plant-Chakan)	26-Apr	1043	1075	17	1000	70	No
8806526280	Aluminum Alloy Sheet 6061 (Plant-Talegaon)	26-Apr	2342	1546	16	1000	70	No
8806526280	Aluminum Alloy Sheet 6061 (Plant-Nashik)	26-Apr	3434	3776	17	1000	70	Yes
8806526280	Aluminum Alloy Sheet 6061 (Plant-Aurangabad)	26-Apr	1625	1559	17	1000	70	No
8806526280	Aluminum Alloy Sheet 6061 (Plant-Nagpur)	26-Apr	2884	3344	15	1000	70	Yes
8806526280	Aluminum Alloy Sheet 6061 (Plant-Mumbai)	26-Apr	2789	3353	13	1000	70	Yes
8806526280	Aluminum Alloy Sheet 6061 (Plant-Gujarat)	26-Apr	2432	2958	15	1000	70	Yes
8806526280	Aluminum Alloy Sheet 6061 (Plant-Chennai)	26-Apr	1240	639	16	1000	70	No
8806526280	Aluminum Alloy Sheet 6061 (Plant-Bengaluru)	26-Apr	1288	1043	14	1000	70	No
8806526280	Aluminum Alloy Sheet 6061 (Plant-Pune)	26-May	1897	1428	12	1000	70	No
8806526280	Aluminum Alloy Sheet 6061 (Plant-Chakan)	26-May	1266	1485	12	1000	70	Yes
8806526280	Aluminum Alloy Sheet 6061 (Plant-Talegaon)	26-May	1041	1167	16	1000	70	No
8806526280	Aluminum Alloy Sheet 6061 (Plant-Nashik)	26-May	2633	1738	17	1000	70	No
8806526280	Aluminum Alloy Sheet 6061 (Plant-Aurangabad)	26-May	856	712	17	1000	70	No
8806526280	Aluminum Alloy Sheet 6061 (Plant-Nagpur)	26-May	1823	1670	12	1000	70	No
8806526280	Aluminum Alloy Sheet 6061 (Plant-Mumbai)	26-May	2776	1871	14	1000	70	No
8806526280	Aluminum Alloy Sheet 6061 (Plant-Gujarat)	26-May	1109	763	14	1000	70	No
8806526280	Aluminum Alloy Sheet 6061 (Plant-Chennai)	26-May	1738	1795	16	1000	70	No
8806526280	Aluminum Alloy Sheet 6061 (Plant-Bengaluru)	26-May	2740	3113	17	1000	70	Yes
8806526280	Aluminum Alloy Sheet 6061 (Plant-Pune)	26-Jun	1850	1348	14	1000	70	No
8806526280	Aluminum Alloy Sheet 6061 (Plant-Chakan)	26-Jun	3404	2742	16	1000	70	No
8806526280	Aluminum Alloy Sheet 6061 (Plant-Talegaon)	26-Jun	2719	2735	17	1000	70	No
8806526280	Aluminum Alloy Sheet 6061 (Plant-Nashik)	26-Jun	1483	882	17	1000	70	No
8806526280	Aluminum Alloy Sheet 6061 (Plant-Aurangabad)	26-Jun	2369	2904	17	1000	70	Yes
8806526280	Aluminum Alloy Sheet 6061 (Plant-Nagpur)	26-Jun	2465	3059	14	1000	70	Yes
8806526280	Aluminum Alloy Sheet 6061 (Plant-Mumbai)	26-Jun	1838	1179	16	1000	70	No
8806526280	Aluminum Alloy Sheet 6061 (Plant-Gujarat)	26-Jun	3166	1952	14	1000	70	No
8806526280	Aluminum Alloy Sheet 6061 (Plant-Chennai)	26-Jun	929	920	17	1000	70	No
8806526280	Aluminum Alloy Sheet 6061 (Plant-Bengaluru)	26-Jun	1036	793	17	1000	70	No
8806526281	Structural I-Beam ISMB 300 (Plant-Pune)	25-Jan	726	670	27	300	400	No
8806526281	Structural I-Beam ISMB 300 (Plant-Chakan)	25-Jan	823	624	28	300	400	No
8806526281	Structural I-Beam ISMB 300 (Plant-Talegaon)	25-Jan	1018	1096	25	300	400	Yes
8806526281	Structural I-Beam ISMB 300 (Plant-Nashik)	25-Jan	635	756	26	300	400	Yes
8806526281	Structural I-Beam ISMB 300 (Plant-Aurangabad)	25-Jan	528	393	24	300	400	No
8806526281	Structural I-Beam ISMB 300 (Plant-Nagpur)	25-Jan	685	502	23	300	400	No
8806526281	Structural I-Beam ISMB 300 (Plant-Mumbai)	25-Jan	1027	538	27	300	400	No
8806526281	Structural I-Beam ISMB 300 (Plant-Gujarat)	25-Jan	375	460	25	300	400	Yes
8806526281	Structural I-Beam ISMB 300 (Plant-Chennai)	25-Jan	604	336	23	300	400	No
8806526281	Structural I-Beam ISMB 300 (Plant-Bengaluru)	25-Jan	964	789	24	300	400	No
8806526281	Structural I-Beam ISMB 300 (Plant-Pune)	25-Feb	785	842	25	300	400	No
8806526281	Structural I-Beam ISMB 300 (Plant-Chakan)	25-Feb	730	907	28	300	400	Yes
8806526281	Structural I-Beam ISMB 300 (Plant-Talegaon)	25-Feb	367	420	24	300	400	No
8806526281	Structural I-Beam ISMB 300 (Plant-Nashik)	25-Feb	435	366	28	300	400	No
8806526281	Structural I-Beam ISMB 300 (Plant-Aurangabad)	25-Feb	566	652	27	300	400	Yes
8806526281	Structural I-Beam ISMB 300 (Plant-Nagpur)	25-Feb	722	684	27	300	400	No
8806526281	Structural I-Beam ISMB 300 (Plant-Mumbai)	25-Feb	306	240	27	300	400	No
8806526281	Structural I-Beam ISMB 300 (Plant-Gujarat)	25-Feb	663	384	23	300	400	No
8806526281	Structural I-Beam ISMB 300 (Plant-Chennai)	25-Feb	615	446	24	300	400	No
8806526281	Structural I-Beam ISMB 300 (Plant-Bengaluru)	25-Feb	568	668	25	300	400	Yes
8806526281	Structural I-Beam ISMB 300 (Plant-Pune)	25-Mar	965	543	23	300	400	No
8806526281	Structural I-Beam ISMB 300 (Plant-Chakan)	25-Mar	561	336	25	300	400	No
8806526281	Structural I-Beam ISMB 300 (Plant-Talegaon)	25-Mar	385	265	23	300	400	No
8806526281	Structural I-Beam ISMB 300 (Plant-Nashik)	25-Mar	976	1109	26	300	400	Yes
8806526281	Structural I-Beam ISMB 300 (Plant-Aurangabad)	25-Mar	863	761	26	300	400	No
8806526281	Structural I-Beam ISMB 300 (Plant-Nagpur)	25-Mar	281	243	26	300	400	No
8806526281	Structural I-Beam ISMB 300 (Plant-Mumbai)	25-Mar	953	796	24	300	400	No
8806526281	Structural I-Beam ISMB 300 (Plant-Gujarat)	25-Mar	743	488	27	300	400	No
8806526281	Structural I-Beam ISMB 300 (Plant-Chennai)	25-Mar	964	1129	27	300	400	Yes
8806526281	Structural I-Beam ISMB 300 (Plant-Bengaluru)	25-Mar	342	284	24	300	400	No
8806526281	Structural I-Beam ISMB 300 (Plant-Pune)	25-Apr	341	338	26	300	400	No
8806526281	Structural I-Beam ISMB 300 (Plant-Chakan)	25-Apr	384	367	28	300	400	No
8806526281	Structural I-Beam ISMB 300 (Plant-Talegaon)	25-Apr	570	349	26	300	400	No
8806526281	Structural I-Beam ISMB 300 (Plant-Nashik)	25-Apr	773	534	24	300	400	No
8806526281	Structural I-Beam ISMB 300 (Plant-Aurangabad)	25-Apr	950	1056	27	300	400	Yes
8806526281	Structural I-Beam ISMB 300 (Plant-Nagpur)	25-Apr	778	944	23	300	400	Yes
8806526281	Structural I-Beam ISMB 300 (Plant-Mumbai)	25-Apr	1014	1029	28	300	400	No
8806526281	Structural I-Beam ISMB 300 (Plant-Gujarat)	25-Apr	721	509	25	300	400	No
8806526281	Structural I-Beam ISMB 300 (Plant-Chennai)	25-Apr	826	543	27	300	400	No
8806526281	Structural I-Beam ISMB 300 (Plant-Bengaluru)	25-Apr	287	357	25	300	400	Yes
8806526281	Structural I-Beam ISMB 300 (Plant-Pune)	25-May	626	719	27	300	400	Yes
8806526281	Structural I-Beam ISMB 300 (Plant-Chakan)	25-May	695	731	25	300	400	No
8806526281	Structural I-Beam ISMB 300 (Plant-Talegaon)	25-May	1017	1099	25	300	400	Yes
8806526281	Structural I-Beam ISMB 300 (Plant-Nashik)	25-May	810	858	26	300	400	No
8806526281	Structural I-Beam ISMB 300 (Plant-Aurangabad)	25-May	604	660	25	300	400	No
8806526281	Structural I-Beam ISMB 300 (Plant-Nagpur)	25-May	987	828	27	300	400	No
8806526281	Structural I-Beam ISMB 300 (Plant-Mumbai)	25-May	479	558	27	300	400	Yes
8806526281	Structural I-Beam ISMB 300 (Plant-Gujarat)	25-May	262	318	27	300	400	No
8806526281	Structural I-Beam ISMB 300 (Plant-Chennai)	25-May	891	564	24	300	400	No
8806526281	Structural I-Beam ISMB 300 (Plant-Bengaluru)	25-May	517	443	25	300	400	No
8806526281	Structural I-Beam ISMB 300 (Plant-Pune)	25-Jun	837	684	28	300	400	No
8806526281	Structural I-Beam ISMB 300 (Plant-Chakan)	25-Jun	601	458	24	300	400	No
8806526281	Structural I-Beam ISMB 300 (Plant-Talegaon)	25-Jun	310	155	28	300	400	No
8806526281	Structural I-Beam ISMB 300 (Plant-Nashik)	25-Jun	997	1115	27	300	400	Yes
8806526281	Structural I-Beam ISMB 300 (Plant-Aurangabad)	25-Jun	812	548	24	300	400	No
8806526281	Structural I-Beam ISMB 300 (Plant-Nagpur)	25-Jun	783	736	28	300	400	No
8806526281	Structural I-Beam ISMB 300 (Plant-Mumbai)	25-Jun	548	646	25	300	400	Yes
8806526281	Structural I-Beam ISMB 300 (Plant-Gujarat)	25-Jun	776	767	24	300	400	No
8806526281	Structural I-Beam ISMB 300 (Plant-Chennai)	25-Jun	740	693	28	300	400	No
8806526281	Structural I-Beam ISMB 300 (Plant-Bengaluru)	25-Jun	925	679	24	300	400	No
8806526281	Structural I-Beam ISMB 300 (Plant-Pune)	25-Jul	461	345	26	300	400	No
8806526281	Structural I-Beam ISMB 300 (Plant-Chakan)	25-Jul	578	402	24	300	400	No
8806526281	Structural I-Beam ISMB 300 (Plant-Talegaon)	25-Jul	981	584	23	300	400	No
8806526281	Structural I-Beam ISMB 300 (Plant-Nashik)	25-Jul	478	399	28	300	400	No
8806526281	Structural I-Beam ISMB 300 (Plant-Aurangabad)	25-Jul	348	225	26	300	400	No
8806526281	Structural I-Beam ISMB 300 (Plant-Nagpur)	25-Jul	500	376	25	300	400	No
8806526281	Structural I-Beam ISMB 300 (Plant-Mumbai)	25-Jul	694	378	27	300	400	No
8806526281	Structural I-Beam ISMB 300 (Plant-Gujarat)	25-Jul	1048	1110	25	300	400	Yes
8806526281	Structural I-Beam ISMB 300 (Plant-Chennai)	25-Jul	945	494	27	300	400	No
8806526281	Structural I-Beam ISMB 300 (Plant-Bengaluru)	25-Jul	419	456	27	300	400	No
8806526281	Structural I-Beam ISMB 300 (Plant-Pune)	25-Aug	980	619	23	300	400	No
8806526281	Structural I-Beam ISMB 300 (Plant-Chakan)	25-Aug	707	743	26	300	400	No
8806526281	Structural I-Beam ISMB 300 (Plant-Talegaon)	25-Aug	663	786	28	300	400	Yes
8806526281	Structural I-Beam ISMB 300 (Plant-Nashik)	25-Aug	462	359	27	300	400	No
8806526281	Structural I-Beam ISMB 300 (Plant-Aurangabad)	25-Aug	278	192	23	300	400	No
8806526281	Structural I-Beam ISMB 300 (Plant-Nagpur)	25-Aug	816	639	23	300	400	No
8806526281	Structural I-Beam ISMB 300 (Plant-Mumbai)	25-Aug	373	410	28	300	400	No
8806526281	Structural I-Beam ISMB 300 (Plant-Gujarat)	25-Aug	429	395	24	300	400	No
8806526281	Structural I-Beam ISMB 300 (Plant-Chennai)	25-Aug	864	857	26	300	400	No
8806526281	Structural I-Beam ISMB 300 (Plant-Bengaluru)	25-Aug	993	624	27	300	400	No
8806526281	Structural I-Beam ISMB 300 (Plant-Pune)	25-Sep	336	235	25	300	400	No
8806526281	Structural I-Beam ISMB 300 (Plant-Chakan)	25-Sep	687	638	28	300	400	No
8806526281	Structural I-Beam ISMB 300 (Plant-Talegaon)	25-Sep	631	566	24	300	400	No
8806526281	Structural I-Beam ISMB 300 (Plant-Nashik)	25-Sep	819	470	23	300	400	No
8806526281	Structural I-Beam ISMB 300 (Plant-Aurangabad)	25-Sep	624	630	27	300	400	No
8806526281	Structural I-Beam ISMB 300 (Plant-Nagpur)	25-Sep	508	319	28	300	400	No
8806526281	Structural I-Beam ISMB 300 (Plant-Mumbai)	25-Sep	808	849	27	300	400	No
8806526281	Structural I-Beam ISMB 300 (Plant-Gujarat)	25-Sep	989	1031	25	300	400	No
8806526281	Structural I-Beam ISMB 300 (Plant-Chennai)	25-Sep	1036	931	26	300	400	No
8806526281	Structural I-Beam ISMB 300 (Plant-Bengaluru)	25-Sep	714	524	27	300	400	No
8806526281	Structural I-Beam ISMB 300 (Plant-Pune)	25-Oct	666	661	24	300	400	No
8806526281	Structural I-Beam ISMB 300 (Plant-Chakan)	25-Oct	876	973	28	300	400	Yes
8806526281	Structural I-Beam ISMB 300 (Plant-Talegaon)	25-Oct	360	244	28	300	400	No
8806526281	Structural I-Beam ISMB 300 (Plant-Nashik)	25-Oct	408	478	26	300	400	Yes
8806526281	Structural I-Beam ISMB 300 (Plant-Aurangabad)	25-Oct	987	722	24	300	400	No
8806526281	Structural I-Beam ISMB 300 (Plant-Nagpur)	25-Oct	306	234	23	300	400	No
8806526281	Structural I-Beam ISMB 300 (Plant-Mumbai)	25-Oct	820	826	28	300	400	No
8806526281	Structural I-Beam ISMB 300 (Plant-Gujarat)	25-Oct	452	283	26	300	400	No
8806526281	Structural I-Beam ISMB 300 (Plant-Chennai)	25-Oct	520	325	26	300	400	No
8806526281	Structural I-Beam ISMB 300 (Plant-Bengaluru)	25-Oct	653	365	23	300	400	No
8806526281	Structural I-Beam ISMB 300 (Plant-Pune)	25-Nov	774	543	25	300	400	No
8806526281	Structural I-Beam ISMB 300 (Plant-Chakan)	25-Nov	499	402	25	300	400	No
8806526281	Structural I-Beam ISMB 300 (Plant-Talegaon)	25-Nov	257	239	23	300	400	No
8806526281	Structural I-Beam ISMB 300 (Plant-Nashik)	25-Nov	774	544	23	300	400	No
8806526281	Structural I-Beam ISMB 300 (Plant-Aurangabad)	25-Nov	314	289	23	300	400	No
8806526281	Structural I-Beam ISMB 300 (Plant-Nagpur)	25-Nov	1027	689	25	300	400	No
8806526281	Structural I-Beam ISMB 300 (Plant-Mumbai)	25-Nov	405	363	24	300	400	No
8806526281	Structural I-Beam ISMB 300 (Plant-Gujarat)	25-Nov	543	534	25	300	400	No
8806526281	Structural I-Beam ISMB 300 (Plant-Chennai)	25-Nov	774	602	27	300	400	No
8806526281	Structural I-Beam ISMB 300 (Plant-Bengaluru)	25-Nov	875	687	25	300	400	No
8806526281	Structural I-Beam ISMB 300 (Plant-Pune)	25-Dec	985	1184	27	300	400	Yes
8806526281	Structural I-Beam ISMB 300 (Plant-Chakan)	25-Dec	1039	591	25	300	400	No
8806526281	Structural I-Beam ISMB 300 (Plant-Talegaon)	25-Dec	957	718	24	300	400	No
8806526281	Structural I-Beam ISMB 300 (Plant-Nashik)	25-Dec	877	909	25	300	400	No
8806526281	Structural I-Beam ISMB 300 (Plant-Aurangabad)	25-Dec	805	470	23	300	400	No
8806526281	Structural I-Beam ISMB 300 (Plant-Nagpur)	25-Dec	662	474	23	300	400	No
8806526281	Structural I-Beam ISMB 300 (Plant-Mumbai)	25-Dec	284	264	28	300	400	No
8806526281	Structural I-Beam ISMB 300 (Plant-Gujarat)	25-Dec	535	450	25	300	400	No
8806526281	Structural I-Beam ISMB 300 (Plant-Chennai)	25-Dec	866	694	28	300	400	No
8806526281	Structural I-Beam ISMB 300 (Plant-Bengaluru)	25-Dec	695	609	27	300	400	No
8806526281	Structural I-Beam ISMB 300 (Plant-Pune)	26-Jan	419	273	27	300	400	No
8806526281	Structural I-Beam ISMB 300 (Plant-Chakan)	26-Jan	1040	557	27	300	400	No
8806526281	Structural I-Beam ISMB 300 (Plant-Talegaon)	26-Jan	936	1127	24	300	400	Yes
8806526281	Structural I-Beam ISMB 300 (Plant-Nashik)	26-Jan	473	525	24	300	400	No
8806526281	Structural I-Beam ISMB 300 (Plant-Aurangabad)	26-Jan	969	681	28	300	400	No
8806526281	Structural I-Beam ISMB 300 (Plant-Nagpur)	26-Jan	1028	1035	23	300	400	No
8806526281	Structural I-Beam ISMB 300 (Plant-Mumbai)	26-Jan	1043	979	27	300	400	No
8806526281	Structural I-Beam ISMB 300 (Plant-Gujarat)	26-Jan	724	441	24	300	400	No
8806526281	Structural I-Beam ISMB 300 (Plant-Chennai)	26-Jan	328	344	25	300	400	No
8806526281	Structural I-Beam ISMB 300 (Plant-Bengaluru)	26-Jan	518	443	28	300	400	No
8806526281	Structural I-Beam ISMB 300 (Plant-Pune)	26-Feb	606	304	23	300	400	No
8806526281	Structural I-Beam ISMB 300 (Plant-Chakan)	26-Feb	535	476	23	300	400	No
8806526281	Structural I-Beam ISMB 300 (Plant-Talegaon)	26-Feb	813	856	26	300	400	No
8806526281	Structural I-Beam ISMB 300 (Plant-Nashik)	26-Feb	789	683	27	300	400	No
8806526281	Structural I-Beam ISMB 300 (Plant-Aurangabad)	26-Feb	780	802	26	300	400	No
8806526281	Structural I-Beam ISMB 300 (Plant-Nagpur)	26-Feb	470	296	28	300	400	No
8806526281	Structural I-Beam ISMB 300 (Plant-Mumbai)	26-Feb	611	620	26	300	400	No
8806526281	Structural I-Beam ISMB 300 (Plant-Gujarat)	26-Feb	641	478	27	300	400	No
8806526281	Structural I-Beam ISMB 300 (Plant-Chennai)	26-Feb	554	625	23	300	400	Yes
8806526281	Structural I-Beam ISMB 300 (Plant-Bengaluru)	26-Feb	510	562	23	300	400	No
8806526281	Structural I-Beam ISMB 300 (Plant-Pune)	26-Mar	1024	582	27	300	400	No
8806526281	Structural I-Beam ISMB 300 (Plant-Chakan)	26-Mar	1032	1058	24	300	400	No
8806526281	Structural I-Beam ISMB 300 (Plant-Talegaon)	26-Mar	473	579	28	300	400	Yes
8806526281	Structural I-Beam ISMB 300 (Plant-Nashik)	26-Mar	949	1177	26	300	400	Yes
8806526281	Structural I-Beam ISMB 300 (Plant-Aurangabad)	26-Mar	325	222	24	300	400	No
8806526281	Structural I-Beam ISMB 300 (Plant-Nagpur)	26-Mar	271	137	25	300	400	No
8806526281	Structural I-Beam ISMB 300 (Plant-Mumbai)	26-Mar	485	327	26	300	400	No
8806526281	Structural I-Beam ISMB 300 (Plant-Gujarat)	26-Mar	251	220	27	300	400	No
8806526281	Structural I-Beam ISMB 300 (Plant-Chennai)	26-Mar	276	143	28	300	400	No
8806526281	Structural I-Beam ISMB 300 (Plant-Bengaluru)	26-Mar	528	523	28	300	400	No
8806526281	Structural I-Beam ISMB 300 (Plant-Pune)	26-Apr	283	233	26	300	400	No
8806526281	Structural I-Beam ISMB 300 (Plant-Chakan)	26-Apr	772	650	23	300	400	No
8806526281	Structural I-Beam ISMB 300 (Plant-Talegaon)	26-Apr	865	902	23	300	400	No
8806526281	Structural I-Beam ISMB 300 (Plant-Nashik)	26-Apr	544	515	23	300	400	No
8806526281	Structural I-Beam ISMB 300 (Plant-Aurangabad)	26-Apr	814	738	25	300	400	No
8806526281	Structural I-Beam ISMB 300 (Plant-Nagpur)	26-Apr	726	706	28	300	400	No
8806526281	Structural I-Beam ISMB 300 (Plant-Mumbai)	26-Apr	747	909	25	300	400	Yes
8806526281	Structural I-Beam ISMB 300 (Plant-Gujarat)	26-Apr	445	527	25	300	400	Yes
8806526281	Structural I-Beam ISMB 300 (Plant-Chennai)	26-Apr	589	321	26	300	400	No
8806526281	Structural I-Beam ISMB 300 (Plant-Bengaluru)	26-Apr	1022	820	28	300	400	No
8806526281	Structural I-Beam ISMB 300 (Plant-Pune)	26-May	516	275	24	300	400	No
8806526281	Structural I-Beam ISMB 300 (Plant-Chakan)	26-May	282	148	26	300	400	No
8806526281	Structural I-Beam ISMB 300 (Plant-Talegaon)	26-May	907	589	25	300	400	No
8806526281	Structural I-Beam ISMB 300 (Plant-Nashik)	26-May	292	313	28	300	400	No
8806526281	Structural I-Beam ISMB 300 (Plant-Aurangabad)	26-May	772	797	23	300	400	No
8806526281	Structural I-Beam ISMB 300 (Plant-Nagpur)	26-May	978	519	23	300	400	No
8806526281	Structural I-Beam ISMB 300 (Plant-Mumbai)	26-May	304	336	27	300	400	No
8806526281	Structural I-Beam ISMB 300 (Plant-Gujarat)	26-May	950	1121	27	300	400	Yes
8806526281	Structural I-Beam ISMB 300 (Plant-Chennai)	26-May	534	382	26	300	400	No
8806526281	Structural I-Beam ISMB 300 (Plant-Bengaluru)	26-May	954	642	24	300	400	No
8806526281	Structural I-Beam ISMB 300 (Plant-Pune)	26-Jun	884	1014	25	300	400	Yes
8806526281	Structural I-Beam ISMB 300 (Plant-Chakan)	26-Jun	520	374	26	300	400	No
8806526281	Structural I-Beam ISMB 300 (Plant-Talegaon)	26-Jun	526	314	24	300	400	No
8806526281	Structural I-Beam ISMB 300 (Plant-Nashik)	26-Jun	710	448	25	300	400	No
8806526281	Structural I-Beam ISMB 300 (Plant-Aurangabad)	26-Jun	283	205	26	300	400	No
8806526281	Structural I-Beam ISMB 300 (Plant-Nagpur)	26-Jun	243	254	28	300	400	No
8806526281	Structural I-Beam ISMB 300 (Plant-Mumbai)	26-Jun	500	479	28	300	400	No
8806526281	Structural I-Beam ISMB 300 (Plant-Gujarat)	26-Jun	715	442	23	300	400	No
8806526281	Structural I-Beam ISMB 300 (Plant-Chennai)	26-Jun	619	520	25	300	400	No
8806526281	Structural I-Beam ISMB 300 (Plant-Bengaluru)	26-Jun	321	224	26	300	400	No
8806526282	High Pressure Rubber Hose (Plant-Pune)	25-Jan	2187	1425	11	1500	18	No
8806526282	High Pressure Rubber Hose (Plant-Chakan)	25-Jan	2963	2288	11	1500	18	No
8806526282	High Pressure Rubber Hose (Plant-Talegaon)	25-Jan	4887	3301	10	1500	18	No
8806526282	High Pressure Rubber Hose (Plant-Nashik)	25-Jan	3417	3275	12	1500	18	No
8806526282	High Pressure Rubber Hose (Plant-Aurangabad)	25-Jan	1553	1816	13	1500	18	No
8806526282	High Pressure Rubber Hose (Plant-Nagpur)	25-Jan	4239	3019	13	1500	18	No
8806526282	High Pressure Rubber Hose (Plant-Mumbai)	25-Jan	1620	1264	15	1500	18	No
8806526282	High Pressure Rubber Hose (Plant-Gujarat)	25-Jan	2905	3495	12	1500	18	Yes
8806526282	High Pressure Rubber Hose (Plant-Chennai)	25-Jan	2142	2095	13	1500	18	No
8806526282	High Pressure Rubber Hose (Plant-Bengaluru)	25-Jan	4119	2729	15	1500	18	No
8806526282	High Pressure Rubber Hose (Plant-Pune)	25-Feb	1618	1837	10	1500	18	No
8806526282	High Pressure Rubber Hose (Plant-Chakan)	25-Feb	2497	1696	15	1500	18	No
8806526282	High Pressure Rubber Hose (Plant-Talegaon)	25-Feb	1670	1367	13	1500	18	No
8806526282	High Pressure Rubber Hose (Plant-Nashik)	25-Feb	2902	1979	12	1500	18	No
8806526282	High Pressure Rubber Hose (Plant-Aurangabad)	25-Feb	3711	2053	14	1500	18	No
8806526282	High Pressure Rubber Hose (Plant-Nagpur)	25-Feb	2995	1505	10	1500	18	No
8806526282	High Pressure Rubber Hose (Plant-Mumbai)	25-Feb	2460	3016	10	1500	18	Yes
8806526282	High Pressure Rubber Hose (Plant-Gujarat)	25-Feb	1480	1715	12	1500	18	No
8806526282	High Pressure Rubber Hose (Plant-Chennai)	25-Feb	1385	1439	13	1500	18	No
8806526282	High Pressure Rubber Hose (Plant-Bengaluru)	25-Feb	2973	2802	15	1500	18	No
8806526282	High Pressure Rubber Hose (Plant-Pune)	25-Mar	2633	3213	14	1500	18	Yes
8806526282	High Pressure Rubber Hose (Plant-Chakan)	25-Mar	5211	5026	12	1500	18	No
8806526282	High Pressure Rubber Hose (Plant-Talegaon)	25-Mar	1330	966	13	1500	18	No
8806526282	High Pressure Rubber Hose (Plant-Nashik)	25-Mar	4549	5622	14	1500	18	Yes
8806526282	High Pressure Rubber Hose (Plant-Aurangabad)	25-Mar	3110	1743	10	1500	18	No
8806526282	High Pressure Rubber Hose (Plant-Nagpur)	25-Mar	5213	5165	10	1500	18	No
8806526282	High Pressure Rubber Hose (Plant-Mumbai)	25-Mar	2699	2268	12	1500	18	No
8806526282	High Pressure Rubber Hose (Plant-Gujarat)	25-Mar	3140	1906	13	1500	18	No
8806526282	High Pressure Rubber Hose (Plant-Chennai)	25-Mar	4328	5129	11	1500	18	Yes
8806526282	High Pressure Rubber Hose (Plant-Bengaluru)	25-Mar	1876	1077	13	1500	18	No
8806526282	High Pressure Rubber Hose (Plant-Pune)	25-Apr	5201	5694	10	1500	18	Yes
8806526282	High Pressure Rubber Hose (Plant-Chakan)	25-Apr	2817	3485	10	1500	18	Yes
8806526282	High Pressure Rubber Hose (Plant-Talegaon)	25-Apr	1850	1175	14	1500	18	No
8806526282	High Pressure Rubber Hose (Plant-Nashik)	25-Apr	2303	1346	13	1500	18	No
8806526282	High Pressure Rubber Hose (Plant-Aurangabad)	25-Apr	3487	3711	13	1500	18	No
8806526282	High Pressure Rubber Hose (Plant-Nagpur)	25-Apr	4226	4160	10	1500	18	No
8806526282	High Pressure Rubber Hose (Plant-Mumbai)	25-Apr	3964	2493	11	1500	18	No
8806526282	High Pressure Rubber Hose (Plant-Gujarat)	25-Apr	3208	3694	13	1500	18	Yes
8806526282	High Pressure Rubber Hose (Plant-Chennai)	25-Apr	2601	1853	15	1500	18	No
8806526282	High Pressure Rubber Hose (Plant-Bengaluru)	25-Apr	2380	2965	14	1500	18	Yes
8806526282	High Pressure Rubber Hose (Plant-Pune)	25-May	4505	3873	14	1500	18	No
8806526282	High Pressure Rubber Hose (Plant-Chakan)	25-May	1888	1128	11	1500	18	No
8806526282	High Pressure Rubber Hose (Plant-Talegaon)	25-May	2949	3644	13	1500	18	Yes
8806526282	High Pressure Rubber Hose (Plant-Nashik)	25-May	3762	2682	15	1500	18	No
8806526282	High Pressure Rubber Hose (Plant-Aurangabad)	25-May	2561	1960	12	1500	18	No
8806526282	High Pressure Rubber Hose (Plant-Nagpur)	25-May	4703	2399	11	1500	18	No
8806526282	High Pressure Rubber Hose (Plant-Mumbai)	25-May	5244	4623	12	1500	18	No
8806526282	High Pressure Rubber Hose (Plant-Gujarat)	25-May	4105	4319	10	1500	18	No
8806526282	High Pressure Rubber Hose (Plant-Chennai)	25-May	3490	3895	12	1500	18	Yes
8806526282	High Pressure Rubber Hose (Plant-Bengaluru)	25-May	1282	1159	14	1500	18	No
8806526282	High Pressure Rubber Hose (Plant-Pune)	25-Jun	4264	4044	10	1500	18	No
8806526282	High Pressure Rubber Hose (Plant-Chakan)	25-Jun	2550	1529	13	1500	18	No
8806526282	High Pressure Rubber Hose (Plant-Talegaon)	25-Jun	1812	1510	13	1500	18	No
8806526282	High Pressure Rubber Hose (Plant-Nashik)	25-Jun	3513	3194	13	1500	18	No
8806526282	High Pressure Rubber Hose (Plant-Aurangabad)	25-Jun	3054	3463	13	1500	18	Yes
8806526282	High Pressure Rubber Hose (Plant-Nagpur)	25-Jun	4248	4340	14	1500	18	No
8806526282	High Pressure Rubber Hose (Plant-Mumbai)	25-Jun	2771	3255	10	1500	18	Yes
8806526282	High Pressure Rubber Hose (Plant-Gujarat)	25-Jun	2242	2518	10	1500	18	No
8806526282	High Pressure Rubber Hose (Plant-Chennai)	25-Jun	1377	1548	11	1500	18	No
8806526282	High Pressure Rubber Hose (Plant-Bengaluru)	25-Jun	4526	2344	13	1500	18	No
8806526282	High Pressure Rubber Hose (Plant-Pune)	25-Jul	2891	3153	13	1500	18	No
8806526282	High Pressure Rubber Hose (Plant-Chakan)	25-Jul	1489	1371	12	1500	18	No
8806526282	High Pressure Rubber Hose (Plant-Talegaon)	25-Jul	3752	4356	12	1500	18	Yes
8806526282	High Pressure Rubber Hose (Plant-Nashik)	25-Jul	4815	2685	14	1500	18	No
8806526282	High Pressure Rubber Hose (Plant-Aurangabad)	25-Jul	1605	1164	15	1500	18	No
8806526282	High Pressure Rubber Hose (Plant-Nagpur)	25-Jul	3595	3922	13	1500	18	Yes
8806526282	High Pressure Rubber Hose (Plant-Mumbai)	25-Jul	3272	3685	12	1500	18	Yes
8806526282	High Pressure Rubber Hose (Plant-Gujarat)	25-Jul	3684	2431	15	1500	18	No
8806526282	High Pressure Rubber Hose (Plant-Chennai)	25-Jul	4430	2583	14	1500	18	No
8806526282	High Pressure Rubber Hose (Plant-Bengaluru)	25-Jul	4102	3258	11	1500	18	No
8806526282	High Pressure Rubber Hose (Plant-Pune)	25-Aug	2929	2549	15	1500	18	No
8806526282	High Pressure Rubber Hose (Plant-Chakan)	25-Aug	4101	2509	13	1500	18	No
8806526282	High Pressure Rubber Hose (Plant-Talegaon)	25-Aug	4290	4442	15	1500	18	No
8806526282	High Pressure Rubber Hose (Plant-Nashik)	25-Aug	1556	1250	14	1500	18	No
8806526282	High Pressure Rubber Hose (Plant-Aurangabad)	25-Aug	3505	4122	13	1500	18	Yes
8806526282	High Pressure Rubber Hose (Plant-Nagpur)	25-Aug	1663	1411	11	1500	18	No
8806526282	High Pressure Rubber Hose (Plant-Mumbai)	25-Aug	4403	4005	13	1500	18	No
8806526282	High Pressure Rubber Hose (Plant-Gujarat)	25-Aug	2246	2370	10	1500	18	No
8806526282	High Pressure Rubber Hose (Plant-Chennai)	25-Aug	2109	2022	11	1500	18	No
8806526282	High Pressure Rubber Hose (Plant-Bengaluru)	25-Aug	3374	3540	10	1500	18	No
8806526282	High Pressure Rubber Hose (Plant-Pune)	25-Sep	2030	1108	15	1500	18	No
8806526282	High Pressure Rubber Hose (Plant-Chakan)	25-Sep	4373	4149	12	1500	18	No
8806526282	High Pressure Rubber Hose (Plant-Talegaon)	25-Sep	4656	4153	11	1500	18	No
8806526282	High Pressure Rubber Hose (Plant-Nashik)	25-Sep	4024	2106	13	1500	18	No
8806526282	High Pressure Rubber Hose (Plant-Aurangabad)	25-Sep	3432	2592	14	1500	18	No
8806526282	High Pressure Rubber Hose (Plant-Nagpur)	25-Sep	4706	5726	14	1500	18	Yes
8806526282	High Pressure Rubber Hose (Plant-Mumbai)	25-Sep	3387	3338	15	1500	18	No
8806526282	High Pressure Rubber Hose (Plant-Gujarat)	25-Sep	2374	2675	15	1500	18	Yes
8806526282	High Pressure Rubber Hose (Plant-Chennai)	25-Sep	2247	1401	14	1500	18	No
8806526282	High Pressure Rubber Hose (Plant-Bengaluru)	25-Sep	4483	2917	14	1500	18	No
8806526282	High Pressure Rubber Hose (Plant-Pune)	25-Oct	4856	3119	15	1500	18	No
8806526282	High Pressure Rubber Hose (Plant-Chakan)	25-Oct	3909	4059	13	1500	18	No
8806526282	High Pressure Rubber Hose (Plant-Talegaon)	25-Oct	1685	1572	15	1500	18	No
8806526282	High Pressure Rubber Hose (Plant-Nashik)	25-Oct	2796	2077	13	1500	18	No
8806526282	High Pressure Rubber Hose (Plant-Aurangabad)	25-Oct	3985	2044	10	1500	18	No
8806526282	High Pressure Rubber Hose (Plant-Nagpur)	25-Oct	4151	2733	13	1500	18	No
8806526282	High Pressure Rubber Hose (Plant-Mumbai)	25-Oct	1820	1229	14	1500	18	No
8806526282	High Pressure Rubber Hose (Plant-Gujarat)	25-Oct	4255	4816	11	1500	18	Yes
8806526282	High Pressure Rubber Hose (Plant-Chennai)	25-Oct	2298	2551	11	1500	18	No
8806526282	High Pressure Rubber Hose (Plant-Bengaluru)	25-Oct	5192	4144	13	1500	18	No
8806526282	High Pressure Rubber Hose (Plant-Pune)	25-Nov	2675	2681	13	1500	18	No
8806526282	High Pressure Rubber Hose (Plant-Chakan)	25-Nov	3812	2899	11	1500	18	No
8806526282	High Pressure Rubber Hose (Plant-Talegaon)	25-Nov	3892	2206	10	1500	18	No
8806526282	High Pressure Rubber Hose (Plant-Nashik)	25-Nov	2305	2742	13	1500	18	Yes
8806526282	High Pressure Rubber Hose (Plant-Aurangabad)	25-Nov	3212	2212	10	1500	18	No
8806526282	High Pressure Rubber Hose (Plant-Nagpur)	25-Nov	4577	4658	11	1500	18	No
8806526282	High Pressure Rubber Hose (Plant-Mumbai)	25-Nov	4261	3049	14	1500	18	No
8806526282	High Pressure Rubber Hose (Plant-Gujarat)	25-Nov	3309	3196	14	1500	18	No
8806526282	High Pressure Rubber Hose (Plant-Chennai)	25-Nov	2994	3524	13	1500	18	Yes
8806526282	High Pressure Rubber Hose (Plant-Bengaluru)	25-Nov	4973	4305	13	1500	18	No
8806526282	High Pressure Rubber Hose (Plant-Pune)	25-Dec	3256	2271	12	1500	18	No
8806526282	High Pressure Rubber Hose (Plant-Chakan)	25-Dec	3227	1967	11	1500	18	No
8806526282	High Pressure Rubber Hose (Plant-Talegaon)	25-Dec	2417	2831	11	1500	18	Yes
8806526282	High Pressure Rubber Hose (Plant-Nashik)	25-Dec	2177	1614	15	1500	18	No
8806526282	High Pressure Rubber Hose (Plant-Aurangabad)	25-Dec	1679	1104	14	1500	18	No
8806526282	High Pressure Rubber Hose (Plant-Nagpur)	25-Dec	1460	1552	14	1500	18	No
8806526282	High Pressure Rubber Hose (Plant-Mumbai)	25-Dec	2188	1948	10	1500	18	No
8806526282	High Pressure Rubber Hose (Plant-Gujarat)	25-Dec	2138	1777	13	1500	18	No
8806526282	High Pressure Rubber Hose (Plant-Chennai)	25-Dec	4157	3560	11	1500	18	No
8806526282	High Pressure Rubber Hose (Plant-Bengaluru)	25-Dec	1899	1602	11	1500	18	No
8806526282	High Pressure Rubber Hose (Plant-Pune)	26-Jan	2693	2193	14	1500	18	No
8806526282	High Pressure Rubber Hose (Plant-Chakan)	26-Jan	5108	5468	15	1500	18	Yes
8806526282	High Pressure Rubber Hose (Plant-Talegaon)	26-Jan	1614	1489	13	1500	18	No
8806526282	High Pressure Rubber Hose (Plant-Nashik)	26-Jan	1543	1617	13	1500	18	No
8806526282	High Pressure Rubber Hose (Plant-Aurangabad)	26-Jan	2438	1418	15	1500	18	No
8806526282	High Pressure Rubber Hose (Plant-Nagpur)	26-Jan	4869	2836	12	1500	18	No
8806526282	High Pressure Rubber Hose (Plant-Mumbai)	26-Jan	4637	2690	12	1500	18	No
8806526282	High Pressure Rubber Hose (Plant-Gujarat)	26-Jan	4241	3431	13	1500	18	No
8806526282	High Pressure Rubber Hose (Plant-Chennai)	26-Jan	1952	1740	10	1500	18	No
8806526282	High Pressure Rubber Hose (Plant-Bengaluru)	26-Jan	3615	1999	13	1500	18	No
8806526282	High Pressure Rubber Hose (Plant-Pune)	26-Feb	1223	811	10	1500	18	No
8806526282	High Pressure Rubber Hose (Plant-Chakan)	26-Feb	2389	1560	11	1500	18	No
8806526282	High Pressure Rubber Hose (Plant-Talegaon)	26-Feb	3726	2525	14	1500	18	No
8806526282	High Pressure Rubber Hose (Plant-Nashik)	26-Feb	2966	2067	13	1500	18	No
8806526282	High Pressure Rubber Hose (Plant-Aurangabad)	26-Feb	2290	1608	15	1500	18	No
8806526282	High Pressure Rubber Hose (Plant-Nagpur)	26-Feb	3643	2913	10	1500	18	No
8806526282	High Pressure Rubber Hose (Plant-Mumbai)	26-Feb	2723	3102	13	1500	18	Yes
8806526282	High Pressure Rubber Hose (Plant-Gujarat)	26-Feb	3635	3090	13	1500	18	No
8806526282	High Pressure Rubber Hose (Plant-Chennai)	26-Feb	4283	4913	10	1500	18	Yes
8806526282	High Pressure Rubber Hose (Plant-Bengaluru)	26-Feb	3591	4443	11	1500	18	Yes
8806526282	High Pressure Rubber Hose (Plant-Pune)	26-Mar	2355	2426	15	1500	18	No
8806526282	High Pressure Rubber Hose (Plant-Chakan)	26-Mar	2994	2262	10	1500	18	No
8806526282	High Pressure Rubber Hose (Plant-Talegaon)	26-Mar	1924	1246	11	1500	18	No
8806526282	High Pressure Rubber Hose (Plant-Nashik)	26-Mar	2755	2930	12	1500	18	No
8806526282	High Pressure Rubber Hose (Plant-Aurangabad)	26-Mar	2163	2234	12	1500	18	No
8806526282	High Pressure Rubber Hose (Plant-Nagpur)	26-Mar	5033	3395	10	1500	18	No
8806526282	High Pressure Rubber Hose (Plant-Mumbai)	26-Mar	2959	1753	14	1500	18	No
8806526282	High Pressure Rubber Hose (Plant-Gujarat)	26-Mar	1448	869	14	1500	18	No
8806526282	High Pressure Rubber Hose (Plant-Chennai)	26-Mar	1283	1303	10	1500	18	No
8806526282	High Pressure Rubber Hose (Plant-Bengaluru)	26-Mar	4760	3380	14	1500	18	No
8806526282	High Pressure Rubber Hose (Plant-Pune)	26-Apr	1775	1870	12	1500	18	No
8806526282	High Pressure Rubber Hose (Plant-Chakan)	26-Apr	1367	1642	14	1500	18	No
8806526282	High Pressure Rubber Hose (Plant-Talegaon)	26-Apr	5175	5740	13	1500	18	Yes
8806526282	High Pressure Rubber Hose (Plant-Nashik)	26-Apr	2111	1594	11	1500	18	No
8806526282	High Pressure Rubber Hose (Plant-Aurangabad)	26-Apr	4898	3394	13	1500	18	No
8806526282	High Pressure Rubber Hose (Plant-Nagpur)	26-Apr	5180	5484	11	1500	18	Yes
8806526282	High Pressure Rubber Hose (Plant-Mumbai)	26-Apr	2286	1629	13	1500	18	No
8806526282	High Pressure Rubber Hose (Plant-Gujarat)	26-Apr	4833	3903	13	1500	18	No
8806526282	High Pressure Rubber Hose (Plant-Chennai)	26-Apr	1552	967	14	1500	18	No
8806526282	High Pressure Rubber Hose (Plant-Bengaluru)	26-Apr	4886	3220	13	1500	18	No
8806526282	High Pressure Rubber Hose (Plant-Pune)	26-May	4626	2416	14	1500	18	No
8806526282	High Pressure Rubber Hose (Plant-Chakan)	26-May	1235	867	10	1500	18	No
8806526282	High Pressure Rubber Hose (Plant-Talegaon)	26-May	2579	2019	11	1500	18	No
8806526282	High Pressure Rubber Hose (Plant-Nashik)	26-May	3331	2102	11	1500	18	No
8806526282	High Pressure Rubber Hose (Plant-Aurangabad)	26-May	4280	4954	10	1500	18	Yes
8806526282	High Pressure Rubber Hose (Plant-Nagpur)	26-May	2688	3311	13	1500	18	Yes
8806526282	High Pressure Rubber Hose (Plant-Mumbai)	26-May	2747	2722	12	1500	18	No
8806526282	High Pressure Rubber Hose (Plant-Gujarat)	26-May	4654	2512	13	1500	18	No
8806526282	High Pressure Rubber Hose (Plant-Chennai)	26-May	3766	4654	14	1500	18	Yes
8806526282	High Pressure Rubber Hose (Plant-Bengaluru)	26-May	4790	5491	11	1500	18	Yes
8806526282	High Pressure Rubber Hose (Plant-Pune)	26-Jun	3863	4436	15	1500	18	Yes
8806526282	High Pressure Rubber Hose (Plant-Chakan)	26-Jun	4001	2610	11	1500	18	No
8806526282	High Pressure Rubber Hose (Plant-Talegaon)	26-Jun	2385	1759	13	1500	18	No
8806526282	High Pressure Rubber Hose (Plant-Nashik)	26-Jun	2514	3030	14	1500	18	Yes
8806526282	High Pressure Rubber Hose (Plant-Aurangabad)	26-Jun	5190	3268	10	1500	18	No
8806526282	High Pressure Rubber Hose (Plant-Nagpur)	26-Jun	2148	2461	14	1500	18	Yes
8806526282	High Pressure Rubber Hose (Plant-Mumbai)	26-Jun	3027	2914	10	1500	18	No
8806526282	High Pressure Rubber Hose (Plant-Gujarat)	26-Jun	3122	1598	15	1500	18	No
8806526282	High Pressure Rubber Hose (Plant-Chennai)	26-Jun	1292	1329	13	1500	18	No
8806526282	High Pressure Rubber Hose (Plant-Bengaluru)	26-Jun	4395	2375	15	1500	18	No
8806526283	Pneumatic Cylinder 50mm (Plant-Pune)	25-Jan	978	643	23	350	90	No
8806526283	Pneumatic Cylinder 50mm (Plant-Chakan)	25-Jan	772	562	20	350	90	No
8806526283	Pneumatic Cylinder 50mm (Plant-Talegaon)	25-Jan	1075	641	22	350	90	No
8806526283	Pneumatic Cylinder 50mm (Plant-Nashik)	25-Jan	450	465	23	350	90	No
8806526283	Pneumatic Cylinder 50mm (Plant-Aurangabad)	25-Jan	908	1024	20	350	90	Yes
8806526283	Pneumatic Cylinder 50mm (Plant-Nagpur)	25-Jan	770	659	22	350	90	No
8806526283	Pneumatic Cylinder 50mm (Plant-Mumbai)	25-Jan	352	373	18	350	90	No
8806526283	Pneumatic Cylinder 50mm (Plant-Gujarat)	25-Jan	977	739	18	350	90	No
8806526283	Pneumatic Cylinder 50mm (Plant-Chennai)	25-Jan	1072	1090	21	350	90	No
8806526283	Pneumatic Cylinder 50mm (Plant-Bengaluru)	25-Jan	302	342	19	350	90	No
8806526283	Pneumatic Cylinder 50mm (Plant-Pune)	25-Feb	1131	670	18	350	90	No
8806526283	Pneumatic Cylinder 50mm (Plant-Chakan)	25-Feb	873	892	21	350	90	No
8806526283	Pneumatic Cylinder 50mm (Plant-Talegaon)	25-Feb	1105	824	21	350	90	No
8806526283	Pneumatic Cylinder 50mm (Plant-Nashik)	25-Feb	765	766	21	350	90	No
8806526283	Pneumatic Cylinder 50mm (Plant-Aurangabad)	25-Feb	1183	1318	19	350	90	Yes
8806526283	Pneumatic Cylinder 50mm (Plant-Nagpur)	25-Feb	956	1153	22	350	90	Yes
8806526283	Pneumatic Cylinder 50mm (Plant-Mumbai)	25-Feb	1211	718	23	350	90	No
8806526283	Pneumatic Cylinder 50mm (Plant-Gujarat)	25-Feb	1079	861	18	350	90	No
8806526283	Pneumatic Cylinder 50mm (Plant-Chennai)	25-Feb	487	489	23	350	90	No
8806526283	Pneumatic Cylinder 50mm (Plant-Bengaluru)	25-Feb	833	597	20	350	90	No
8806526283	Pneumatic Cylinder 50mm (Plant-Pune)	25-Mar	738	879	23	350	90	Yes
8806526283	Pneumatic Cylinder 50mm (Plant-Chakan)	25-Mar	1001	701	20	350	90	No
8806526283	Pneumatic Cylinder 50mm (Plant-Talegaon)	25-Mar	833	601	23	350	90	No
8806526283	Pneumatic Cylinder 50mm (Plant-Nashik)	25-Mar	936	1167	21	350	90	Yes
8806526283	Pneumatic Cylinder 50mm (Plant-Aurangabad)	25-Mar	880	541	20	350	90	No
8806526283	Pneumatic Cylinder 50mm (Plant-Nagpur)	25-Mar	1025	590	23	350	90	No
8806526283	Pneumatic Cylinder 50mm (Plant-Mumbai)	25-Mar	1173	899	21	350	90	No
8806526283	Pneumatic Cylinder 50mm (Plant-Gujarat)	25-Mar	1102	880	23	350	90	No
8806526283	Pneumatic Cylinder 50mm (Plant-Chennai)	25-Mar	672	615	21	350	90	No
8806526283	Pneumatic Cylinder 50mm (Plant-Bengaluru)	25-Mar	396	431	20	350	90	No
8806526283	Pneumatic Cylinder 50mm (Plant-Pune)	25-Apr	399	229	18	350	90	No
8806526283	Pneumatic Cylinder 50mm (Plant-Chakan)	25-Apr	1031	1159	22	350	90	Yes
8806526283	Pneumatic Cylinder 50mm (Plant-Talegaon)	25-Apr	1132	702	18	350	90	No
8806526283	Pneumatic Cylinder 50mm (Plant-Nashik)	25-Apr	392	452	21	350	90	No
8806526283	Pneumatic Cylinder 50mm (Plant-Aurangabad)	25-Apr	1222	1035	22	350	90	No
8806526283	Pneumatic Cylinder 50mm (Plant-Nagpur)	25-Apr	793	856	20	350	90	No
8806526283	Pneumatic Cylinder 50mm (Plant-Mumbai)	25-Apr	614	552	22	350	90	No
8806526283	Pneumatic Cylinder 50mm (Plant-Gujarat)	25-Apr	480	407	20	350	90	No
8806526283	Pneumatic Cylinder 50mm (Plant-Chennai)	25-Apr	581	632	18	350	90	No
8806526283	Pneumatic Cylinder 50mm (Plant-Bengaluru)	25-Apr	1185	1419	18	350	90	Yes
8806526283	Pneumatic Cylinder 50mm (Plant-Pune)	25-May	999	1197	21	350	90	Yes
8806526283	Pneumatic Cylinder 50mm (Plant-Chakan)	25-May	702	852	19	350	90	Yes
8806526283	Pneumatic Cylinder 50mm (Plant-Talegaon)	25-May	538	285	18	350	90	No
8806526283	Pneumatic Cylinder 50mm (Plant-Nashik)	25-May	581	410	20	350	90	No
8806526283	Pneumatic Cylinder 50mm (Plant-Aurangabad)	25-May	1200	1380	23	350	90	Yes
8806526283	Pneumatic Cylinder 50mm (Plant-Nagpur)	25-May	843	715	19	350	90	No
8806526283	Pneumatic Cylinder 50mm (Plant-Mumbai)	25-May	543	287	23	350	90	No
8806526283	Pneumatic Cylinder 50mm (Plant-Gujarat)	25-May	1178	1030	21	350	90	No
8806526283	Pneumatic Cylinder 50mm (Plant-Chennai)	25-May	864	949	18	350	90	Yes
8806526283	Pneumatic Cylinder 50mm (Plant-Bengaluru)	25-May	433	429	19	350	90	No
8806526283	Pneumatic Cylinder 50mm (Plant-Pune)	25-Jun	871	1049	20	350	90	Yes
8806526283	Pneumatic Cylinder 50mm (Plant-Chakan)	25-Jun	1056	1135	22	350	90	Yes
8806526283	Pneumatic Cylinder 50mm (Plant-Talegaon)	25-Jun	1130	591	21	350	90	No
8806526283	Pneumatic Cylinder 50mm (Plant-Nashik)	25-Jun	727	707	19	350	90	No
8806526283	Pneumatic Cylinder 50mm (Plant-Aurangabad)	25-Jun	1095	959	23	350	90	No
8806526283	Pneumatic Cylinder 50mm (Plant-Nagpur)	25-Jun	753	820	22	350	90	No
8806526283	Pneumatic Cylinder 50mm (Plant-Mumbai)	25-Jun	626	526	22	350	90	No
8806526283	Pneumatic Cylinder 50mm (Plant-Gujarat)	25-Jun	356	387	21	350	90	No
8806526283	Pneumatic Cylinder 50mm (Plant-Chennai)	25-Jun	477	414	23	350	90	No
8806526283	Pneumatic Cylinder 50mm (Plant-Bengaluru)	25-Jun	1016	1019	19	350	90	No
8806526283	Pneumatic Cylinder 50mm (Plant-Pune)	25-Jul	408	506	18	350	90	Yes
8806526283	Pneumatic Cylinder 50mm (Plant-Chakan)	25-Jul	1214	1087	18	350	90	No
8806526283	Pneumatic Cylinder 50mm (Plant-Talegaon)	25-Jul	460	467	19	350	90	No
8806526283	Pneumatic Cylinder 50mm (Plant-Nashik)	25-Jul	379	250	21	350	90	No
8806526283	Pneumatic Cylinder 50mm (Plant-Aurangabad)	25-Jul	916	945	20	350	90	No
8806526283	Pneumatic Cylinder 50mm (Plant-Nagpur)	25-Jul	1204	1184	20	350	90	No
8806526283	Pneumatic Cylinder 50mm (Plant-Mumbai)	25-Jul	952	955	19	350	90	No
8806526283	Pneumatic Cylinder 50mm (Plant-Gujarat)	25-Jul	1151	1153	23	350	90	No
8806526283	Pneumatic Cylinder 50mm (Plant-Chennai)	25-Jul	1155	705	21	350	90	No
8806526283	Pneumatic Cylinder 50mm (Plant-Bengaluru)	25-Jul	640	680	21	350	90	No
8806526283	Pneumatic Cylinder 50mm (Plant-Pune)	25-Aug	1015	632	21	350	90	No
8806526283	Pneumatic Cylinder 50mm (Plant-Chakan)	25-Aug	361	359	19	350	90	No
8806526283	Pneumatic Cylinder 50mm (Plant-Talegaon)	25-Aug	387	295	21	350	90	No
8806526283	Pneumatic Cylinder 50mm (Plant-Nashik)	25-Aug	1209	928	23	350	90	No
8806526283	Pneumatic Cylinder 50mm (Plant-Aurangabad)	25-Aug	549	359	20	350	90	No
8806526283	Pneumatic Cylinder 50mm (Plant-Nagpur)	25-Aug	592	447	20	350	90	No
8806526283	Pneumatic Cylinder 50mm (Plant-Mumbai)	25-Aug	378	204	22	350	90	No
8806526283	Pneumatic Cylinder 50mm (Plant-Gujarat)	25-Aug	875	979	23	350	90	Yes
8806526283	Pneumatic Cylinder 50mm (Plant-Chennai)	25-Aug	840	569	22	350	90	No
8806526283	Pneumatic Cylinder 50mm (Plant-Bengaluru)	25-Aug	909	508	20	350	90	No
8806526283	Pneumatic Cylinder 50mm (Plant-Pune)	25-Sep	295	241	20	350	90	No
8806526283	Pneumatic Cylinder 50mm (Plant-Chakan)	25-Sep	887	894	20	350	90	No
8806526283	Pneumatic Cylinder 50mm (Plant-Talegaon)	25-Sep	475	399	20	350	90	No
8806526283	Pneumatic Cylinder 50mm (Plant-Nashik)	25-Sep	852	893	23	350	90	No
8806526283	Pneumatic Cylinder 50mm (Plant-Aurangabad)	25-Sep	534	521	23	350	90	No
8806526283	Pneumatic Cylinder 50mm (Plant-Nagpur)	25-Sep	1039	799	22	350	90	No
8806526283	Pneumatic Cylinder 50mm (Plant-Mumbai)	25-Sep	868	1032	22	350	90	Yes
8806526283	Pneumatic Cylinder 50mm (Plant-Gujarat)	25-Sep	1163	693	23	350	90	No
8806526283	Pneumatic Cylinder 50mm (Plant-Chennai)	25-Sep	967	661	19	350	90	No
8806526283	Pneumatic Cylinder 50mm (Plant-Bengaluru)	25-Sep	1089	1177	22	350	90	Yes
8806526283	Pneumatic Cylinder 50mm (Plant-Pune)	25-Oct	851	519	18	350	90	No
8806526283	Pneumatic Cylinder 50mm (Plant-Chakan)	25-Oct	690	595	23	350	90	No
8806526283	Pneumatic Cylinder 50mm (Plant-Talegaon)	25-Oct	688	600	19	350	90	No
8806526283	Pneumatic Cylinder 50mm (Plant-Nashik)	25-Oct	1096	847	19	350	90	No
8806526283	Pneumatic Cylinder 50mm (Plant-Aurangabad)	25-Oct	898	753	20	350	90	No
8806526283	Pneumatic Cylinder 50mm (Plant-Nagpur)	25-Oct	559	630	18	350	90	Yes
8806526283	Pneumatic Cylinder 50mm (Plant-Mumbai)	25-Oct	739	564	22	350	90	No
8806526283	Pneumatic Cylinder 50mm (Plant-Gujarat)	25-Oct	665	351	18	350	90	No
8806526283	Pneumatic Cylinder 50mm (Plant-Chennai)	25-Oct	492	499	22	350	90	No
8806526283	Pneumatic Cylinder 50mm (Plant-Bengaluru)	25-Oct	895	593	23	350	90	No
8806526283	Pneumatic Cylinder 50mm (Plant-Pune)	25-Nov	393	245	20	350	90	No
8806526283	Pneumatic Cylinder 50mm (Plant-Chakan)	25-Nov	664	562	23	350	90	No
8806526283	Pneumatic Cylinder 50mm (Plant-Talegaon)	25-Nov	454	537	20	350	90	Yes
8806526283	Pneumatic Cylinder 50mm (Plant-Nashik)	25-Nov	647	389	23	350	90	No
8806526283	Pneumatic Cylinder 50mm (Plant-Aurangabad)	25-Nov	1216	1037	19	350	90	No
8806526283	Pneumatic Cylinder 50mm (Plant-Nagpur)	25-Nov	591	610	22	350	90	No
8806526283	Pneumatic Cylinder 50mm (Plant-Mumbai)	25-Nov	698	649	20	350	90	No
8806526283	Pneumatic Cylinder 50mm (Plant-Gujarat)	25-Nov	292	171	20	350	90	No
8806526283	Pneumatic Cylinder 50mm (Plant-Chennai)	25-Nov	680	468	18	350	90	No
8806526283	Pneumatic Cylinder 50mm (Plant-Bengaluru)	25-Nov	875	1004	18	350	90	Yes
8806526283	Pneumatic Cylinder 50mm (Plant-Pune)	25-Dec	638	393	18	350	90	No
8806526283	Pneumatic Cylinder 50mm (Plant-Chakan)	25-Dec	920	793	18	350	90	No
8806526283	Pneumatic Cylinder 50mm (Plant-Talegaon)	25-Dec	518	327	23	350	90	No
8806526283	Pneumatic Cylinder 50mm (Plant-Nashik)	25-Dec	1007	816	18	350	90	No
8806526283	Pneumatic Cylinder 50mm (Plant-Aurangabad)	25-Dec	467	246	19	350	90	No
8806526283	Pneumatic Cylinder 50mm (Plant-Nagpur)	25-Dec	379	319	23	350	90	No
8806526283	Pneumatic Cylinder 50mm (Plant-Mumbai)	25-Dec	421	506	23	350	90	Yes
8806526283	Pneumatic Cylinder 50mm (Plant-Gujarat)	25-Dec	781	725	18	350	90	No
8806526283	Pneumatic Cylinder 50mm (Plant-Chennai)	25-Dec	511	562	23	350	90	No
8806526283	Pneumatic Cylinder 50mm (Plant-Bengaluru)	25-Dec	879	621	23	350	90	No
8806526283	Pneumatic Cylinder 50mm (Plant-Pune)	26-Jan	1127	744	19	350	90	No
8806526283	Pneumatic Cylinder 50mm (Plant-Chakan)	26-Jan	439	402	21	350	90	No
8806526283	Pneumatic Cylinder 50mm (Plant-Talegaon)	26-Jan	1206	1351	21	350	90	Yes
8806526283	Pneumatic Cylinder 50mm (Plant-Nashik)	26-Jan	393	374	21	350	90	No
8806526283	Pneumatic Cylinder 50mm (Plant-Aurangabad)	26-Jan	873	987	19	350	90	Yes
8806526283	Pneumatic Cylinder 50mm (Plant-Nagpur)	26-Jan	1199	635	18	350	90	No
8806526283	Pneumatic Cylinder 50mm (Plant-Mumbai)	26-Jan	1154	772	23	350	90	No
8806526283	Pneumatic Cylinder 50mm (Plant-Gujarat)	26-Jan	1046	960	21	350	90	No
8806526283	Pneumatic Cylinder 50mm (Plant-Chennai)	26-Jan	1059	848	22	350	90	No
8806526283	Pneumatic Cylinder 50mm (Plant-Bengaluru)	26-Jan	1065	863	23	350	90	No
8806526283	Pneumatic Cylinder 50mm (Plant-Pune)	26-Feb	353	299	19	350	90	No
8806526283	Pneumatic Cylinder 50mm (Plant-Chakan)	26-Feb	480	548	18	350	90	No
8806526283	Pneumatic Cylinder 50mm (Plant-Talegaon)	26-Feb	633	358	23	350	90	No
8806526283	Pneumatic Cylinder 50mm (Plant-Nashik)	26-Feb	412	245	23	350	90	No
8806526283	Pneumatic Cylinder 50mm (Plant-Aurangabad)	26-Feb	441	472	20	350	90	No
8806526283	Pneumatic Cylinder 50mm (Plant-Nagpur)	26-Feb	944	908	19	350	90	No
8806526283	Pneumatic Cylinder 50mm (Plant-Mumbai)	26-Feb	1094	781	19	350	90	No
8806526283	Pneumatic Cylinder 50mm (Plant-Gujarat)	26-Feb	457	240	19	350	90	No
8806526283	Pneumatic Cylinder 50mm (Plant-Chennai)	26-Feb	517	592	22	350	90	Yes
8806526283	Pneumatic Cylinder 50mm (Plant-Bengaluru)	26-Feb	1175	659	21	350	90	No
8806526283	Pneumatic Cylinder 50mm (Plant-Pune)	26-Mar	951	742	18	350	90	No
8806526283	Pneumatic Cylinder 50mm (Plant-Chakan)	26-Mar	408	421	20	350	90	No
8806526283	Pneumatic Cylinder 50mm (Plant-Talegaon)	26-Mar	858	741	20	350	90	No
8806526283	Pneumatic Cylinder 50mm (Plant-Nashik)	26-Mar	752	901	20	350	90	Yes
8806526283	Pneumatic Cylinder 50mm (Plant-Aurangabad)	26-Mar	766	843	22	350	90	Yes
8806526283	Pneumatic Cylinder 50mm (Plant-Nagpur)	26-Mar	467	576	23	350	90	Yes
8806526283	Pneumatic Cylinder 50mm (Plant-Mumbai)	26-Mar	1076	861	21	350	90	No
8806526283	Pneumatic Cylinder 50mm (Plant-Gujarat)	26-Mar	677	661	19	350	90	No
8806526283	Pneumatic Cylinder 50mm (Plant-Chennai)	26-Mar	572	533	18	350	90	No
8806526283	Pneumatic Cylinder 50mm (Plant-Bengaluru)	26-Mar	1109	1302	23	350	90	Yes
8806526283	Pneumatic Cylinder 50mm (Plant-Pune)	26-Apr	379	306	23	350	90	No
8806526283	Pneumatic Cylinder 50mm (Plant-Chakan)	26-Apr	999	1087	20	350	90	Yes
8806526283	Pneumatic Cylinder 50mm (Plant-Talegaon)	26-Apr	511	520	19	350	90	No
8806526283	Pneumatic Cylinder 50mm (Plant-Nashik)	26-Apr	585	406	19	350	90	No
8806526283	Pneumatic Cylinder 50mm (Plant-Aurangabad)	26-Apr	611	419	20	350	90	No
8806526283	Pneumatic Cylinder 50mm (Plant-Nagpur)	26-Apr	866	937	20	350	90	Yes
8806526283	Pneumatic Cylinder 50mm (Plant-Mumbai)	26-Apr	720	382	23	350	90	No
8806526283	Pneumatic Cylinder 50mm (Plant-Gujarat)	26-Apr	1041	870	19	350	90	No
8806526283	Pneumatic Cylinder 50mm (Plant-Chennai)	26-Apr	992	1208	22	350	90	Yes
8806526283	Pneumatic Cylinder 50mm (Plant-Bengaluru)	26-Apr	837	665	22	350	90	No
8806526283	Pneumatic Cylinder 50mm (Plant-Pune)	26-May	771	781	22	350	90	No
8806526283	Pneumatic Cylinder 50mm (Plant-Chakan)	26-May	381	353	21	350	90	No
8806526283	Pneumatic Cylinder 50mm (Plant-Talegaon)	26-May	385	243	23	350	90	No
8806526283	Pneumatic Cylinder 50mm (Plant-Nashik)	26-May	405	299	21	350	90	No
8806526283	Pneumatic Cylinder 50mm (Plant-Aurangabad)	26-May	673	385	19	350	90	No
8806526283	Pneumatic Cylinder 50mm (Plant-Nagpur)	26-May	440	442	23	350	90	No
8806526283	Pneumatic Cylinder 50mm (Plant-Mumbai)	26-May	1055	944	18	350	90	No
8806526283	Pneumatic Cylinder 50mm (Plant-Gujarat)	26-May	404	371	23	350	90	No
8806526283	Pneumatic Cylinder 50mm (Plant-Chennai)	26-May	949	628	20	350	90	No
8806526283	Pneumatic Cylinder 50mm (Plant-Bengaluru)	26-May	770	816	19	350	90	No
8806526283	Pneumatic Cylinder 50mm (Plant-Pune)	26-Jun	867	1031	22	350	90	Yes
8806526283	Pneumatic Cylinder 50mm (Plant-Chakan)	26-Jun	529	445	20	350	90	No
8806526283	Pneumatic Cylinder 50mm (Plant-Talegaon)	26-Jun	519	359	20	350	90	No
8806526283	Pneumatic Cylinder 50mm (Plant-Nashik)	26-Jun	554	492	21	350	90	No
8806526283	Pneumatic Cylinder 50mm (Plant-Aurangabad)	26-Jun	516	527	23	350	90	No
8806526283	Pneumatic Cylinder 50mm (Plant-Nagpur)	26-Jun	1041	622	22	350	90	No
8806526283	Pneumatic Cylinder 50mm (Plant-Mumbai)	26-Jun	391	312	22	350	90	No
8806526283	Pneumatic Cylinder 50mm (Plant-Gujarat)	26-Jun	1001	727	19	350	90	No
8806526283	Pneumatic Cylinder 50mm (Plant-Chennai)	26-Jun	1025	909	23	350	90	No
8806526283	Pneumatic Cylinder 50mm (Plant-Bengaluru)	26-Jun	332	340	18	350	90	No
8806526284	Flange Class 150 ANSI (Plant-Pune)	25-Jan	3262	3491	14	1100	35	Yes
8806526284	Flange Class 150 ANSI (Plant-Chakan)	25-Jan	1386	866	17	1100	35	No
8806526284	Flange Class 150 ANSI (Plant-Talegaon)	25-Jan	2850	2798	18	1100	35	No
8806526284	Flange Class 150 ANSI (Plant-Nashik)	25-Jan	1063	552	18	1100	35	No
8806526284	Flange Class 150 ANSI (Plant-Aurangabad)	25-Jan	2400	1588	13	1100	35	No
8806526284	Flange Class 150 ANSI (Plant-Nagpur)	25-Jan	2401	1639	18	1100	35	No
8806526284	Flange Class 150 ANSI (Plant-Mumbai)	25-Jan	3771	3119	14	1100	35	No
8806526284	Flange Class 150 ANSI (Plant-Gujarat)	25-Jan	1048	553	13	1100	35	No
8806526284	Flange Class 150 ANSI (Plant-Chennai)	25-Jan	3523	2007	14	1100	35	No
8806526284	Flange Class 150 ANSI (Plant-Bengaluru)	25-Jan	1729	1287	13	1100	35	No
8806526284	Flange Class 150 ANSI (Plant-Pune)	25-Feb	3349	3695	18	1100	35	Yes
8806526284	Flange Class 150 ANSI (Plant-Chakan)	25-Feb	3070	2084	14	1100	35	No
8806526284	Flange Class 150 ANSI (Plant-Talegaon)	25-Feb	967	1136	17	1100	35	No
8806526284	Flange Class 150 ANSI (Plant-Nashik)	25-Feb	2422	2139	18	1100	35	No
8806526284	Flange Class 150 ANSI (Plant-Aurangabad)	25-Feb	2183	1392	14	1100	35	No
8806526284	Flange Class 150 ANSI (Plant-Nagpur)	25-Feb	2550	2978	13	1100	35	Yes
8806526284	Flange Class 150 ANSI (Plant-Mumbai)	25-Feb	1330	1296	17	1100	35	No
8806526284	Flange Class 150 ANSI (Plant-Gujarat)	25-Feb	1360	1060	14	1100	35	No
8806526284	Flange Class 150 ANSI (Plant-Chennai)	25-Feb	2908	3575	18	1100	35	Yes
8806526284	Flange Class 150 ANSI (Plant-Bengaluru)	25-Feb	3063	2613	14	1100	35	No
8806526284	Flange Class 150 ANSI (Plant-Pune)	25-Mar	1390	1447	18	1100	35	No
8806526284	Flange Class 150 ANSI (Plant-Chakan)	25-Mar	1388	1652	16	1100	35	Yes
8806526284	Flange Class 150 ANSI (Plant-Talegaon)	25-Mar	2546	1947	16	1100	35	No
8806526284	Flange Class 150 ANSI (Plant-Nashik)	25-Mar	2300	1424	15	1100	35	No
8806526284	Flange Class 150 ANSI (Plant-Aurangabad)	25-Mar	3376	1855	17	1100	35	No
8806526284	Flange Class 150 ANSI (Plant-Nagpur)	25-Mar	1918	1713	16	1100	35	No
8806526284	Flange Class 150 ANSI (Plant-Mumbai)	25-Mar	1898	1642	15	1100	35	No
8806526284	Flange Class 150 ANSI (Plant-Gujarat)	25-Mar	3122	2654	16	1100	35	No
8806526284	Flange Class 150 ANSI (Plant-Chennai)	25-Mar	1715	1188	14	1100	35	No
8806526284	Flange Class 150 ANSI (Plant-Bengaluru)	25-Mar	2518	1698	16	1100	35	No
8806526284	Flange Class 150 ANSI (Plant-Pune)	25-Apr	1733	1700	13	1100	35	No
8806526284	Flange Class 150 ANSI (Plant-Chakan)	25-Apr	1867	1315	18	1100	35	No
8806526284	Flange Class 150 ANSI (Plant-Talegaon)	25-Apr	3288	3600	18	1100	35	Yes
8806526284	Flange Class 150 ANSI (Plant-Nashik)	25-Apr	1140	628	16	1100	35	No
8806526284	Flange Class 150 ANSI (Plant-Aurangabad)	25-Apr	2233	2648	13	1100	35	Yes
8806526284	Flange Class 150 ANSI (Plant-Nagpur)	25-Apr	1962	1058	14	1100	35	No
8806526284	Flange Class 150 ANSI (Plant-Mumbai)	25-Apr	1311	1122	16	1100	35	No
8806526284	Flange Class 150 ANSI (Plant-Gujarat)	25-Apr	1798	1034	16	1100	35	No
8806526284	Flange Class 150 ANSI (Plant-Chennai)	25-Apr	2669	2941	18	1100	35	Yes
8806526284	Flange Class 150 ANSI (Plant-Bengaluru)	25-Apr	1124	1102	14	1100	35	No
8806526284	Flange Class 150 ANSI (Plant-Pune)	25-May	1076	1278	18	1100	35	No
8806526284	Flange Class 150 ANSI (Plant-Chakan)	25-May	3832	3429	17	1100	35	No
8806526284	Flange Class 150 ANSI (Plant-Talegaon)	25-May	1515	1646	16	1100	35	No
8806526284	Flange Class 150 ANSI (Plant-Nashik)	25-May	3238	1863	13	1100	35	No
8806526284	Flange Class 150 ANSI (Plant-Aurangabad)	25-May	2629	2964	16	1100	35	Yes
8806526284	Flange Class 150 ANSI (Plant-Nagpur)	25-May	3753	3714	13	1100	35	No
8806526284	Flange Class 150 ANSI (Plant-Mumbai)	25-May	1449	1064	16	1100	35	No
8806526284	Flange Class 150 ANSI (Plant-Gujarat)	25-May	2589	2081	17	1100	35	No
8806526284	Flange Class 150 ANSI (Plant-Chennai)	25-May	3463	3732	13	1100	35	Yes
8806526284	Flange Class 150 ANSI (Plant-Bengaluru)	25-May	1318	1632	15	1100	35	Yes
8806526284	Flange Class 150 ANSI (Plant-Pune)	25-Jun	1771	1258	18	1100	35	No
8806526284	Flange Class 150 ANSI (Plant-Chakan)	25-Jun	1573	1374	15	1100	35	No
8806526284	Flange Class 150 ANSI (Plant-Talegaon)	25-Jun	2799	1752	14	1100	35	No
8806526284	Flange Class 150 ANSI (Plant-Nashik)	25-Jun	2733	1566	18	1100	35	No
8806526284	Flange Class 150 ANSI (Plant-Aurangabad)	25-Jun	2961	2292	16	1100	35	No
8806526284	Flange Class 150 ANSI (Plant-Nagpur)	25-Jun	1202	1218	17	1100	35	No
8806526284	Flange Class 150 ANSI (Plant-Mumbai)	25-Jun	1523	1024	16	1100	35	No
8806526284	Flange Class 150 ANSI (Plant-Gujarat)	25-Jun	3792	4372	18	1100	35	Yes
8806526284	Flange Class 150 ANSI (Plant-Chennai)	25-Jun	2406	2342	14	1100	35	No
8806526284	Flange Class 150 ANSI (Plant-Bengaluru)	25-Jun	3543	1872	16	1100	35	No
8806526284	Flange Class 150 ANSI (Plant-Pune)	25-Jul	2363	2783	13	1100	35	Yes
8806526284	Flange Class 150 ANSI (Plant-Chakan)	25-Jul	1754	1137	13	1100	35	No
8806526284	Flange Class 150 ANSI (Plant-Talegaon)	25-Jul	3130	2874	15	1100	35	No
8806526284	Flange Class 150 ANSI (Plant-Nashik)	25-Jul	1774	1822	18	1100	35	No
8806526284	Flange Class 150 ANSI (Plant-Aurangabad)	25-Jul	2762	2258	15	1100	35	No
8806526284	Flange Class 150 ANSI (Plant-Nagpur)	25-Jul	1509	1214	18	1100	35	No
8806526284	Flange Class 150 ANSI (Plant-Mumbai)	25-Jul	1204	748	14	1100	35	No
8806526284	Flange Class 150 ANSI (Plant-Gujarat)	25-Jul	1594	1838	16	1100	35	Yes
8806526284	Flange Class 150 ANSI (Plant-Chennai)	25-Jul	1246	1488	18	1100	35	Yes
8806526284	Flange Class 150 ANSI (Plant-Bengaluru)	25-Jul	3185	2382	15	1100	35	No
8806526284	Flange Class 150 ANSI (Plant-Pune)	25-Aug	1095	1118	18	1100	35	No
8806526284	Flange Class 150 ANSI (Plant-Chakan)	25-Aug	2903	2415	16	1100	35	No
8806526284	Flange Class 150 ANSI (Plant-Talegaon)	25-Aug	2020	2335	18	1100	35	Yes
8806526284	Flange Class 150 ANSI (Plant-Nashik)	25-Aug	2977	1837	16	1100	35	No
8806526284	Flange Class 150 ANSI (Plant-Aurangabad)	25-Aug	2239	1542	14	1100	35	No
8806526284	Flange Class 150 ANSI (Plant-Nagpur)	25-Aug	3425	3547	15	1100	35	No
8806526284	Flange Class 150 ANSI (Plant-Mumbai)	25-Aug	1932	1230	13	1100	35	No
8806526284	Flange Class 150 ANSI (Plant-Gujarat)	25-Aug	3217	3040	14	1100	35	No
8806526284	Flange Class 150 ANSI (Plant-Chennai)	25-Aug	2442	2397	14	1100	35	No
8806526284	Flange Class 150 ANSI (Plant-Bengaluru)	25-Aug	1802	931	17	1100	35	No
8806526284	Flange Class 150 ANSI (Plant-Pune)	25-Sep	3371	2053	14	1100	35	No
8806526284	Flange Class 150 ANSI (Plant-Chakan)	25-Sep	3590	3789	17	1100	35	No
8806526284	Flange Class 150 ANSI (Plant-Talegaon)	25-Sep	1906	1599	14	1100	35	No
8806526284	Flange Class 150 ANSI (Plant-Nashik)	25-Sep	3272	2330	17	1100	35	No
8806526284	Flange Class 150 ANSI (Plant-Aurangabad)	25-Sep	3655	2606	14	1100	35	No
8806526284	Flange Class 150 ANSI (Plant-Nagpur)	25-Sep	2171	1153	17	1100	35	No
8806526284	Flange Class 150 ANSI (Plant-Mumbai)	25-Sep	3077	3350	18	1100	35	Yes
8806526284	Flange Class 150 ANSI (Plant-Gujarat)	25-Sep	2077	1789	15	1100	35	No
8806526284	Flange Class 150 ANSI (Plant-Chennai)	25-Sep	1529	1703	17	1100	35	No
8806526284	Flange Class 150 ANSI (Plant-Bengaluru)	25-Sep	2059	1571	17	1100	35	No
8806526284	Flange Class 150 ANSI (Plant-Pune)	25-Oct	1312	1031	13	1100	35	No
8806526284	Flange Class 150 ANSI (Plant-Chakan)	25-Oct	2918	1909	14	1100	35	No
8806526284	Flange Class 150 ANSI (Plant-Talegaon)	25-Oct	895	829	17	1100	35	No
8806526284	Flange Class 150 ANSI (Plant-Nashik)	25-Oct	2980	1571	14	1100	35	No
8806526284	Flange Class 150 ANSI (Plant-Aurangabad)	25-Oct	2546	2586	17	1100	35	No
8806526284	Flange Class 150 ANSI (Plant-Nagpur)	25-Oct	2276	2567	15	1100	35	Yes
8806526284	Flange Class 150 ANSI (Plant-Mumbai)	25-Oct	940	513	15	1100	35	No
8806526284	Flange Class 150 ANSI (Plant-Gujarat)	25-Oct	2975	2921	14	1100	35	No
8806526284	Flange Class 150 ANSI (Plant-Chennai)	25-Oct	2988	3641	13	1100	35	Yes
8806526284	Flange Class 150 ANSI (Plant-Bengaluru)	25-Oct	3448	3429	13	1100	35	No
8806526284	Flange Class 150 ANSI (Plant-Pune)	25-Nov	2168	2192	16	1100	35	No
8806526284	Flange Class 150 ANSI (Plant-Chakan)	25-Nov	3348	1912	13	1100	35	No
8806526284	Flange Class 150 ANSI (Plant-Talegaon)	25-Nov	2400	2390	16	1100	35	No
8806526284	Flange Class 150 ANSI (Plant-Nashik)	25-Nov	3112	2747	18	1100	35	No
8806526284	Flange Class 150 ANSI (Plant-Aurangabad)	25-Nov	3408	1812	16	1100	35	No
8806526284	Flange Class 150 ANSI (Plant-Nagpur)	25-Nov	2534	2228	14	1100	35	No
8806526284	Flange Class 150 ANSI (Plant-Mumbai)	25-Nov	891	1084	15	1100	35	No
8806526284	Flange Class 150 ANSI (Plant-Gujarat)	25-Nov	3677	2408	15	1100	35	No
8806526284	Flange Class 150 ANSI (Plant-Chennai)	25-Nov	3071	1642	18	1100	35	No
8806526284	Flange Class 150 ANSI (Plant-Bengaluru)	25-Nov	3267	3685	13	1100	35	Yes
8806526284	Flange Class 150 ANSI (Plant-Pune)	25-Dec	1282	768	14	1100	35	No
8806526284	Flange Class 150 ANSI (Plant-Chakan)	25-Dec	2153	2402	13	1100	35	Yes
8806526284	Flange Class 150 ANSI (Plant-Talegaon)	25-Dec	3765	4316	14	1100	35	Yes
8806526284	Flange Class 150 ANSI (Plant-Nashik)	25-Dec	1486	1462	17	1100	35	No
8806526284	Flange Class 150 ANSI (Plant-Aurangabad)	25-Dec	3163	3417	16	1100	35	Yes
8806526284	Flange Class 150 ANSI (Plant-Nagpur)	25-Dec	1179	1373	13	1100	35	No
8806526284	Flange Class 150 ANSI (Plant-Mumbai)	25-Dec	1461	1066	13	1100	35	No
8806526284	Flange Class 150 ANSI (Plant-Gujarat)	25-Dec	1211	811	17	1100	35	No
8806526284	Flange Class 150 ANSI (Plant-Chennai)	25-Dec	3794	4051	14	1100	35	Yes
8806526284	Flange Class 150 ANSI (Plant-Bengaluru)	25-Dec	2743	3300	14	1100	35	Yes
8806526284	Flange Class 150 ANSI (Plant-Pune)	26-Jan	1574	1012	15	1100	35	No
8806526284	Flange Class 150 ANSI (Plant-Chakan)	26-Jan	3495	4027	17	1100	35	Yes
8806526284	Flange Class 150 ANSI (Plant-Talegaon)	26-Jan	3174	2309	14	1100	35	No
8806526284	Flange Class 150 ANSI (Plant-Nashik)	26-Jan	1822	1978	14	1100	35	No
8806526284	Flange Class 150 ANSI (Plant-Aurangabad)	26-Jan	1482	1552	18	1100	35	No
8806526284	Flange Class 150 ANSI (Plant-Nagpur)	26-Jan	3810	3021	17	1100	35	No
8806526284	Flange Class 150 ANSI (Plant-Mumbai)	26-Jan	1718	1534	15	1100	35	No
8806526284	Flange Class 150 ANSI (Plant-Gujarat)	26-Jan	1226	1135	13	1100	35	No
8806526284	Flange Class 150 ANSI (Plant-Chennai)	26-Jan	1896	2110	17	1100	35	No
8806526284	Flange Class 150 ANSI (Plant-Bengaluru)	26-Jan	2921	2957	18	1100	35	No
8806526284	Flange Class 150 ANSI (Plant-Pune)	26-Feb	1804	1689	16	1100	35	No
8806526284	Flange Class 150 ANSI (Plant-Chakan)	26-Feb	1460	1807	14	1100	35	Yes
8806526284	Flange Class 150 ANSI (Plant-Talegaon)	26-Feb	2075	1263	16	1100	35	No
8806526284	Flange Class 150 ANSI (Plant-Nashik)	26-Feb	1179	870	13	1100	35	No
8806526284	Flange Class 150 ANSI (Plant-Aurangabad)	26-Feb	3762	2281	18	1100	35	No
8806526284	Flange Class 150 ANSI (Plant-Nagpur)	26-Feb	2040	1600	16	1100	35	No
8806526284	Flange Class 150 ANSI (Plant-Mumbai)	26-Feb	3628	2074	18	1100	35	No
8806526284	Flange Class 150 ANSI (Plant-Gujarat)	26-Feb	3637	3481	17	1100	35	No
8806526284	Flange Class 150 ANSI (Plant-Chennai)	26-Feb	3809	1928	13	1100	35	No
8806526284	Flange Class 150 ANSI (Plant-Bengaluru)	26-Feb	3124	2161	18	1100	35	No
8806526284	Flange Class 150 ANSI (Plant-Pune)	26-Mar	1206	1164	18	1100	35	No
8806526284	Flange Class 150 ANSI (Plant-Chakan)	26-Mar	3191	2298	18	1100	35	No
8806526284	Flange Class 150 ANSI (Plant-Talegaon)	26-Mar	3583	4039	13	1100	35	Yes
8806526284	Flange Class 150 ANSI (Plant-Nashik)	26-Mar	3301	3119	18	1100	35	No
8806526284	Flange Class 150 ANSI (Plant-Aurangabad)	26-Mar	1985	1473	13	1100	35	No
8806526284	Flange Class 150 ANSI (Plant-Nagpur)	26-Mar	1875	1641	15	1100	35	No
8806526284	Flange Class 150 ANSI (Plant-Mumbai)	26-Mar	1959	1072	13	1100	35	No
8806526284	Flange Class 150 ANSI (Plant-Gujarat)	26-Mar	1822	1998	15	1100	35	No
8806526284	Flange Class 150 ANSI (Plant-Chennai)	26-Mar	1490	1379	17	1100	35	No
8806526284	Flange Class 150 ANSI (Plant-Bengaluru)	26-Mar	1121	837	16	1100	35	No
8806526284	Flange Class 150 ANSI (Plant-Pune)	26-Apr	888	731	14	1100	35	No
8806526284	Flange Class 150 ANSI (Plant-Chakan)	26-Apr	3756	1935	17	1100	35	No
8806526284	Flange Class 150 ANSI (Plant-Talegaon)	26-Apr	3318	3277	17	1100	35	No
8806526284	Flange Class 150 ANSI (Plant-Nashik)	26-Apr	2499	2255	15	1100	35	No
8806526284	Flange Class 150 ANSI (Plant-Aurangabad)	26-Apr	3610	2897	15	1100	35	No
8806526284	Flange Class 150 ANSI (Plant-Nagpur)	26-Apr	3332	2817	17	1100	35	No
8806526284	Flange Class 150 ANSI (Plant-Mumbai)	26-Apr	1980	2413	18	1100	35	Yes
8806526284	Flange Class 150 ANSI (Plant-Gujarat)	26-Apr	3683	3128	14	1100	35	No
8806526284	Flange Class 150 ANSI (Plant-Chennai)	26-Apr	3068	2294	13	1100	35	No
8806526284	Flange Class 150 ANSI (Plant-Bengaluru)	26-Apr	3535	4071	15	1100	35	Yes
8806526284	Flange Class 150 ANSI (Plant-Pune)	26-May	3465	3763	16	1100	35	Yes
8806526284	Flange Class 150 ANSI (Plant-Chakan)	26-May	3359	4033	15	1100	35	Yes
8806526284	Flange Class 150 ANSI (Plant-Talegaon)	26-May	2112	2567	13	1100	35	Yes
8806526284	Flange Class 150 ANSI (Plant-Nashik)	26-May	3017	2359	17	1100	35	No
8806526284	Flange Class 150 ANSI (Plant-Aurangabad)	26-May	2479	2224	14	1100	35	No
8806526284	Flange Class 150 ANSI (Plant-Nagpur)	26-May	1461	1714	14	1100	35	Yes
8806526284	Flange Class 150 ANSI (Plant-Mumbai)	26-May	3347	3303	17	1100	35	No
8806526284	Flange Class 150 ANSI (Plant-Gujarat)	26-May	1725	1360	16	1100	35	No
8806526284	Flange Class 150 ANSI (Plant-Chennai)	26-May	3391	3225	15	1100	35	No
8806526284	Flange Class 150 ANSI (Plant-Bengaluru)	26-May	3155	3503	16	1100	35	Yes
8806526284	Flange Class 150 ANSI (Plant-Pune)	26-Jun	3255	3088	17	1100	35	No
8806526284	Flange Class 150 ANSI (Plant-Chakan)	26-Jun	3783	3068	13	1100	35	No
8806526284	Flange Class 150 ANSI (Plant-Talegaon)	26-Jun	3634	4116	14	1100	35	Yes
8806526284	Flange Class 150 ANSI (Plant-Nashik)	26-Jun	3161	3428	17	1100	35	Yes
8806526284	Flange Class 150 ANSI (Plant-Aurangabad)	26-Jun	1788	1301	17	1100	35	No
8806526284	Flange Class 150 ANSI (Plant-Nagpur)	26-Jun	2595	2778	15	1100	35	No
8806526284	Flange Class 150 ANSI (Plant-Mumbai)	26-Jun	1026	823	13	1100	35	No
8806526284	Flange Class 150 ANSI (Plant-Gujarat)	26-Jun	3396	2460	15	1100	35	No
8806526284	Flange Class 150 ANSI (Plant-Chennai)	26-Jun	1116	1100	17	1100	35	No
8806526284	Flange Class 150 ANSI (Plant-Bengaluru)	26-Jun	1472	1693	13	1100	35	Yes
8806526285	Industrial Gasket Non-Asbestos (Plant-Pune)	25-Jan	6895	5356	8	6000	8	No
8806526285	Industrial Gasket Non-Asbestos (Plant-Chakan)	25-Jan	5042	2828	3	6000	8	No
8806526285	Industrial Gasket Non-Asbestos (Plant-Talegaon)	25-Jan	15995	16601	7	6000	8	No
8806526285	Industrial Gasket Non-Asbestos (Plant-Nashik)	25-Jan	17808	13680	8	6000	8	No
8806526285	Industrial Gasket Non-Asbestos (Plant-Aurangabad)	25-Jan	5612	6264	6	6000	8	No
8806526285	Industrial Gasket Non-Asbestos (Plant-Nagpur)	25-Jan	5370	3991	6	6000	8	No
8806526285	Industrial Gasket Non-Asbestos (Plant-Mumbai)	25-Jan	20505	24277	3	6000	8	Yes
8806526285	Industrial Gasket Non-Asbestos (Plant-Gujarat)	25-Jan	17273	21256	7	6000	8	Yes
8806526285	Industrial Gasket Non-Asbestos (Plant-Chennai)	25-Jan	9270	6892	5	6000	8	No
8806526285	Industrial Gasket Non-Asbestos (Plant-Bengaluru)	25-Jan	6852	7480	4	6000	8	No
8806526285	Industrial Gasket Non-Asbestos (Plant-Pune)	25-Feb	11933	8664	5	6000	8	No
8806526285	Industrial Gasket Non-Asbestos (Plant-Chakan)	25-Feb	8954	4523	4	6000	8	No
8806526285	Industrial Gasket Non-Asbestos (Plant-Talegaon)	25-Feb	6197	6690	3	6000	8	No
8806526285	Industrial Gasket Non-Asbestos (Plant-Nashik)	25-Feb	11987	10600	8	6000	8	No
8806526285	Industrial Gasket Non-Asbestos (Plant-Aurangabad)	25-Feb	17570	16823	7	6000	8	No
8806526285	Industrial Gasket Non-Asbestos (Plant-Nagpur)	25-Feb	11944	8429	7	6000	8	No
8806526285	Industrial Gasket Non-Asbestos (Plant-Mumbai)	25-Feb	13841	15095	8	6000	8	Yes
8806526285	Industrial Gasket Non-Asbestos (Plant-Gujarat)	25-Feb	12419	14560	6	6000	8	Yes
8806526285	Industrial Gasket Non-Asbestos (Plant-Chennai)	25-Feb	20808	21339	5	6000	8	No
8806526285	Industrial Gasket Non-Asbestos (Plant-Bengaluru)	25-Feb	7497	7601	4	6000	8	No
8806526285	Industrial Gasket Non-Asbestos (Plant-Pune)	25-Mar	15056	17849	3	6000	8	Yes
8806526285	Industrial Gasket Non-Asbestos (Plant-Chakan)	25-Mar	19083	21244	3	6000	8	Yes
8806526285	Industrial Gasket Non-Asbestos (Plant-Talegaon)	25-Mar	19958	21671	6	6000	8	Yes
8806526285	Industrial Gasket Non-Asbestos (Plant-Nashik)	25-Mar	20523	22237	3	6000	8	Yes
8806526285	Industrial Gasket Non-Asbestos (Plant-Aurangabad)	25-Mar	5322	6375	4	6000	8	No
8806526285	Industrial Gasket Non-Asbestos (Plant-Nagpur)	25-Mar	4969	4106	4	6000	8	No
8806526285	Industrial Gasket Non-Asbestos (Plant-Mumbai)	25-Mar	13316	10575	4	6000	8	No
8806526285	Industrial Gasket Non-Asbestos (Plant-Gujarat)	25-Mar	11477	14233	5	6000	8	Yes
8806526285	Industrial Gasket Non-Asbestos (Plant-Chennai)	25-Mar	6958	7106	3	6000	8	No
8806526285	Industrial Gasket Non-Asbestos (Plant-Bengaluru)	25-Mar	16370	15596	7	6000	8	No
8806526285	Industrial Gasket Non-Asbestos (Plant-Pune)	25-Apr	14434	9162	4	6000	8	No
8806526285	Industrial Gasket Non-Asbestos (Plant-Chakan)	25-Apr	18554	11077	4	6000	8	No
8806526285	Industrial Gasket Non-Asbestos (Plant-Talegaon)	25-Apr	20603	10428	4	6000	8	No
8806526285	Industrial Gasket Non-Asbestos (Plant-Nashik)	25-Apr	12503	14997	7	6000	8	Yes
8806526285	Industrial Gasket Non-Asbestos (Plant-Aurangabad)	25-Apr	9940	11741	3	6000	8	Yes
8806526285	Industrial Gasket Non-Asbestos (Plant-Nagpur)	25-Apr	12928	13542	7	6000	8	No
8806526285	Industrial Gasket Non-Asbestos (Plant-Mumbai)	25-Apr	12874	12644	6	6000	8	No
8806526285	Industrial Gasket Non-Asbestos (Plant-Gujarat)	25-Apr	15548	16177	3	6000	8	No
8806526285	Industrial Gasket Non-Asbestos (Plant-Chennai)	25-Apr	16201	18375	5	6000	8	Yes
8806526285	Industrial Gasket Non-Asbestos (Plant-Bengaluru)	25-Apr	20606	16757	5	6000	8	No
8806526285	Industrial Gasket Non-Asbestos (Plant-Pune)	25-May	8997	7354	3	6000	8	No
8806526285	Industrial Gasket Non-Asbestos (Plant-Chakan)	25-May	13755	9569	8	6000	8	No
8806526285	Industrial Gasket Non-Asbestos (Plant-Talegaon)	25-May	6189	6996	4	6000	8	No
8806526285	Industrial Gasket Non-Asbestos (Plant-Nashik)	25-May	14420	14482	4	6000	8	No
8806526285	Industrial Gasket Non-Asbestos (Plant-Aurangabad)	25-May	9966	10483	8	6000	8	No
8806526285	Industrial Gasket Non-Asbestos (Plant-Nagpur)	25-May	16141	17461	5	6000	8	Yes
8806526285	Industrial Gasket Non-Asbestos (Plant-Mumbai)	25-May	5508	4997	4	6000	8	No
8806526285	Industrial Gasket Non-Asbestos (Plant-Gujarat)	25-May	8408	10392	3	6000	8	Yes
8806526285	Industrial Gasket Non-Asbestos (Plant-Chennai)	25-May	19119	11279	6	6000	8	No
8806526285	Industrial Gasket Non-Asbestos (Plant-Bengaluru)	25-May	15113	15809	6	6000	8	No
8806526285	Industrial Gasket Non-Asbestos (Plant-Pune)	25-Jun	8742	9804	4	6000	8	No
8806526285	Industrial Gasket Non-Asbestos (Plant-Chakan)	25-Jun	8879	8598	6	6000	8	No
8806526285	Industrial Gasket Non-Asbestos (Plant-Talegaon)	25-Jun	8709	7965	3	6000	8	No
8806526285	Industrial Gasket Non-Asbestos (Plant-Nashik)	25-Jun	11708	14424	4	6000	8	Yes
8806526285	Industrial Gasket Non-Asbestos (Plant-Aurangabad)	25-Jun	15568	11987	6	6000	8	No
8806526285	Industrial Gasket Non-Asbestos (Plant-Nagpur)	25-Jun	16904	12506	3	6000	8	No
8806526285	Industrial Gasket Non-Asbestos (Plant-Mumbai)	25-Jun	18764	19602	6	6000	8	No
8806526285	Industrial Gasket Non-Asbestos (Plant-Gujarat)	25-Jun	6980	6282	5	6000	8	No
8806526285	Industrial Gasket Non-Asbestos (Plant-Chennai)	25-Jun	11341	6330	5	6000	8	No
8806526285	Industrial Gasket Non-Asbestos (Plant-Bengaluru)	25-Jun	15134	9523	4	6000	8	No
8806526285	Industrial Gasket Non-Asbestos (Plant-Pune)	25-Jul	19109	13745	3	6000	8	No
8806526285	Industrial Gasket Non-Asbestos (Plant-Chakan)	25-Jul	14364	9557	6	6000	8	No
8806526285	Industrial Gasket Non-Asbestos (Plant-Talegaon)	25-Jul	7229	7263	5	6000	8	No
8806526285	Industrial Gasket Non-Asbestos (Plant-Nashik)	25-Jul	14593	12253	8	6000	8	No
8806526285	Industrial Gasket Non-Asbestos (Plant-Aurangabad)	25-Jul	17989	12568	5	6000	8	No
8806526285	Industrial Gasket Non-Asbestos (Plant-Nagpur)	25-Jul	11423	13578	4	6000	8	Yes
8806526285	Industrial Gasket Non-Asbestos (Plant-Mumbai)	25-Jul	11694	12649	7	6000	8	No
8806526285	Industrial Gasket Non-Asbestos (Plant-Gujarat)	25-Jul	5571	3025	4	6000	8	No
8806526285	Industrial Gasket Non-Asbestos (Plant-Chennai)	25-Jul	14795	8521	3	6000	8	No
8806526285	Industrial Gasket Non-Asbestos (Plant-Bengaluru)	25-Jul	19961	24302	8	6000	8	Yes
8806526285	Industrial Gasket Non-Asbestos (Plant-Pune)	25-Aug	16869	10665	6	6000	8	No
8806526285	Industrial Gasket Non-Asbestos (Plant-Chakan)	25-Aug	10552	12123	4	6000	8	Yes
8806526285	Industrial Gasket Non-Asbestos (Plant-Talegaon)	25-Aug	16457	8585	3	6000	8	No
8806526285	Industrial Gasket Non-Asbestos (Plant-Nashik)	25-Aug	5148	2816	7	6000	8	No
8806526285	Industrial Gasket Non-Asbestos (Plant-Aurangabad)	25-Aug	20563	12906	4	6000	8	No
8806526285	Industrial Gasket Non-Asbestos (Plant-Nagpur)	25-Aug	5847	3206	6	6000	8	No
8806526285	Industrial Gasket Non-Asbestos (Plant-Mumbai)	25-Aug	17722	20958	3	6000	8	Yes
8806526285	Industrial Gasket Non-Asbestos (Plant-Gujarat)	25-Aug	8831	5600	6	6000	8	No
8806526285	Industrial Gasket Non-Asbestos (Plant-Chennai)	25-Aug	16580	14872	8	6000	8	No
8806526285	Industrial Gasket Non-Asbestos (Plant-Bengaluru)	25-Aug	7557	7074	3	6000	8	No
8806526285	Industrial Gasket Non-Asbestos (Plant-Pune)	25-Sep	6287	4951	5	6000	8	No
8806526285	Industrial Gasket Non-Asbestos (Plant-Chakan)	25-Sep	18011	9091	7	6000	8	No
8806526285	Industrial Gasket Non-Asbestos (Plant-Talegaon)	25-Sep	14024	10260	6	6000	8	No
8806526285	Industrial Gasket Non-Asbestos (Plant-Nashik)	25-Sep	15783	12855	6	6000	8	No
8806526285	Industrial Gasket Non-Asbestos (Plant-Aurangabad)	25-Sep	18443	12154	6	6000	8	No
8806526285	Industrial Gasket Non-Asbestos (Plant-Nagpur)	25-Sep	7310	8270	5	6000	8	No
8806526285	Industrial Gasket Non-Asbestos (Plant-Mumbai)	25-Sep	16784	8779	6	6000	8	No
8806526285	Industrial Gasket Non-Asbestos (Plant-Gujarat)	25-Sep	20992	13227	5	6000	8	No
8806526285	Industrial Gasket Non-Asbestos (Plant-Chennai)	25-Sep	17563	17251	6	6000	8	No
8806526285	Industrial Gasket Non-Asbestos (Plant-Bengaluru)	25-Sep	7970	9897	4	6000	8	Yes
8806526285	Industrial Gasket Non-Asbestos (Plant-Pune)	25-Oct	11689	13864	3	6000	8	Yes
8806526285	Industrial Gasket Non-Asbestos (Plant-Chakan)	25-Oct	13575	12674	6	6000	8	No
8806526285	Industrial Gasket Non-Asbestos (Plant-Talegaon)	25-Oct	5568	2977	6	6000	8	No
8806526285	Industrial Gasket Non-Asbestos (Plant-Nashik)	25-Oct	5272	4939	8	6000	8	No
8806526285	Industrial Gasket Non-Asbestos (Plant-Aurangabad)	25-Oct	9203	11203	4	6000	8	Yes
8806526285	Industrial Gasket Non-Asbestos (Plant-Nagpur)	25-Oct	6809	7194	7	6000	8	No
8806526285	Industrial Gasket Non-Asbestos (Plant-Mumbai)	25-Oct	15933	19800	6	6000	8	Yes
8806526285	Industrial Gasket Non-Asbestos (Plant-Gujarat)	25-Oct	17645	16145	3	6000	8	No
8806526285	Industrial Gasket Non-Asbestos (Plant-Chennai)	25-Oct	20264	21190	3	6000	8	No
8806526285	Industrial Gasket Non-Asbestos (Plant-Bengaluru)	25-Oct	18985	20315	4	6000	8	Yes
8806526285	Industrial Gasket Non-Asbestos (Plant-Pune)	25-Nov	17117	14802	8	6000	8	No
8806526285	Industrial Gasket Non-Asbestos (Plant-Chakan)	25-Nov	20770	19577	6	6000	8	No
8806526285	Industrial Gasket Non-Asbestos (Plant-Talegaon)	25-Nov	4992	4901	6	6000	8	No
8806526285	Industrial Gasket Non-Asbestos (Plant-Nashik)	25-Nov	10715	5744	3	6000	8	No
8806526285	Industrial Gasket Non-Asbestos (Plant-Aurangabad)	25-Nov	5637	5066	8	6000	8	No
8806526285	Industrial Gasket Non-Asbestos (Plant-Nagpur)	25-Nov	18245	10290	7	6000	8	No
8806526285	Industrial Gasket Non-Asbestos (Plant-Mumbai)	25-Nov	11129	8730	8	6000	8	No
8806526285	Industrial Gasket Non-Asbestos (Plant-Gujarat)	25-Nov	14423	13797	5	6000	8	No
8806526285	Industrial Gasket Non-Asbestos (Plant-Chennai)	25-Nov	15087	13855	6	6000	8	No
8806526285	Industrial Gasket Non-Asbestos (Plant-Bengaluru)	25-Nov	13507	11970	8	6000	8	No
8806526285	Industrial Gasket Non-Asbestos (Plant-Pune)	25-Dec	8552	7383	4	6000	8	No
8806526285	Industrial Gasket Non-Asbestos (Plant-Chakan)	25-Dec	10795	6424	7	6000	8	No
8806526285	Industrial Gasket Non-Asbestos (Plant-Talegaon)	25-Dec	15107	11056	6	6000	8	No
8806526285	Industrial Gasket Non-Asbestos (Plant-Nashik)	25-Dec	19222	21017	3	6000	8	Yes
8806526285	Industrial Gasket Non-Asbestos (Plant-Aurangabad)	25-Dec	8408	10282	6	6000	8	Yes
8806526285	Industrial Gasket Non-Asbestos (Plant-Nagpur)	25-Dec	20798	17667	3	6000	8	No
8806526285	Industrial Gasket Non-Asbestos (Plant-Mumbai)	25-Dec	19574	23364	3	6000	8	Yes
8806526285	Industrial Gasket Non-Asbestos (Plant-Gujarat)	25-Dec	19351	11741	3	6000	8	No
8806526285	Industrial Gasket Non-Asbestos (Plant-Chennai)	25-Dec	7891	9584	7	6000	8	Yes
8806526285	Industrial Gasket Non-Asbestos (Plant-Bengaluru)	25-Dec	7001	7656	3	6000	8	No
8806526285	Industrial Gasket Non-Asbestos (Plant-Pune)	26-Jan	10517	8653	5	6000	8	No
8806526285	Industrial Gasket Non-Asbestos (Plant-Chakan)	26-Jan	20143	10730	4	6000	8	No
8806526285	Industrial Gasket Non-Asbestos (Plant-Talegaon)	26-Jan	17133	12226	5	6000	8	No
8806526285	Industrial Gasket Non-Asbestos (Plant-Nashik)	26-Jan	9400	8593	8	6000	8	No
8806526285	Industrial Gasket Non-Asbestos (Plant-Aurangabad)	26-Jan	13186	11717	3	6000	8	No
8806526285	Industrial Gasket Non-Asbestos (Plant-Nagpur)	26-Jan	19603	9882	5	6000	8	No
8806526285	Industrial Gasket Non-Asbestos (Plant-Mumbai)	26-Jan	11044	10598	3	6000	8	No
8806526285	Industrial Gasket Non-Asbestos (Plant-Gujarat)	26-Jan	8239	4674	6	6000	8	No
8806526285	Industrial Gasket Non-Asbestos (Plant-Chennai)	26-Jan	20595	22713	3	6000	8	Yes
8806526285	Industrial Gasket Non-Asbestos (Plant-Bengaluru)	26-Jan	16735	9012	8	6000	8	No
8806526285	Industrial Gasket Non-Asbestos (Plant-Pune)	26-Feb	18330	15608	3	6000	8	No
8806526285	Industrial Gasket Non-Asbestos (Plant-Chakan)	26-Feb	11334	6707	3	6000	8	No
8806526285	Industrial Gasket Non-Asbestos (Plant-Talegaon)	26-Feb	9608	6419	4	6000	8	No
8806526285	Industrial Gasket Non-Asbestos (Plant-Nashik)	26-Feb	6943	7220	6	6000	8	No
8806526285	Industrial Gasket Non-Asbestos (Plant-Aurangabad)	26-Feb	20790	13386	8	6000	8	No
8806526285	Industrial Gasket Non-Asbestos (Plant-Nagpur)	26-Feb	16374	13179	8	6000	8	No
8806526285	Industrial Gasket Non-Asbestos (Plant-Mumbai)	26-Feb	9218	8515	6	6000	8	No
8806526285	Industrial Gasket Non-Asbestos (Plant-Gujarat)	26-Feb	5931	5393	4	6000	8	No
8806526285	Industrial Gasket Non-Asbestos (Plant-Chennai)	26-Feb	20826	13335	5	6000	8	No
8806526285	Industrial Gasket Non-Asbestos (Plant-Bengaluru)	26-Feb	17320	16741	6	6000	8	No
8806526285	Industrial Gasket Non-Asbestos (Plant-Pune)	26-Mar	14883	14003	8	6000	8	No
8806526285	Industrial Gasket Non-Asbestos (Plant-Chakan)	26-Mar	6993	4960	6	6000	8	No
8806526285	Industrial Gasket Non-Asbestos (Plant-Talegaon)	26-Mar	8196	10034	5	6000	8	Yes
8806526285	Industrial Gasket Non-Asbestos (Plant-Nashik)	26-Mar	20483	11834	8	6000	8	No
8806526285	Industrial Gasket Non-Asbestos (Plant-Aurangabad)	26-Mar	10450	5580	8	6000	8	No
8806526285	Industrial Gasket Non-Asbestos (Plant-Nagpur)	26-Mar	14497	12515	4	6000	8	No
8806526285	Industrial Gasket Non-Asbestos (Plant-Mumbai)	26-Mar	15765	14127	7	6000	8	No
8806526285	Industrial Gasket Non-Asbestos (Plant-Gujarat)	26-Mar	13818	12316	3	6000	8	No
8806526285	Industrial Gasket Non-Asbestos (Plant-Chennai)	26-Mar	7192	5550	8	6000	8	No
8806526285	Industrial Gasket Non-Asbestos (Plant-Bengaluru)	26-Mar	7413	7730	8	6000	8	No
8806526285	Industrial Gasket Non-Asbestos (Plant-Pune)	26-Apr	16732	14172	8	6000	8	No
8806526285	Industrial Gasket Non-Asbestos (Plant-Chakan)	26-Apr	8862	8499	6	6000	8	No
8806526285	Industrial Gasket Non-Asbestos (Plant-Talegaon)	26-Apr	5097	4683	3	6000	8	No
8806526285	Industrial Gasket Non-Asbestos (Plant-Nashik)	26-Apr	12371	8503	8	6000	8	No
8806526285	Industrial Gasket Non-Asbestos (Plant-Aurangabad)	26-Apr	9589	9383	8	6000	8	No
8806526285	Industrial Gasket Non-Asbestos (Plant-Nagpur)	26-Apr	18177	10903	6	6000	8	No
8806526285	Industrial Gasket Non-Asbestos (Plant-Mumbai)	26-Apr	7902	4870	8	6000	8	No
8806526285	Industrial Gasket Non-Asbestos (Plant-Gujarat)	26-Apr	8113	9459	7	6000	8	Yes
8806526285	Industrial Gasket Non-Asbestos (Plant-Chennai)	26-Apr	11378	14165	7	6000	8	Yes
8806526285	Industrial Gasket Non-Asbestos (Plant-Bengaluru)	26-Apr	11234	10626	8	6000	8	No
8806526285	Industrial Gasket Non-Asbestos (Plant-Pune)	26-May	12074	6169	3	6000	8	No
8806526285	Industrial Gasket Non-Asbestos (Plant-Chakan)	26-May	8516	7110	3	6000	8	No
8806526285	Industrial Gasket Non-Asbestos (Plant-Talegaon)	26-May	13096	16312	4	6000	8	Yes
8806526285	Industrial Gasket Non-Asbestos (Plant-Nashik)	26-May	13742	7412	3	6000	8	No
8806526285	Industrial Gasket Non-Asbestos (Plant-Aurangabad)	26-May	13569	11201	4	6000	8	No
8806526285	Industrial Gasket Non-Asbestos (Plant-Nagpur)	26-May	20688	14663	3	6000	8	No
8806526285	Industrial Gasket Non-Asbestos (Plant-Mumbai)	26-May	9180	5287	7	6000	8	No
8806526285	Industrial Gasket Non-Asbestos (Plant-Gujarat)	26-May	15479	16895	4	6000	8	Yes
8806526285	Industrial Gasket Non-Asbestos (Plant-Chennai)	26-May	16082	8453	8	6000	8	No
8806526285	Industrial Gasket Non-Asbestos (Plant-Bengaluru)	26-May	13076	10669	8	6000	8	No
8806526285	Industrial Gasket Non-Asbestos (Plant-Pune)	26-Jun	18102	17280	8	6000	8	No
8806526285	Industrial Gasket Non-Asbestos (Plant-Chakan)	26-Jun	20923	24188	3	6000	8	Yes
8806526285	Industrial Gasket Non-Asbestos (Plant-Talegaon)	26-Jun	10506	6545	6	6000	8	No
8806526285	Industrial Gasket Non-Asbestos (Plant-Nashik)	26-Jun	15060	18565	8	6000	8	Yes
8806526285	Industrial Gasket Non-Asbestos (Plant-Aurangabad)	26-Jun	18742	21469	7	6000	8	Yes
8806526285	Industrial Gasket Non-Asbestos (Plant-Nagpur)	26-Jun	18629	11065	8	6000	8	No
8806526285	Industrial Gasket Non-Asbestos (Plant-Mumbai)	26-Jun	20098	12393	5	6000	8	No
8806526285	Industrial Gasket Non-Asbestos (Plant-Gujarat)	26-Jun	8476	8921	5	6000	8	No
8806526285	Industrial Gasket Non-Asbestos (Plant-Chennai)	26-Jun	12599	8510	5	6000	8	No
8806526285	Industrial Gasket Non-Asbestos (Plant-Bengaluru)	26-Jun	8504	7474	7	6000	8	No
8806526286	AC Induction Motor 10HP (Plant-Pune)	25-Jan	162	199	37	80	850	Yes
8806526286	AC Induction Motor 10HP (Plant-Chakan)	25-Jan	270	194	34	80	850	No
8806526286	AC Induction Motor 10HP (Plant-Talegaon)	25-Jan	199	232	38	80	850	Yes
8806526286	AC Induction Motor 10HP (Plant-Nashik)	25-Jan	135	155	36	80	850	Yes
8806526286	AC Induction Motor 10HP (Plant-Aurangabad)	25-Jan	276	218	35	80	850	No
8806526286	AC Induction Motor 10HP (Plant-Nagpur)	25-Jan	172	135	38	80	850	No
8806526286	AC Induction Motor 10HP (Plant-Mumbai)	25-Jan	247	223	33	80	850	No
8806526286	AC Induction Motor 10HP (Plant-Gujarat)	25-Jan	97	115	33	80	850	Yes
8806526286	AC Induction Motor 10HP (Plant-Chennai)	25-Jan	211	186	36	80	850	No
8806526286	AC Induction Motor 10HP (Plant-Bengaluru)	25-Jan	201	145	36	80	850	No
8806526286	AC Induction Motor 10HP (Plant-Pune)	25-Feb	67	58	34	80	850	No
8806526286	AC Induction Motor 10HP (Plant-Chakan)	25-Feb	257	151	38	80	850	No
8806526286	AC Induction Motor 10HP (Plant-Talegaon)	25-Feb	253	158	37	80	850	No
8806526286	AC Induction Motor 10HP (Plant-Nashik)	25-Feb	170	210	37	80	850	Yes
8806526286	AC Induction Motor 10HP (Plant-Aurangabad)	25-Feb	191	163	37	80	850	No
8806526286	AC Induction Motor 10HP (Plant-Nagpur)	25-Feb	213	178	34	80	850	No
8806526286	AC Induction Motor 10HP (Plant-Mumbai)	25-Feb	123	123	34	80	850	No
8806526286	AC Induction Motor 10HP (Plant-Gujarat)	25-Feb	165	186	37	80	850	Yes
8806526286	AC Induction Motor 10HP (Plant-Chennai)	25-Feb	109	89	35	80	850	No
8806526286	AC Induction Motor 10HP (Plant-Bengaluru)	25-Feb	105	75	37	80	850	No
8806526286	AC Induction Motor 10HP (Plant-Pune)	25-Mar	67	48	35	80	850	No
8806526286	AC Induction Motor 10HP (Plant-Chakan)	25-Mar	273	335	35	80	850	Yes
8806526286	AC Induction Motor 10HP (Plant-Talegaon)	25-Mar	112	100	33	80	850	No
8806526286	AC Induction Motor 10HP (Plant-Nashik)	25-Mar	184	124	34	80	850	No
8806526286	AC Induction Motor 10HP (Plant-Aurangabad)	25-Mar	214	110	35	80	850	No
8806526286	AC Induction Motor 10HP (Plant-Nagpur)	25-Mar	217	110	38	80	850	No
8806526286	AC Induction Motor 10HP (Plant-Mumbai)	25-Mar	119	61	33	80	850	No
8806526286	AC Induction Motor 10HP (Plant-Gujarat)	25-Mar	137	143	38	80	850	No
8806526286	AC Induction Motor 10HP (Plant-Chennai)	25-Mar	162	142	35	80	850	No
8806526286	AC Induction Motor 10HP (Plant-Bengaluru)	25-Mar	141	158	36	80	850	Yes
8806526286	AC Induction Motor 10HP (Plant-Pune)	25-Apr	200	168	37	80	850	No
8806526286	AC Induction Motor 10HP (Plant-Chakan)	25-Apr	236	282	33	80	850	Yes
8806526286	AC Induction Motor 10HP (Plant-Talegaon)	25-Apr	77	66	36	80	850	No
8806526286	AC Induction Motor 10HP (Plant-Nashik)	25-Apr	240	252	37	80	850	No
8806526286	AC Induction Motor 10HP (Plant-Aurangabad)	25-Apr	223	241	33	80	850	Yes
8806526286	AC Induction Motor 10HP (Plant-Nagpur)	25-Apr	87	95	37	80	850	No
8806526286	AC Induction Motor 10HP (Plant-Mumbai)	25-Apr	116	92	36	80	850	No
8806526286	AC Induction Motor 10HP (Plant-Gujarat)	25-Apr	265	287	34	80	850	Yes
8806526286	AC Induction Motor 10HP (Plant-Chennai)	25-Apr	115	121	33	80	850	No
8806526286	AC Induction Motor 10HP (Plant-Bengaluru)	25-Apr	257	273	38	80	850	No
8806526286	AC Induction Motor 10HP (Plant-Pune)	25-May	277	277	36	80	850	No
8806526286	AC Induction Motor 10HP (Plant-Chakan)	25-May	202	224	33	80	850	Yes
8806526286	AC Induction Motor 10HP (Plant-Talegaon)	25-May	154	114	35	80	850	No
8806526286	AC Induction Motor 10HP (Plant-Nashik)	25-May	113	71	37	80	850	No
8806526286	AC Induction Motor 10HP (Plant-Aurangabad)	25-May	196	241	35	80	850	Yes
8806526286	AC Induction Motor 10HP (Plant-Nagpur)	25-May	147	117	36	80	850	No
8806526286	AC Induction Motor 10HP (Plant-Mumbai)	25-May	109	101	35	80	850	No
8806526286	AC Induction Motor 10HP (Plant-Gujarat)	25-May	116	65	38	80	850	No
8806526286	AC Induction Motor 10HP (Plant-Chennai)	25-May	135	166	34	80	850	Yes
8806526286	AC Induction Motor 10HP (Plant-Bengaluru)	25-May	193	163	35	80	850	No
8806526286	AC Induction Motor 10HP (Plant-Pune)	25-Jun	163	123	37	80	850	No
8806526286	AC Induction Motor 10HP (Plant-Chakan)	25-Jun	119	84	34	80	850	No
8806526286	AC Induction Motor 10HP (Plant-Talegaon)	25-Jun	86	95	37	80	850	No
8806526286	AC Induction Motor 10HP (Plant-Nashik)	25-Jun	82	96	34	80	850	No
8806526286	AC Induction Motor 10HP (Plant-Aurangabad)	25-Jun	115	62	38	80	850	No
8806526286	AC Induction Motor 10HP (Plant-Nagpur)	25-Jun	255	150	37	80	850	No
8806526286	AC Induction Motor 10HP (Plant-Mumbai)	25-Jun	83	76	37	80	850	No
8806526286	AC Induction Motor 10HP (Plant-Gujarat)	25-Jun	244	228	33	80	850	No
8806526286	AC Induction Motor 10HP (Plant-Chennai)	25-Jun	118	125	36	80	850	No
8806526286	AC Induction Motor 10HP (Plant-Bengaluru)	25-Jun	143	103	33	80	850	No
8806526286	AC Induction Motor 10HP (Plant-Pune)	25-Jul	87	67	36	80	850	No
8806526286	AC Induction Motor 10HP (Plant-Chakan)	25-Jul	147	111	33	80	850	No
8806526286	AC Induction Motor 10HP (Plant-Talegaon)	25-Jul	202	247	38	80	850	Yes
8806526286	AC Induction Motor 10HP (Plant-Nashik)	25-Jul	149	150	35	80	850	No
8806526286	AC Induction Motor 10HP (Plant-Aurangabad)	25-Jul	224	201	35	80	850	No
8806526286	AC Induction Motor 10HP (Plant-Nagpur)	25-Jul	170	105	37	80	850	No
8806526286	AC Induction Motor 10HP (Plant-Mumbai)	25-Jul	127	71	38	80	850	No
8806526286	AC Induction Motor 10HP (Plant-Gujarat)	25-Jul	241	239	36	80	850	No
8806526286	AC Induction Motor 10HP (Plant-Chennai)	25-Jul	226	185	34	80	850	No
8806526286	AC Induction Motor 10HP (Plant-Bengaluru)	25-Jul	104	124	37	80	850	Yes
8806526286	AC Induction Motor 10HP (Plant-Pune)	25-Aug	111	117	34	80	850	No
8806526286	AC Induction Motor 10HP (Plant-Chakan)	25-Aug	266	145	34	80	850	No
8806526286	AC Induction Motor 10HP (Plant-Talegaon)	25-Aug	251	222	34	80	850	No
8806526286	AC Induction Motor 10HP (Plant-Nashik)	25-Aug	268	333	33	80	850	Yes
8806526286	AC Induction Motor 10HP (Plant-Aurangabad)	25-Aug	105	97	36	80	850	No
8806526286	AC Induction Motor 10HP (Plant-Nagpur)	25-Aug	215	131	35	80	850	No
8806526286	AC Induction Motor 10HP (Plant-Mumbai)	25-Aug	129	133	33	80	850	No
8806526286	AC Induction Motor 10HP (Plant-Gujarat)	25-Aug	189	197	37	80	850	No
8806526286	AC Induction Motor 10HP (Plant-Chennai)	25-Aug	277	285	33	80	850	No
8806526286	AC Induction Motor 10HP (Plant-Bengaluru)	25-Aug	175	117	38	80	850	No
8806526286	AC Induction Motor 10HP (Plant-Pune)	25-Sep	236	287	35	80	850	Yes
8806526286	AC Induction Motor 10HP (Plant-Chakan)	25-Sep	209	225	36	80	850	No
8806526286	AC Induction Motor 10HP (Plant-Talegaon)	25-Sep	183	211	36	80	850	Yes
8806526286	AC Induction Motor 10HP (Plant-Nashik)	25-Sep	95	108	38	80	850	No
8806526286	AC Induction Motor 10HP (Plant-Aurangabad)	25-Sep	171	126	36	80	850	No
8806526286	AC Induction Motor 10HP (Plant-Nagpur)	25-Sep	95	101	34	80	850	No
8806526286	AC Induction Motor 10HP (Plant-Mumbai)	25-Sep	238	266	38	80	850	Yes
8806526286	AC Induction Motor 10HP (Plant-Gujarat)	25-Sep	210	187	33	80	850	No
8806526286	AC Induction Motor 10HP (Plant-Chennai)	25-Sep	69	80	33	80	850	No
8806526286	AC Induction Motor 10HP (Plant-Bengaluru)	25-Sep	190	192	37	80	850	No
8806526286	AC Induction Motor 10HP (Plant-Pune)	25-Oct	78	42	34	80	850	No
8806526286	AC Induction Motor 10HP (Plant-Chakan)	25-Oct	133	141	36	80	850	No
8806526286	AC Induction Motor 10HP (Plant-Talegaon)	25-Oct	199	216	38	80	850	Yes
8806526286	AC Induction Motor 10HP (Plant-Nashik)	25-Oct	184	124	35	80	850	No
8806526286	AC Induction Motor 10HP (Plant-Aurangabad)	25-Oct	70	71	37	80	850	No
8806526286	AC Induction Motor 10HP (Plant-Nagpur)	25-Oct	206	119	34	80	850	No
8806526286	AC Induction Motor 10HP (Plant-Mumbai)	25-Oct	214	199	34	80	850	No
8806526286	AC Induction Motor 10HP (Plant-Gujarat)	25-Oct	167	167	35	80	850	No
8806526286	AC Induction Motor 10HP (Plant-Chennai)	25-Oct	272	141	35	80	850	No
8806526286	AC Induction Motor 10HP (Plant-Bengaluru)	25-Oct	180	173	35	80	850	No
8806526286	AC Induction Motor 10HP (Plant-Pune)	25-Nov	192	179	33	80	850	No
8806526286	AC Induction Motor 10HP (Plant-Chakan)	25-Nov	122	72	34	80	850	No
8806526286	AC Induction Motor 10HP (Plant-Talegaon)	25-Nov	248	154	34	80	850	No
8806526286	AC Induction Motor 10HP (Plant-Nashik)	25-Nov	245	148	33	80	850	No
8806526286	AC Induction Motor 10HP (Plant-Aurangabad)	25-Nov	139	160	38	80	850	Yes
8806526286	AC Induction Motor 10HP (Plant-Nagpur)	25-Nov	208	225	35	80	850	Yes
8806526286	AC Induction Motor 10HP (Plant-Mumbai)	25-Nov	71	76	37	80	850	No
8806526286	AC Induction Motor 10HP (Plant-Gujarat)	25-Nov	100	92	35	80	850	No
8806526286	AC Induction Motor 10HP (Plant-Chennai)	25-Nov	118	123	37	80	850	No
8806526286	AC Induction Motor 10HP (Plant-Bengaluru)	25-Nov	175	163	36	80	850	No
8806526286	AC Induction Motor 10HP (Plant-Pune)	25-Dec	110	56	38	80	850	No
8806526286	AC Induction Motor 10HP (Plant-Chakan)	25-Dec	103	54	33	80	850	No
8806526286	AC Induction Motor 10HP (Plant-Talegaon)	25-Dec	66	54	34	80	850	No
8806526286	AC Induction Motor 10HP (Plant-Nashik)	25-Dec	176	200	34	80	850	Yes
8806526286	AC Induction Motor 10HP (Plant-Aurangabad)	25-Dec	134	79	38	80	850	No
8806526286	AC Induction Motor 10HP (Plant-Nagpur)	25-Dec	188	135	38	80	850	No
8806526286	AC Induction Motor 10HP (Plant-Mumbai)	25-Dec	183	117	35	80	850	No
8806526286	AC Induction Motor 10HP (Plant-Gujarat)	25-Dec	229	121	38	80	850	No
8806526286	AC Induction Motor 10HP (Plant-Chennai)	25-Dec	228	242	34	80	850	No
8806526286	AC Induction Motor 10HP (Plant-Bengaluru)	25-Dec	106	96	34	80	850	No
8806526286	AC Induction Motor 10HP (Plant-Pune)	26-Jan	120	95	34	80	850	No
8806526286	AC Induction Motor 10HP (Plant-Chakan)	26-Jan	233	193	33	80	850	No
8806526286	AC Induction Motor 10HP (Plant-Talegaon)	26-Jan	145	85	36	80	850	No
8806526286	AC Induction Motor 10HP (Plant-Nashik)	26-Jan	118	133	37	80	850	No
8806526286	AC Induction Motor 10HP (Plant-Aurangabad)	26-Jan	153	139	37	80	850	No
8806526286	AC Induction Motor 10HP (Plant-Nagpur)	26-Jan	168	155	36	80	850	No
8806526286	AC Induction Motor 10HP (Plant-Mumbai)	26-Jan	155	140	34	80	850	No
8806526286	AC Induction Motor 10HP (Plant-Gujarat)	26-Jan	161	140	36	80	850	No
8806526286	AC Induction Motor 10HP (Plant-Chennai)	26-Jan	164	135	34	80	850	No
8806526286	AC Induction Motor 10HP (Plant-Bengaluru)	26-Jan	141	81	33	80	850	No
8806526286	AC Induction Motor 10HP (Plant-Pune)	26-Feb	274	280	33	80	850	No
8806526286	AC Induction Motor 10HP (Plant-Chakan)	26-Feb	215	110	37	80	850	No
8806526286	AC Induction Motor 10HP (Plant-Talegaon)	26-Feb	174	123	37	80	850	No
8806526286	AC Induction Motor 10HP (Plant-Nashik)	26-Feb	247	150	34	80	850	No
8806526286	AC Induction Motor 10HP (Plant-Aurangabad)	26-Feb	179	175	36	80	850	No
8806526286	AC Induction Motor 10HP (Plant-Nagpur)	26-Feb	182	140	36	80	850	No
8806526286	AC Induction Motor 10HP (Plant-Mumbai)	26-Feb	200	122	35	80	850	No
8806526286	AC Induction Motor 10HP (Plant-Gujarat)	26-Feb	276	290	38	80	850	No
8806526286	AC Induction Motor 10HP (Plant-Chennai)	26-Feb	123	96	35	80	850	No
8806526286	AC Induction Motor 10HP (Plant-Bengaluru)	26-Feb	120	84	37	80	850	No
8806526286	AC Induction Motor 10HP (Plant-Pune)	26-Mar	139	83	33	80	850	No
8806526286	AC Induction Motor 10HP (Plant-Chakan)	26-Mar	182	111	37	80	850	No
8806526286	AC Induction Motor 10HP (Plant-Talegaon)	26-Mar	269	263	33	80	850	No
8806526286	AC Induction Motor 10HP (Plant-Nashik)	26-Mar	203	149	38	80	850	No
8806526286	AC Induction Motor 10HP (Plant-Aurangabad)	26-Mar	168	88	38	80	850	No
8806526286	AC Induction Motor 10HP (Plant-Nagpur)	26-Mar	124	128	34	80	850	No
8806526286	AC Induction Motor 10HP (Plant-Mumbai)	26-Mar	83	41	34	80	850	No
8806526286	AC Induction Motor 10HP (Plant-Gujarat)	26-Mar	223	149	38	80	850	No
8806526286	AC Induction Motor 10HP (Plant-Chennai)	26-Mar	140	157	35	80	850	Yes
8806526286	AC Induction Motor 10HP (Plant-Bengaluru)	26-Mar	131	102	33	80	850	No
8806526286	AC Induction Motor 10HP (Plant-Pune)	26-Apr	92	87	36	80	850	No
8806526286	AC Induction Motor 10HP (Plant-Chakan)	26-Apr	224	274	37	80	850	Yes
8806526286	AC Induction Motor 10HP (Plant-Talegaon)	26-Apr	194	181	38	80	850	No
8806526286	AC Induction Motor 10HP (Plant-Nashik)	26-Apr	268	178	38	80	850	No
8806526286	AC Induction Motor 10HP (Plant-Aurangabad)	26-Apr	123	88	36	80	850	No
8806526286	AC Induction Motor 10HP (Plant-Nagpur)	26-Apr	100	86	38	80	850	No
8806526286	AC Induction Motor 10HP (Plant-Mumbai)	26-Apr	108	123	37	80	850	No
8806526286	AC Induction Motor 10HP (Plant-Gujarat)	26-Apr	174	152	38	80	850	No
8806526286	AC Induction Motor 10HP (Plant-Chennai)	26-Apr	99	105	38	80	850	No
8806526286	AC Induction Motor 10HP (Plant-Bengaluru)	26-Apr	162	161	35	80	850	No
8806526286	AC Induction Motor 10HP (Plant-Pune)	26-May	85	53	33	80	850	No
8806526286	AC Induction Motor 10HP (Plant-Chakan)	26-May	119	143	34	80	850	Yes
8806526286	AC Induction Motor 10HP (Plant-Talegaon)	26-May	223	187	36	80	850	No
8806526286	AC Induction Motor 10HP (Plant-Nashik)	26-May	84	101	37	80	850	Yes
8806526286	AC Induction Motor 10HP (Plant-Aurangabad)	26-May	204	179	33	80	850	No
8806526286	AC Induction Motor 10HP (Plant-Nagpur)	26-May	261	157	37	80	850	No
8806526286	AC Induction Motor 10HP (Plant-Mumbai)	26-May	108	57	38	80	850	No
8806526286	AC Induction Motor 10HP (Plant-Gujarat)	26-May	126	152	35	80	850	Yes
8806526286	AC Induction Motor 10HP (Plant-Chennai)	26-May	261	281	37	80	850	Yes
8806526286	AC Induction Motor 10HP (Plant-Bengaluru)	26-May	89	95	34	80	850	No
8806526286	AC Induction Motor 10HP (Plant-Pune)	26-Jun	276	282	34	80	850	No
8806526286	AC Induction Motor 10HP (Plant-Chakan)	26-Jun	89	80	37	80	850	No
8806526286	AC Induction Motor 10HP (Plant-Talegaon)	26-Jun	234	218	37	80	850	No
8806526286	AC Induction Motor 10HP (Plant-Nashik)	26-Jun	133	127	38	80	850	No
8806526286	AC Induction Motor 10HP (Plant-Aurangabad)	26-Jun	239	129	36	80	850	No
8806526286	AC Induction Motor 10HP (Plant-Nagpur)	26-Jun	156	117	38	80	850	No
8806526286	AC Induction Motor 10HP (Plant-Mumbai)	26-Jun	91	89	37	80	850	No
8806526286	AC Induction Motor 10HP (Plant-Gujarat)	26-Jun	139	115	38	80	850	No
8806526286	AC Induction Motor 10HP (Plant-Chennai)	26-Jun	145	80	38	80	850	No
8806526286	AC Induction Motor 10HP (Plant-Bengaluru)	26-Jun	260	192	38	80	850	No
8806526287	Cast Iron Valve Box (Plant-Pune)	25-Jan	984	871	27	500	60	No
8806526287	Cast Iron Valve Box (Plant-Chakan)	25-Jan	938	971	30	500	60	No
8806526287	Cast Iron Valve Box (Plant-Talegaon)	25-Jan	1090	697	30	500	60	No
8806526287	Cast Iron Valve Box (Plant-Nashik)	25-Jan	757	389	26	500	60	No
8806526287	Cast Iron Valve Box (Plant-Aurangabad)	25-Jan	1393	802	29	500	60	No
8806526287	Cast Iron Valve Box (Plant-Nagpur)	25-Jan	408	362	27	500	60	No
8806526287	Cast Iron Valve Box (Plant-Mumbai)	25-Jan	1069	808	28	500	60	No
8806526287	Cast Iron Valve Box (Plant-Gujarat)	25-Jan	1457	1286	27	500	60	No
8806526287	Cast Iron Valve Box (Plant-Chennai)	25-Jan	569	698	27	500	60	Yes
8806526287	Cast Iron Valve Box (Plant-Bengaluru)	25-Jan	999	1111	30	500	60	Yes
8806526287	Cast Iron Valve Box (Plant-Pune)	25-Feb	1216	1449	26	500	60	Yes
8806526287	Cast Iron Valve Box (Plant-Chakan)	25-Feb	626	644	28	500	60	No
8806526287	Cast Iron Valve Box (Plant-Talegaon)	25-Feb	512	442	27	500	60	No
8806526287	Cast Iron Valve Box (Plant-Nashik)	25-Feb	956	719	26	500	60	No
8806526287	Cast Iron Valve Box (Plant-Aurangabad)	25-Feb	1503	1367	26	500	60	No
8806526287	Cast Iron Valve Box (Plant-Nagpur)	25-Feb	1016	1066	28	500	60	No
8806526287	Cast Iron Valve Box (Plant-Mumbai)	25-Feb	1523	1070	26	500	60	No
8806526287	Cast Iron Valve Box (Plant-Gujarat)	25-Feb	1656	1793	27	500	60	Yes
8806526287	Cast Iron Valve Box (Plant-Chennai)	25-Feb	577	710	27	500	60	Yes
8806526287	Cast Iron Valve Box (Plant-Bengaluru)	25-Feb	1073	834	30	500	60	No
8806526287	Cast Iron Valve Box (Plant-Pune)	25-Mar	1188	1051	26	500	60	No
8806526287	Cast Iron Valve Box (Plant-Chakan)	25-Mar	512	301	31	500	60	No
8806526287	Cast Iron Valve Box (Plant-Talegaon)	25-Mar	1230	807	30	500	60	No
8806526287	Cast Iron Valve Box (Plant-Nashik)	25-Mar	1282	1150	31	500	60	No
8806526287	Cast Iron Valve Box (Plant-Aurangabad)	25-Mar	428	226	29	500	60	No
8806526287	Cast Iron Valve Box (Plant-Nagpur)	25-Mar	1439	1387	28	500	60	No
8806526287	Cast Iron Valve Box (Plant-Mumbai)	25-Mar	694	782	27	500	60	No
8806526287	Cast Iron Valve Box (Plant-Gujarat)	25-Mar	1524	1780	27	500	60	Yes
8806526287	Cast Iron Valve Box (Plant-Chennai)	25-Mar	654	679	26	500	60	No
8806526287	Cast Iron Valve Box (Plant-Bengaluru)	25-Mar	1164	678	26	500	60	No
8806526287	Cast Iron Valve Box (Plant-Pune)	25-Apr	679	806	26	500	60	Yes
8806526287	Cast Iron Valve Box (Plant-Chakan)	25-Apr	1438	1470	30	500	60	No
8806526287	Cast Iron Valve Box (Plant-Talegaon)	25-Apr	865	972	26	500	60	Yes
8806526287	Cast Iron Valve Box (Plant-Nashik)	25-Apr	1737	979	27	500	60	No
8806526287	Cast Iron Valve Box (Plant-Aurangabad)	25-Apr	568	699	27	500	60	Yes
8806526287	Cast Iron Valve Box (Plant-Nagpur)	25-Apr	1196	941	31	500	60	No
8806526287	Cast Iron Valve Box (Plant-Mumbai)	25-Apr	816	977	30	500	60	Yes
8806526287	Cast Iron Valve Box (Plant-Gujarat)	25-Apr	1585	1573	31	500	60	No
8806526287	Cast Iron Valve Box (Plant-Chennai)	25-Apr	1364	763	30	500	60	No
8806526287	Cast Iron Valve Box (Plant-Bengaluru)	25-Apr	1495	851	29	500	60	No
8806526287	Cast Iron Valve Box (Plant-Pune)	25-May	1258	882	27	500	60	No
8806526287	Cast Iron Valve Box (Plant-Chakan)	25-May	1048	852	26	500	60	No
8806526287	Cast Iron Valve Box (Plant-Talegaon)	25-May	1716	1293	27	500	60	No
8806526287	Cast Iron Valve Box (Plant-Nashik)	25-May	1716	2006	26	500	60	Yes
8806526287	Cast Iron Valve Box (Plant-Aurangabad)	25-May	1360	1238	29	500	60	No
8806526287	Cast Iron Valve Box (Plant-Nagpur)	25-May	1681	2088	30	500	60	Yes
8806526287	Cast Iron Valve Box (Plant-Mumbai)	25-May	495	318	27	500	60	No
8806526287	Cast Iron Valve Box (Plant-Gujarat)	25-May	672	657	27	500	60	No
8806526287	Cast Iron Valve Box (Plant-Chennai)	25-May	1087	1032	31	500	60	No
8806526287	Cast Iron Valve Box (Plant-Bengaluru)	25-May	1659	2045	30	500	60	Yes
8806526287	Cast Iron Valve Box (Plant-Pune)	25-Jun	1614	1704	28	500	60	No
8806526287	Cast Iron Valve Box (Plant-Chakan)	25-Jun	1100	1195	28	500	60	No
8806526287	Cast Iron Valve Box (Plant-Talegaon)	25-Jun	611	647	30	500	60	No
8806526287	Cast Iron Valve Box (Plant-Nashik)	25-Jun	1052	1133	29	500	60	No
8806526287	Cast Iron Valve Box (Plant-Aurangabad)	25-Jun	823	642	26	500	60	No
8806526287	Cast Iron Valve Box (Plant-Nagpur)	25-Jun	688	620	29	500	60	No
8806526287	Cast Iron Valve Box (Plant-Mumbai)	25-Jun	1511	1745	28	500	60	Yes
8806526287	Cast Iron Valve Box (Plant-Gujarat)	25-Jun	801	854	26	500	60	No
8806526287	Cast Iron Valve Box (Plant-Chennai)	25-Jun	1323	1060	29	500	60	No
8806526287	Cast Iron Valve Box (Plant-Bengaluru)	25-Jun	813	726	26	500	60	No
8806526287	Cast Iron Valve Box (Plant-Pune)	25-Jul	1193	1115	28	500	60	No
8806526287	Cast Iron Valve Box (Plant-Chakan)	25-Jul	1013	528	30	500	60	No
8806526287	Cast Iron Valve Box (Plant-Talegaon)	25-Jul	1437	1638	30	500	60	Yes
8806526287	Cast Iron Valve Box (Plant-Nashik)	25-Jul	1592	1503	31	500	60	No
8806526287	Cast Iron Valve Box (Plant-Aurangabad)	25-Jul	923	1041	31	500	60	Yes
8806526287	Cast Iron Valve Box (Plant-Nagpur)	25-Jul	858	531	28	500	60	No
8806526287	Cast Iron Valve Box (Plant-Mumbai)	25-Jul	986	941	31	500	60	No
8806526287	Cast Iron Valve Box (Plant-Gujarat)	25-Jul	1176	740	26	500	60	No
8806526287	Cast Iron Valve Box (Plant-Chennai)	25-Jul	589	366	26	500	60	No
8806526287	Cast Iron Valve Box (Plant-Bengaluru)	25-Jul	1135	821	26	500	60	No
8806526287	Cast Iron Valve Box (Plant-Pune)	25-Aug	789	418	31	500	60	No
8806526287	Cast Iron Valve Box (Plant-Chakan)	25-Aug	1031	1029	30	500	60	No
8806526287	Cast Iron Valve Box (Plant-Talegaon)	25-Aug	1235	1505	30	500	60	Yes
8806526287	Cast Iron Valve Box (Plant-Nashik)	25-Aug	1278	1331	30	500	60	No
8806526287	Cast Iron Valve Box (Plant-Aurangabad)	25-Aug	583	413	31	500	60	No
8806526287	Cast Iron Valve Box (Plant-Nagpur)	25-Aug	650	688	26	500	60	No
8806526287	Cast Iron Valve Box (Plant-Mumbai)	25-Aug	992	1221	27	500	60	Yes
8806526287	Cast Iron Valve Box (Plant-Gujarat)	25-Aug	1706	1392	27	500	60	No
8806526287	Cast Iron Valve Box (Plant-Chennai)	25-Aug	722	742	26	500	60	No
8806526287	Cast Iron Valve Box (Plant-Bengaluru)	25-Aug	1439	920	30	500	60	No
8806526287	Cast Iron Valve Box (Plant-Pune)	25-Sep	1108	1224	27	500	60	Yes
8806526287	Cast Iron Valve Box (Plant-Chakan)	25-Sep	1647	1021	28	500	60	No
8806526287	Cast Iron Valve Box (Plant-Talegaon)	25-Sep	1182	1389	30	500	60	Yes
8806526287	Cast Iron Valve Box (Plant-Nashik)	25-Sep	547	646	30	500	60	No
8806526287	Cast Iron Valve Box (Plant-Aurangabad)	25-Sep	1659	1224	30	500	60	No
8806526287	Cast Iron Valve Box (Plant-Nagpur)	25-Sep	835	1014	27	500	60	Yes
8806526287	Cast Iron Valve Box (Plant-Mumbai)	25-Sep	1472	1261	30	500	60	No
8806526287	Cast Iron Valve Box (Plant-Gujarat)	25-Sep	1121	754	28	500	60	No
8806526287	Cast Iron Valve Box (Plant-Chennai)	25-Sep	647	708	30	500	60	No
8806526287	Cast Iron Valve Box (Plant-Bengaluru)	25-Sep	1531	1246	28	500	60	No
8806526287	Cast Iron Valve Box (Plant-Pune)	25-Oct	1657	1095	31	500	60	No
8806526287	Cast Iron Valve Box (Plant-Chakan)	25-Oct	1251	990	26	500	60	No
8806526287	Cast Iron Valve Box (Plant-Talegaon)	25-Oct	1520	1406	29	500	60	No
8806526287	Cast Iron Valve Box (Plant-Nashik)	25-Oct	1448	1320	30	500	60	No
8806526287	Cast Iron Valve Box (Plant-Aurangabad)	25-Oct	1666	1786	27	500	60	Yes
8806526287	Cast Iron Valve Box (Plant-Nagpur)	25-Oct	1474	1638	31	500	60	Yes
8806526287	Cast Iron Valve Box (Plant-Mumbai)	25-Oct	1506	1381	31	500	60	No
8806526287	Cast Iron Valve Box (Plant-Gujarat)	25-Oct	1366	795	31	500	60	No
8806526287	Cast Iron Valve Box (Plant-Chennai)	25-Oct	1128	1028	29	500	60	No
8806526287	Cast Iron Valve Box (Plant-Bengaluru)	25-Oct	1392	1284	28	500	60	No
8806526287	Cast Iron Valve Box (Plant-Pune)	25-Nov	1597	1550	29	500	60	No
8806526287	Cast Iron Valve Box (Plant-Chakan)	25-Nov	917	953	28	500	60	No
8806526287	Cast Iron Valve Box (Plant-Talegaon)	25-Nov	1429	1321	28	500	60	No
8806526287	Cast Iron Valve Box (Plant-Nashik)	25-Nov	1137	805	28	500	60	No
8806526287	Cast Iron Valve Box (Plant-Aurangabad)	25-Nov	681	484	29	500	60	No
8806526287	Cast Iron Valve Box (Plant-Nagpur)	25-Nov	1742	884	26	500	60	No
8806526287	Cast Iron Valve Box (Plant-Mumbai)	25-Nov	1306	972	31	500	60	No
8806526287	Cast Iron Valve Box (Plant-Gujarat)	25-Nov	469	237	27	500	60	No
8806526287	Cast Iron Valve Box (Plant-Chennai)	25-Nov	1186	745	27	500	60	No
8806526287	Cast Iron Valve Box (Plant-Bengaluru)	25-Nov	1695	2103	27	500	60	Yes
8806526287	Cast Iron Valve Box (Plant-Pune)	25-Dec	534	508	31	500	60	No
8806526287	Cast Iron Valve Box (Plant-Chakan)	25-Dec	1383	868	30	500	60	No
8806526287	Cast Iron Valve Box (Plant-Talegaon)	25-Dec	1140	1246	27	500	60	Yes
8806526287	Cast Iron Valve Box (Plant-Nashik)	25-Dec	1298	1111	30	500	60	No
8806526287	Cast Iron Valve Box (Plant-Aurangabad)	25-Dec	1014	1004	29	500	60	No
8806526287	Cast Iron Valve Box (Plant-Nagpur)	25-Dec	1529	1028	29	500	60	No
8806526287	Cast Iron Valve Box (Plant-Mumbai)	25-Dec	1462	1275	29	500	60	No
8806526287	Cast Iron Valve Box (Plant-Gujarat)	25-Dec	1324	1184	26	500	60	No
8806526287	Cast Iron Valve Box (Plant-Chennai)	25-Dec	671	467	26	500	60	No
8806526287	Cast Iron Valve Box (Plant-Bengaluru)	25-Dec	974	873	29	500	60	No
8806526287	Cast Iron Valve Box (Plant-Pune)	26-Jan	1202	1277	29	500	60	No
8806526287	Cast Iron Valve Box (Plant-Chakan)	26-Jan	519	456	28	500	60	No
8806526287	Cast Iron Valve Box (Plant-Talegaon)	26-Jan	648	657	26	500	60	No
8806526287	Cast Iron Valve Box (Plant-Nashik)	26-Jan	489	297	28	500	60	No
8806526287	Cast Iron Valve Box (Plant-Aurangabad)	26-Jan	1317	1278	29	500	60	No
8806526287	Cast Iron Valve Box (Plant-Nagpur)	26-Jan	1161	1109	28	500	60	No
8806526287	Cast Iron Valve Box (Plant-Mumbai)	26-Jan	848	813	29	500	60	No
8806526287	Cast Iron Valve Box (Plant-Gujarat)	26-Jan	1482	859	31	500	60	No
8806526287	Cast Iron Valve Box (Plant-Chennai)	26-Jan	594	423	29	500	60	No
8806526287	Cast Iron Valve Box (Plant-Bengaluru)	26-Jan	683	529	29	500	60	No
8806526287	Cast Iron Valve Box (Plant-Pune)	26-Feb	1025	1178	28	500	60	Yes
8806526287	Cast Iron Valve Box (Plant-Chakan)	26-Feb	1461	1373	26	500	60	No
8806526287	Cast Iron Valve Box (Plant-Talegaon)	26-Feb	1384	1195	28	500	60	No
8806526287	Cast Iron Valve Box (Plant-Nashik)	26-Feb	1004	1027	31	500	60	No
8806526287	Cast Iron Valve Box (Plant-Aurangabad)	26-Feb	1223	1186	30	500	60	No
8806526287	Cast Iron Valve Box (Plant-Nagpur)	26-Feb	1298	1274	31	500	60	No
8806526287	Cast Iron Valve Box (Plant-Mumbai)	26-Feb	886	791	30	500	60	No
8806526287	Cast Iron Valve Box (Plant-Gujarat)	26-Feb	933	569	27	500	60	No
8806526287	Cast Iron Valve Box (Plant-Chennai)	26-Feb	450	341	26	500	60	No
8806526287	Cast Iron Valve Box (Plant-Bengaluru)	26-Feb	1137	1017	29	500	60	No
8806526287	Cast Iron Valve Box (Plant-Pune)	26-Mar	1481	1054	30	500	60	No
8806526287	Cast Iron Valve Box (Plant-Chakan)	26-Mar	1715	1107	29	500	60	No
8806526287	Cast Iron Valve Box (Plant-Talegaon)	26-Mar	592	587	31	500	60	No
8806526287	Cast Iron Valve Box (Plant-Nashik)	26-Mar	1456	1224	26	500	60	No
8806526287	Cast Iron Valve Box (Plant-Aurangabad)	26-Mar	1009	794	31	500	60	No
8806526287	Cast Iron Valve Box (Plant-Nagpur)	26-Mar	1283	1231	30	500	60	No
8806526287	Cast Iron Valve Box (Plant-Mumbai)	26-Mar	1197	1260	26	500	60	No
8806526287	Cast Iron Valve Box (Plant-Gujarat)	26-Mar	826	614	26	500	60	No
8806526287	Cast Iron Valve Box (Plant-Chennai)	26-Mar	699	632	26	500	60	No
8806526287	Cast Iron Valve Box (Plant-Bengaluru)	26-Mar	1670	1752	31	500	60	No
8806526287	Cast Iron Valve Box (Plant-Pune)	26-Apr	1314	970	26	500	60	No
8806526287	Cast Iron Valve Box (Plant-Chakan)	26-Apr	670	393	27	500	60	No
8806526287	Cast Iron Valve Box (Plant-Talegaon)	26-Apr	1645	1588	30	500	60	No
8806526287	Cast Iron Valve Box (Plant-Nashik)	26-Apr	491	378	29	500	60	No
8806526287	Cast Iron Valve Box (Plant-Aurangabad)	26-Apr	792	497	28	500	60	No
8806526287	Cast Iron Valve Box (Plant-Nagpur)	26-Apr	1304	912	28	500	60	No
8806526287	Cast Iron Valve Box (Plant-Mumbai)	26-Apr	730	606	31	500	60	No
8806526287	Cast Iron Valve Box (Plant-Gujarat)	26-Apr	720	605	26	500	60	No
8806526287	Cast Iron Valve Box (Plant-Chennai)	26-Apr	1599	1058	26	500	60	No
8806526287	Cast Iron Valve Box (Plant-Bengaluru)	26-Apr	599	590	31	500	60	No
8806526287	Cast Iron Valve Box (Plant-Pune)	26-May	863	749	30	500	60	No
8806526287	Cast Iron Valve Box (Plant-Chakan)	26-May	1454	1073	26	500	60	No
8806526287	Cast Iron Valve Box (Plant-Talegaon)	26-May	420	218	30	500	60	No
8806526287	Cast Iron Valve Box (Plant-Nashik)	26-May	431	281	28	500	60	No
8806526287	Cast Iron Valve Box (Plant-Aurangabad)	26-May	1208	721	30	500	60	No
8806526287	Cast Iron Valve Box (Plant-Nagpur)	26-May	509	523	27	500	60	No
8806526287	Cast Iron Valve Box (Plant-Mumbai)	26-May	824	958	26	500	60	Yes
8806526287	Cast Iron Valve Box (Plant-Gujarat)	26-May	509	443	28	500	60	No
8806526287	Cast Iron Valve Box (Plant-Chennai)	26-May	981	1045	30	500	60	No
8806526287	Cast Iron Valve Box (Plant-Bengaluru)	26-May	868	996	31	500	60	Yes
8806526287	Cast Iron Valve Box (Plant-Pune)	26-Jun	1517	1015	30	500	60	No
8806526287	Cast Iron Valve Box (Plant-Chakan)	26-Jun	1291	1608	27	500	60	Yes
8806526287	Cast Iron Valve Box (Plant-Talegaon)	26-Jun	1418	1651	27	500	60	Yes
8806526287	Cast Iron Valve Box (Plant-Nashik)	26-Jun	1674	1114	31	500	60	No
8806526287	Cast Iron Valve Box (Plant-Aurangabad)	26-Jun	1406	1013	27	500	60	No
8806526287	Cast Iron Valve Box (Plant-Nagpur)	26-Jun	1466	1400	26	500	60	No
8806526287	Cast Iron Valve Box (Plant-Mumbai)	26-Jun	1450	1330	29	500	60	No
8806526287	Cast Iron Valve Box (Plant-Gujarat)	26-Jun	720	372	27	500	60	No
8806526287	Cast Iron Valve Box (Plant-Chennai)	26-Jun	1332	1606	29	500	60	Yes
8806526287	Cast Iron Valve Box (Plant-Bengaluru)	26-Jun	1289	847	26	500	60	No
8806526288	Galvanized Steel Wire Mesh (Plant-Pune)	25-Jan	5244	3230	10	1800	22	No
8806526288	Galvanized Steel Wire Mesh (Plant-Chakan)	25-Jan	5268	4695	11	1800	22	No
8806526288	Galvanized Steel Wire Mesh (Plant-Talegaon)	25-Jan	2580	2265	9	1800	22	No
8806526288	Galvanized Steel Wire Mesh (Plant-Nashik)	25-Jan	1888	1721	11	1800	22	No
8806526288	Galvanized Steel Wire Mesh (Plant-Aurangabad)	25-Jan	3224	3175	9	1800	22	No
8806526288	Galvanized Steel Wire Mesh (Plant-Nagpur)	25-Jan	4650	3808	13	1800	22	No
8806526288	Galvanized Steel Wire Mesh (Plant-Mumbai)	25-Jan	3147	2740	10	1800	22	No
8806526288	Galvanized Steel Wire Mesh (Plant-Gujarat)	25-Jan	6190	6371	12	1800	22	No
8806526288	Galvanized Steel Wire Mesh (Plant-Chennai)	25-Jan	5210	5705	13	1800	22	Yes
8806526288	Galvanized Steel Wire Mesh (Plant-Bengaluru)	25-Jan	3555	2719	12	1800	22	No
8806526288	Galvanized Steel Wire Mesh (Plant-Pune)	25-Feb	5653	3260	10	1800	22	No
8806526288	Galvanized Steel Wire Mesh (Plant-Chakan)	25-Feb	5520	5477	8	1800	22	No
8806526288	Galvanized Steel Wire Mesh (Plant-Talegaon)	25-Feb	4512	3650	10	1800	22	No
8806526288	Galvanized Steel Wire Mesh (Plant-Nashik)	25-Feb	4506	4716	10	1800	22	No
8806526288	Galvanized Steel Wire Mesh (Plant-Aurangabad)	25-Feb	5260	2883	10	1800	22	No
8806526288	Galvanized Steel Wire Mesh (Plant-Nagpur)	25-Feb	3069	1716	13	1800	22	No
8806526288	Galvanized Steel Wire Mesh (Plant-Mumbai)	25-Feb	1975	2296	10	1800	22	No
8806526288	Galvanized Steel Wire Mesh (Plant-Gujarat)	25-Feb	4398	3495	10	1800	22	No
8806526288	Galvanized Steel Wire Mesh (Plant-Chennai)	25-Feb	2880	1992	9	1800	22	No
8806526288	Galvanized Steel Wire Mesh (Plant-Bengaluru)	25-Feb	5223	4123	10	1800	22	No
8806526288	Galvanized Steel Wire Mesh (Plant-Pune)	25-Mar	2370	1741	9	1800	22	No
8806526288	Galvanized Steel Wire Mesh (Plant-Chakan)	25-Mar	5518	5392	9	1800	22	No
8806526288	Galvanized Steel Wire Mesh (Plant-Talegaon)	25-Mar	4281	5057	11	1800	22	Yes
8806526288	Galvanized Steel Wire Mesh (Plant-Nashik)	25-Mar	5799	6491	11	1800	22	Yes
8806526288	Galvanized Steel Wire Mesh (Plant-Aurangabad)	25-Mar	2985	3312	10	1800	22	No
8806526288	Galvanized Steel Wire Mesh (Plant-Nagpur)	25-Mar	2982	2593	8	1800	22	No
8806526288	Galvanized Steel Wire Mesh (Plant-Mumbai)	25-Mar	2273	1909	9	1800	22	No
8806526288	Galvanized Steel Wire Mesh (Plant-Gujarat)	25-Mar	6209	6470	11	1800	22	No
8806526288	Galvanized Steel Wire Mesh (Plant-Chennai)	25-Mar	2563	1589	9	1800	22	No
8806526288	Galvanized Steel Wire Mesh (Plant-Bengaluru)	25-Mar	3159	3815	10	1800	22	Yes
8806526288	Galvanized Steel Wire Mesh (Plant-Pune)	25-Apr	4104	3905	9	1800	22	No
8806526288	Galvanized Steel Wire Mesh (Plant-Chakan)	25-Apr	5889	3567	11	1800	22	No
8806526288	Galvanized Steel Wire Mesh (Plant-Talegaon)	25-Apr	6141	3700	11	1800	22	No
8806526288	Galvanized Steel Wire Mesh (Plant-Nashik)	25-Apr	2984	2062	9	1800	22	No
8806526288	Galvanized Steel Wire Mesh (Plant-Aurangabad)	25-Apr	2198	2269	12	1800	22	No
8806526288	Galvanized Steel Wire Mesh (Plant-Nagpur)	25-Apr	3978	3180	12	1800	22	No
8806526288	Galvanized Steel Wire Mesh (Plant-Mumbai)	25-Apr	5980	5631	13	1800	22	No
8806526288	Galvanized Steel Wire Mesh (Plant-Gujarat)	25-Apr	2723	1588	10	1800	22	No
8806526288	Galvanized Steel Wire Mesh (Plant-Chennai)	25-Apr	3365	3083	9	1800	22	No
8806526288	Galvanized Steel Wire Mesh (Plant-Bengaluru)	25-Apr	4693	3919	8	1800	22	No
8806526288	Galvanized Steel Wire Mesh (Plant-Pune)	25-May	1941	2020	13	1800	22	No
8806526288	Galvanized Steel Wire Mesh (Plant-Chakan)	25-May	3315	1693	12	1800	22	No
8806526288	Galvanized Steel Wire Mesh (Plant-Talegaon)	25-May	4893	4535	12	1800	22	No
8806526288	Galvanized Steel Wire Mesh (Plant-Nashik)	25-May	5092	6362	9	1800	22	Yes
8806526288	Galvanized Steel Wire Mesh (Plant-Aurangabad)	25-May	1638	1373	9	1800	22	No
8806526288	Galvanized Steel Wire Mesh (Plant-Nagpur)	25-May	2631	1967	8	1800	22	No
8806526288	Galvanized Steel Wire Mesh (Plant-Mumbai)	25-May	4036	3139	13	1800	22	No
8806526288	Galvanized Steel Wire Mesh (Plant-Gujarat)	25-May	4683	3878	9	1800	22	No
8806526288	Galvanized Steel Wire Mesh (Plant-Chennai)	25-May	1909	2258	8	1800	22	No
8806526288	Galvanized Steel Wire Mesh (Plant-Bengaluru)	25-May	4855	2847	10	1800	22	No
8806526288	Galvanized Steel Wire Mesh (Plant-Pune)	25-Jun	5072	5288	9	1800	22	No
8806526288	Galvanized Steel Wire Mesh (Plant-Chakan)	25-Jun	1595	1885	10	1800	22	No
8806526288	Galvanized Steel Wire Mesh (Plant-Talegaon)	25-Jun	3855	3793	13	1800	22	No
8806526288	Galvanized Steel Wire Mesh (Plant-Nashik)	25-Jun	2750	1926	8	1800	22	No
8806526288	Galvanized Steel Wire Mesh (Plant-Aurangabad)	25-Jun	4356	2861	10	1800	22	No
8806526288	Galvanized Steel Wire Mesh (Plant-Nagpur)	25-Jun	1543	1634	8	1800	22	No
8806526288	Galvanized Steel Wire Mesh (Plant-Mumbai)	25-Jun	4109	3351	10	1800	22	No
8806526288	Galvanized Steel Wire Mesh (Plant-Gujarat)	25-Jun	5803	4044	10	1800	22	No
8806526288	Galvanized Steel Wire Mesh (Plant-Chennai)	25-Jun	3703	4371	8	1800	22	Yes
8806526288	Galvanized Steel Wire Mesh (Plant-Bengaluru)	25-Jun	5968	6843	10	1800	22	Yes
8806526288	Galvanized Steel Wire Mesh (Plant-Pune)	25-Jul	2641	2173	13	1800	22	No
8806526288	Galvanized Steel Wire Mesh (Plant-Chakan)	25-Jul	4197	4150	8	1800	22	No
8806526288	Galvanized Steel Wire Mesh (Plant-Talegaon)	25-Jul	2492	1416	12	1800	22	No
8806526288	Galvanized Steel Wire Mesh (Plant-Nashik)	25-Jul	2879	1466	12	1800	22	No
8806526288	Galvanized Steel Wire Mesh (Plant-Aurangabad)	25-Jul	1914	1342	11	1800	22	No
8806526288	Galvanized Steel Wire Mesh (Plant-Nagpur)	25-Jul	5098	3441	9	1800	22	No
8806526288	Galvanized Steel Wire Mesh (Plant-Mumbai)	25-Jul	5107	4852	8	1800	22	No
8806526288	Galvanized Steel Wire Mesh (Plant-Gujarat)	25-Jul	1800	1175	8	1800	22	No
8806526288	Galvanized Steel Wire Mesh (Plant-Chennai)	25-Jul	4213	4093	10	1800	22	No
8806526288	Galvanized Steel Wire Mesh (Plant-Bengaluru)	25-Jul	2400	2667	12	1800	22	No
8806526288	Galvanized Steel Wire Mesh (Plant-Pune)	25-Aug	4452	5256	10	1800	22	Yes
8806526288	Galvanized Steel Wire Mesh (Plant-Chakan)	25-Aug	2048	2012	8	1800	22	No
8806526288	Galvanized Steel Wire Mesh (Plant-Talegaon)	25-Aug	6149	3177	13	1800	22	No
8806526288	Galvanized Steel Wire Mesh (Plant-Nashik)	25-Aug	5944	3996	12	1800	22	No
8806526288	Galvanized Steel Wire Mesh (Plant-Aurangabad)	25-Aug	1589	1884	12	1800	22	No
8806526288	Galvanized Steel Wire Mesh (Plant-Nagpur)	25-Aug	3970	3326	11	1800	22	No
8806526288	Galvanized Steel Wire Mesh (Plant-Mumbai)	25-Aug	4371	5163	10	1800	22	Yes
8806526288	Galvanized Steel Wire Mesh (Plant-Gujarat)	25-Aug	6266	7436	9	1800	22	Yes
8806526288	Galvanized Steel Wire Mesh (Plant-Chennai)	25-Aug	1604	947	10	1800	22	No
8806526288	Galvanized Steel Wire Mesh (Plant-Bengaluru)	25-Aug	5011	3918	11	1800	22	No
8806526288	Galvanized Steel Wire Mesh (Plant-Pune)	25-Sep	3175	2638	8	1800	22	No
8806526288	Galvanized Steel Wire Mesh (Plant-Chakan)	25-Sep	2780	2401	9	1800	22	No
8806526288	Galvanized Steel Wire Mesh (Plant-Talegaon)	25-Sep	5811	3530	12	1800	22	No
8806526288	Galvanized Steel Wire Mesh (Plant-Nashik)	25-Sep	3297	1805	10	1800	22	No
8806526288	Galvanized Steel Wire Mesh (Plant-Aurangabad)	25-Sep	3866	2054	10	1800	22	No
8806526288	Galvanized Steel Wire Mesh (Plant-Nagpur)	25-Sep	5374	4764	10	1800	22	No
8806526288	Galvanized Steel Wire Mesh (Plant-Mumbai)	25-Sep	1464	1809	11	1800	22	No
8806526288	Galvanized Steel Wire Mesh (Plant-Gujarat)	25-Sep	5336	4886	13	1800	22	No
8806526288	Galvanized Steel Wire Mesh (Plant-Chennai)	25-Sep	5662	6640	11	1800	22	Yes
8806526288	Galvanized Steel Wire Mesh (Plant-Bengaluru)	25-Sep	1856	1993	12	1800	22	No
8806526288	Galvanized Steel Wire Mesh (Plant-Pune)	25-Oct	4030	4566	12	1800	22	Yes
8806526288	Galvanized Steel Wire Mesh (Plant-Chakan)	25-Oct	1745	885	13	1800	22	No
8806526288	Galvanized Steel Wire Mesh (Plant-Talegaon)	25-Oct	6036	4961	13	1800	22	No
8806526288	Galvanized Steel Wire Mesh (Plant-Nashik)	25-Oct	3789	2909	9	1800	22	No
8806526288	Galvanized Steel Wire Mesh (Plant-Aurangabad)	25-Oct	3505	2791	9	1800	22	No
8806526288	Galvanized Steel Wire Mesh (Plant-Nagpur)	25-Oct	6292	4198	11	1800	22	No
8806526288	Galvanized Steel Wire Mesh (Plant-Mumbai)	25-Oct	1867	1089	13	1800	22	No
8806526288	Galvanized Steel Wire Mesh (Plant-Gujarat)	25-Oct	6266	3495	8	1800	22	No
8806526288	Galvanized Steel Wire Mesh (Plant-Chennai)	25-Oct	1895	2236	10	1800	22	No
8806526288	Galvanized Steel Wire Mesh (Plant-Bengaluru)	25-Oct	1857	1246	9	1800	22	No
8806526288	Galvanized Steel Wire Mesh (Plant-Pune)	25-Nov	2549	2525	8	1800	22	No
8806526288	Galvanized Steel Wire Mesh (Plant-Chakan)	25-Nov	4280	3552	9	1800	22	No
8806526288	Galvanized Steel Wire Mesh (Plant-Talegaon)	25-Nov	2532	2295	9	1800	22	No
8806526288	Galvanized Steel Wire Mesh (Plant-Nashik)	25-Nov	1826	1321	11	1800	22	No
8806526288	Galvanized Steel Wire Mesh (Plant-Aurangabad)	25-Nov	5123	3643	13	1800	22	No
8806526288	Galvanized Steel Wire Mesh (Plant-Nagpur)	25-Nov	2358	2239	8	1800	22	No
8806526288	Galvanized Steel Wire Mesh (Plant-Mumbai)	25-Nov	2509	2325	13	1800	22	No
8806526288	Galvanized Steel Wire Mesh (Plant-Gujarat)	25-Nov	6143	5469	10	1800	22	No
8806526288	Galvanized Steel Wire Mesh (Plant-Chennai)	25-Nov	3490	3226	11	1800	22	No
8806526288	Galvanized Steel Wire Mesh (Plant-Bengaluru)	25-Nov	2178	1707	11	1800	22	No
8806526288	Galvanized Steel Wire Mesh (Plant-Pune)	25-Dec	4637	3254	8	1800	22	No
8806526288	Galvanized Steel Wire Mesh (Plant-Chakan)	25-Dec	3682	3293	9	1800	22	No
8806526288	Galvanized Steel Wire Mesh (Plant-Talegaon)	25-Dec	1752	1941	10	1800	22	No
8806526288	Galvanized Steel Wire Mesh (Plant-Nashik)	25-Dec	6137	6881	10	1800	22	Yes
8806526288	Galvanized Steel Wire Mesh (Plant-Aurangabad)	25-Dec	5472	4600	9	1800	22	No
8806526288	Galvanized Steel Wire Mesh (Plant-Nagpur)	25-Dec	3850	2693	10	1800	22	No
8806526288	Galvanized Steel Wire Mesh (Plant-Mumbai)	25-Dec	4287	4607	8	1800	22	No
8806526288	Galvanized Steel Wire Mesh (Plant-Gujarat)	25-Dec	3511	3335	11	1800	22	No
8806526288	Galvanized Steel Wire Mesh (Plant-Chennai)	25-Dec	3270	3273	13	1800	22	No
8806526288	Galvanized Steel Wire Mesh (Plant-Bengaluru)	25-Dec	4640	4427	8	1800	22	No
8806526288	Galvanized Steel Wire Mesh (Plant-Pune)	26-Jan	4653	3533	12	1800	22	No
8806526288	Galvanized Steel Wire Mesh (Plant-Chakan)	26-Jan	6194	3417	8	1800	22	No
8806526288	Galvanized Steel Wire Mesh (Plant-Talegaon)	26-Jan	3097	3292	9	1800	22	No
8806526288	Galvanized Steel Wire Mesh (Plant-Nashik)	26-Jan	5414	5845	13	1800	22	Yes
8806526288	Galvanized Steel Wire Mesh (Plant-Aurangabad)	26-Jan	5643	4668	8	1800	22	No
8806526288	Galvanized Steel Wire Mesh (Plant-Nagpur)	26-Jan	4863	3747	8	1800	22	No
8806526288	Galvanized Steel Wire Mesh (Plant-Mumbai)	26-Jan	5999	3198	12	1800	22	No
8806526288	Galvanized Steel Wire Mesh (Plant-Gujarat)	26-Jan	5296	6050	12	1800	22	Yes
8806526288	Galvanized Steel Wire Mesh (Plant-Chennai)	26-Jan	2833	1537	11	1800	22	No
8806526288	Galvanized Steel Wire Mesh (Plant-Bengaluru)	26-Jan	1738	1438	13	1800	22	No
8806526288	Galvanized Steel Wire Mesh (Plant-Pune)	26-Feb	6078	5759	13	1800	22	No
8806526288	Galvanized Steel Wire Mesh (Plant-Chakan)	26-Feb	2174	2170	12	1800	22	No
8806526288	Galvanized Steel Wire Mesh (Plant-Talegaon)	26-Feb	2563	2704	12	1800	22	No
8806526288	Galvanized Steel Wire Mesh (Plant-Nashik)	26-Feb	2756	2946	9	1800	22	No
8806526288	Galvanized Steel Wire Mesh (Plant-Aurangabad)	26-Feb	2419	1352	10	1800	22	No
8806526288	Galvanized Steel Wire Mesh (Plant-Nagpur)	26-Feb	3943	3314	12	1800	22	No
8806526288	Galvanized Steel Wire Mesh (Plant-Mumbai)	26-Feb	4930	3274	12	1800	22	No
8806526288	Galvanized Steel Wire Mesh (Plant-Gujarat)	26-Feb	3953	3711	11	1800	22	No
8806526288	Galvanized Steel Wire Mesh (Plant-Chennai)	26-Feb	4920	4612	9	1800	22	No
8806526288	Galvanized Steel Wire Mesh (Plant-Bengaluru)	26-Feb	3619	4002	12	1800	22	Yes
8806526288	Galvanized Steel Wire Mesh (Plant-Pune)	26-Mar	5078	5934	12	1800	22	Yes
8806526288	Galvanized Steel Wire Mesh (Plant-Chakan)	26-Mar	5080	5870	11	1800	22	Yes
8806526288	Galvanized Steel Wire Mesh (Plant-Talegaon)	26-Mar	4322	4625	8	1800	22	No
8806526288	Galvanized Steel Wire Mesh (Plant-Nashik)	26-Mar	2395	2049	9	1800	22	No
8806526288	Galvanized Steel Wire Mesh (Plant-Aurangabad)	26-Mar	1539	1621	13	1800	22	No
8806526288	Galvanized Steel Wire Mesh (Plant-Nagpur)	26-Mar	3533	3799	10	1800	22	No
8806526288	Galvanized Steel Wire Mesh (Plant-Mumbai)	26-Mar	1990	2024	10	1800	22	No
8806526288	Galvanized Steel Wire Mesh (Plant-Gujarat)	26-Mar	3636	4221	12	1800	22	Yes
8806526288	Galvanized Steel Wire Mesh (Plant-Chennai)	26-Mar	2364	2705	13	1800	22	No
8806526288	Galvanized Steel Wire Mesh (Plant-Bengaluru)	26-Mar	5575	6965	9	1800	22	Yes
8806526288	Galvanized Steel Wire Mesh (Plant-Pune)	26-Apr	3266	1760	9	1800	22	No
8806526288	Galvanized Steel Wire Mesh (Plant-Chakan)	26-Apr	5154	6019	8	1800	22	Yes
8806526288	Galvanized Steel Wire Mesh (Plant-Talegaon)	26-Apr	2786	3409	13	1800	22	Yes
8806526288	Galvanized Steel Wire Mesh (Plant-Nashik)	26-Apr	5184	3022	9	1800	22	No
8806526288	Galvanized Steel Wire Mesh (Plant-Aurangabad)	26-Apr	5624	4611	10	1800	22	No
8806526288	Galvanized Steel Wire Mesh (Plant-Nagpur)	26-Apr	3127	2042	13	1800	22	No
8806526288	Galvanized Steel Wire Mesh (Plant-Mumbai)	26-Apr	4335	3033	12	1800	22	No
8806526288	Galvanized Steel Wire Mesh (Plant-Gujarat)	26-Apr	5978	3745	9	1800	22	No
8806526288	Galvanized Steel Wire Mesh (Plant-Chennai)	26-Apr	3858	4600	11	1800	22	Yes
8806526288	Galvanized Steel Wire Mesh (Plant-Bengaluru)	26-Apr	2726	2746	12	1800	22	No
8806526288	Galvanized Steel Wire Mesh (Plant-Pune)	26-May	4238	4153	10	1800	22	No
8806526288	Galvanized Steel Wire Mesh (Plant-Chakan)	26-May	3890	3908	11	1800	22	No
8806526288	Galvanized Steel Wire Mesh (Plant-Talegaon)	26-May	4406	5245	8	1800	22	Yes
8806526288	Galvanized Steel Wire Mesh (Plant-Nashik)	26-May	4297	2612	11	1800	22	No
8806526288	Galvanized Steel Wire Mesh (Plant-Aurangabad)	26-May	2029	1553	9	1800	22	No
8806526288	Galvanized Steel Wire Mesh (Plant-Nagpur)	26-May	2729	2193	10	1800	22	No
8806526288	Galvanized Steel Wire Mesh (Plant-Mumbai)	26-May	2979	1554	11	1800	22	No
8806526288	Galvanized Steel Wire Mesh (Plant-Gujarat)	26-May	5250	3205	8	1800	22	No
8806526288	Galvanized Steel Wire Mesh (Plant-Chennai)	26-May	2574	2618	11	1800	22	No
8806526288	Galvanized Steel Wire Mesh (Plant-Bengaluru)	26-May	1759	2127	13	1800	22	Yes
8806526288	Galvanized Steel Wire Mesh (Plant-Pune)	26-Jun	3424	3906	10	1800	22	Yes
8806526288	Galvanized Steel Wire Mesh (Plant-Chakan)	26-Jun	4158	4401	11	1800	22	No
8806526288	Galvanized Steel Wire Mesh (Plant-Talegaon)	26-Jun	4046	4275	8	1800	22	No
8806526288	Galvanized Steel Wire Mesh (Plant-Nashik)	26-Jun	2569	1394	8	1800	22	No
8806526288	Galvanized Steel Wire Mesh (Plant-Aurangabad)	26-Jun	2446	1683	13	1800	22	No
8806526288	Galvanized Steel Wire Mesh (Plant-Nagpur)	26-Jun	3568	3710	9	1800	22	No
8806526288	Galvanized Steel Wire Mesh (Plant-Mumbai)	26-Jun	4087	4042	13	1800	22	No
8806526288	Galvanized Steel Wire Mesh (Plant-Gujarat)	26-Jun	6247	4263	11	1800	22	No
8806526288	Galvanized Steel Wire Mesh (Plant-Chennai)	26-Jun	4156	2182	12	1800	22	No
8806526288	Galvanized Steel Wire Mesh (Plant-Bengaluru)	26-Jun	2647	2977	10	1800	22	No
8806526289	CNC Lathe Cutting Tool Insert (Plant-Pune)	25-Jan	3849	2956	7	4000	12	No
8806526289	CNC Lathe Cutting Tool Insert (Plant-Chakan)	25-Jan	3888	2115	7	4000	12	No
8806526289	CNC Lathe Cutting Tool Insert (Plant-Talegaon)	25-Jan	4876	4871	5	4000	12	No
8806526289	CNC Lathe Cutting Tool Insert (Plant-Nashik)	25-Jan	7218	4058	6	4000	12	No
8806526289	CNC Lathe Cutting Tool Insert (Plant-Aurangabad)	25-Jan	9169	5389	10	4000	12	No
8806526289	CNC Lathe Cutting Tool Insert (Plant-Nagpur)	25-Jan	7588	5477	7	4000	12	No
8806526289	CNC Lathe Cutting Tool Insert (Plant-Mumbai)	25-Jan	9528	10483	9	4000	12	Yes
8806526289	CNC Lathe Cutting Tool Insert (Plant-Gujarat)	25-Jan	6369	6612	9	4000	12	No
8806526289	CNC Lathe Cutting Tool Insert (Plant-Chennai)	25-Jan	11185	13163	10	4000	12	Yes
8806526289	CNC Lathe Cutting Tool Insert (Plant-Bengaluru)	25-Jan	4429	2401	5	4000	12	No
8806526289	CNC Lathe Cutting Tool Insert (Plant-Pune)	25-Feb	6932	6790	8	4000	12	No
8806526289	CNC Lathe Cutting Tool Insert (Plant-Chakan)	25-Feb	12680	12158	8	4000	12	No
8806526289	CNC Lathe Cutting Tool Insert (Plant-Talegaon)	25-Feb	9467	10967	9	4000	12	Yes
8806526289	CNC Lathe Cutting Tool Insert (Plant-Nashik)	25-Feb	7761	7213	8	4000	12	No
8806526289	CNC Lathe Cutting Tool Insert (Plant-Aurangabad)	25-Feb	4602	2550	6	4000	12	No
8806526289	CNC Lathe Cutting Tool Insert (Plant-Nagpur)	25-Feb	6900	6141	8	4000	12	No
8806526289	CNC Lathe Cutting Tool Insert (Plant-Mumbai)	25-Feb	6674	7062	8	4000	12	No
8806526289	CNC Lathe Cutting Tool Insert (Plant-Gujarat)	25-Feb	11342	9798	9	4000	12	No
8806526289	CNC Lathe Cutting Tool Insert (Plant-Chennai)	25-Feb	7975	5262	7	4000	12	No
8806526289	CNC Lathe Cutting Tool Insert (Plant-Bengaluru)	25-Feb	6621	5010	5	4000	12	No
8806526289	CNC Lathe Cutting Tool Insert (Plant-Pune)	25-Mar	5512	3446	6	4000	12	No
8806526289	CNC Lathe Cutting Tool Insert (Plant-Chakan)	25-Mar	13689	7073	5	4000	12	No
8806526289	CNC Lathe Cutting Tool Insert (Plant-Talegaon)	25-Mar	13290	8420	8	4000	12	No
8806526289	CNC Lathe Cutting Tool Insert (Plant-Nashik)	25-Mar	10268	7194	7	4000	12	No
8806526289	CNC Lathe Cutting Tool Insert (Plant-Aurangabad)	25-Mar	5074	4586	7	4000	12	No
8806526289	CNC Lathe Cutting Tool Insert (Plant-Nagpur)	25-Mar	12216	13474	8	4000	12	Yes
8806526289	CNC Lathe Cutting Tool Insert (Plant-Mumbai)	25-Mar	12664	7857	9	4000	12	No
8806526289	CNC Lathe Cutting Tool Insert (Plant-Gujarat)	25-Mar	3746	2088	6	4000	12	No
8806526289	CNC Lathe Cutting Tool Insert (Plant-Chennai)	25-Mar	11959	7115	9	4000	12	No
8806526289	CNC Lathe Cutting Tool Insert (Plant-Bengaluru)	25-Mar	8391	7586	6	4000	12	No
8806526289	CNC Lathe Cutting Tool Insert (Plant-Pune)	25-Apr	5018	2689	6	4000	12	No
8806526289	CNC Lathe Cutting Tool Insert (Plant-Chakan)	25-Apr	6117	7056	10	4000	12	Yes
8806526289	CNC Lathe Cutting Tool Insert (Plant-Talegaon)	25-Apr	6735	8367	9	4000	12	Yes
8806526289	CNC Lathe Cutting Tool Insert (Plant-Nashik)	25-Apr	8545	5609	5	4000	12	No
8806526289	CNC Lathe Cutting Tool Insert (Plant-Aurangabad)	25-Apr	6649	6773	10	4000	12	No
8806526289	CNC Lathe Cutting Tool Insert (Plant-Nagpur)	25-Apr	13042	10087	5	4000	12	No
8806526289	CNC Lathe Cutting Tool Insert (Plant-Mumbai)	25-Apr	7211	5399	5	4000	12	No
8806526289	CNC Lathe Cutting Tool Insert (Plant-Gujarat)	25-Apr	11476	11376	10	4000	12	No
8806526289	CNC Lathe Cutting Tool Insert (Plant-Chennai)	25-Apr	13304	7705	6	4000	12	No
8806526289	CNC Lathe Cutting Tool Insert (Plant-Bengaluru)	25-Apr	7185	5249	8	4000	12	No
8806526289	CNC Lathe Cutting Tool Insert (Plant-Pune)	25-May	5406	3153	10	4000	12	No
8806526289	CNC Lathe Cutting Tool Insert (Plant-Chakan)	25-May	9366	8123	5	4000	12	No
8806526289	CNC Lathe Cutting Tool Insert (Plant-Talegaon)	25-May	13298	15494	9	4000	12	Yes
8806526289	CNC Lathe Cutting Tool Insert (Plant-Nashik)	25-May	4354	2285	8	4000	12	No
8806526289	CNC Lathe Cutting Tool Insert (Plant-Aurangabad)	25-May	12662	13303	7	4000	12	No
8806526289	CNC Lathe Cutting Tool Insert (Plant-Nagpur)	25-May	5452	6330	9	4000	12	Yes
8806526289	CNC Lathe Cutting Tool Insert (Plant-Mumbai)	25-May	5858	5275	8	4000	12	No
8806526289	CNC Lathe Cutting Tool Insert (Plant-Gujarat)	25-May	6668	4376	10	4000	12	No
8806526289	CNC Lathe Cutting Tool Insert (Plant-Chennai)	25-May	10989	8272	7	4000	12	No
8806526289	CNC Lathe Cutting Tool Insert (Plant-Bengaluru)	25-May	8422	5438	10	4000	12	No
8806526289	CNC Lathe Cutting Tool Insert (Plant-Pune)	25-Jun	10824	12759	7	4000	12	Yes
8806526289	CNC Lathe Cutting Tool Insert (Plant-Chakan)	25-Jun	7087	4096	5	4000	12	No
8806526289	CNC Lathe Cutting Tool Insert (Plant-Talegaon)	25-Jun	7735	7111	7	4000	12	No
8806526289	CNC Lathe Cutting Tool Insert (Plant-Nashik)	25-Jun	3329	2928	10	4000	12	No
8806526289	CNC Lathe Cutting Tool Insert (Plant-Aurangabad)	25-Jun	8486	10166	5	4000	12	Yes
8806526289	CNC Lathe Cutting Tool Insert (Plant-Nagpur)	25-Jun	10249	10949	6	4000	12	No
8806526289	CNC Lathe Cutting Tool Insert (Plant-Mumbai)	25-Jun	13189	13976	9	4000	12	No
8806526289	CNC Lathe Cutting Tool Insert (Plant-Gujarat)	25-Jun	9732	5282	8	4000	12	No
8806526289	CNC Lathe Cutting Tool Insert (Plant-Chennai)	25-Jun	9828	5918	8	4000	12	No
8806526289	CNC Lathe Cutting Tool Insert (Plant-Bengaluru)	25-Jun	13423	16431	5	4000	12	Yes
8806526289	CNC Lathe Cutting Tool Insert (Plant-Pune)	25-Jul	8825	7205	6	4000	12	No
8806526289	CNC Lathe Cutting Tool Insert (Plant-Chakan)	25-Jul	5063	2610	10	4000	12	No
8806526289	CNC Lathe Cutting Tool Insert (Plant-Talegaon)	25-Jul	12146	9653	5	4000	12	No
8806526289	CNC Lathe Cutting Tool Insert (Plant-Nashik)	25-Jul	10521	7302	8	4000	12	No
8806526289	CNC Lathe Cutting Tool Insert (Plant-Aurangabad)	25-Jul	4602	2938	7	4000	12	No
8806526289	CNC Lathe Cutting Tool Insert (Plant-Nagpur)	25-Jul	5617	3478	6	4000	12	No
8806526289	CNC Lathe Cutting Tool Insert (Plant-Mumbai)	25-Jul	8342	5292	6	4000	12	No
8806526289	CNC Lathe Cutting Tool Insert (Plant-Gujarat)	25-Jul	11638	12824	7	4000	12	Yes
8806526289	CNC Lathe Cutting Tool Insert (Plant-Chennai)	25-Jul	13091	10543	8	4000	12	No
8806526289	CNC Lathe Cutting Tool Insert (Plant-Bengaluru)	25-Jul	8099	7211	10	4000	12	No
8806526289	CNC Lathe Cutting Tool Insert (Plant-Pune)	25-Aug	4139	2534	8	4000	12	No
8806526289	CNC Lathe Cutting Tool Insert (Plant-Chakan)	25-Aug	12233	9712	9	4000	12	No
8806526289	CNC Lathe Cutting Tool Insert (Plant-Talegaon)	25-Aug	4634	4488	9	4000	12	No
8806526289	CNC Lathe Cutting Tool Insert (Plant-Nashik)	25-Aug	7761	8545	10	4000	12	No
8806526289	CNC Lathe Cutting Tool Insert (Plant-Aurangabad)	25-Aug	3233	2044	6	4000	12	No
8806526289	CNC Lathe Cutting Tool Insert (Plant-Nagpur)	25-Aug	13557	11638	6	4000	12	No
8806526289	CNC Lathe Cutting Tool Insert (Plant-Mumbai)	25-Aug	5152	4532	7	4000	12	No
8806526289	CNC Lathe Cutting Tool Insert (Plant-Gujarat)	25-Aug	6312	6973	5	4000	12	No
8806526289	CNC Lathe Cutting Tool Insert (Plant-Chennai)	25-Aug	3374	2074	6	4000	12	No
8806526289	CNC Lathe Cutting Tool Insert (Plant-Bengaluru)	25-Aug	6920	8546	5	4000	12	Yes
8806526289	CNC Lathe Cutting Tool Insert (Plant-Pune)	25-Sep	11139	11299	9	4000	12	No
8806526289	CNC Lathe Cutting Tool Insert (Plant-Chakan)	25-Sep	7306	7175	7	4000	12	No
8806526289	CNC Lathe Cutting Tool Insert (Plant-Talegaon)	25-Sep	5176	3662	8	4000	12	No
8806526289	CNC Lathe Cutting Tool Insert (Plant-Nashik)	25-Sep	13799	11170	7	4000	12	No
8806526289	CNC Lathe Cutting Tool Insert (Plant-Aurangabad)	25-Sep	11221	10094	6	4000	12	No
8806526289	CNC Lathe Cutting Tool Insert (Plant-Nagpur)	25-Sep	12019	6024	10	4000	12	No
8806526289	CNC Lathe Cutting Tool Insert (Plant-Mumbai)	25-Sep	9511	9843	9	4000	12	No
8806526289	CNC Lathe Cutting Tool Insert (Plant-Gujarat)	25-Sep	6976	6246	8	4000	12	No
8806526289	CNC Lathe Cutting Tool Insert (Plant-Chennai)	25-Sep	13715	13158	9	4000	12	No
8806526289	CNC Lathe Cutting Tool Insert (Plant-Bengaluru)	25-Sep	12729	13382	7	4000	12	No
8806526289	CNC Lathe Cutting Tool Insert (Plant-Pune)	25-Oct	12496	8072	5	4000	12	No
8806526289	CNC Lathe Cutting Tool Insert (Plant-Chakan)	25-Oct	11318	11269	9	4000	12	No
8806526289	CNC Lathe Cutting Tool Insert (Plant-Talegaon)	25-Oct	5734	5477	8	4000	12	No
8806526289	CNC Lathe Cutting Tool Insert (Plant-Nashik)	25-Oct	3206	3385	8	4000	12	No
8806526289	CNC Lathe Cutting Tool Insert (Plant-Aurangabad)	25-Oct	11834	7096	6	4000	12	No
8806526289	CNC Lathe Cutting Tool Insert (Plant-Nagpur)	25-Oct	4853	5965	7	4000	12	Yes
8806526289	CNC Lathe Cutting Tool Insert (Plant-Mumbai)	25-Oct	8906	10035	9	4000	12	Yes
8806526289	CNC Lathe Cutting Tool Insert (Plant-Gujarat)	25-Oct	4398	3991	10	4000	12	No
8806526289	CNC Lathe Cutting Tool Insert (Plant-Chennai)	25-Oct	5316	6483	8	4000	12	Yes
8806526289	CNC Lathe Cutting Tool Insert (Plant-Bengaluru)	25-Oct	4373	3074	6	4000	12	No
8806526289	CNC Lathe Cutting Tool Insert (Plant-Pune)	25-Nov	6516	6825	7	4000	12	No
8806526289	CNC Lathe Cutting Tool Insert (Plant-Chakan)	25-Nov	11314	8297	6	4000	12	No
8806526289	CNC Lathe Cutting Tool Insert (Plant-Talegaon)	25-Nov	9761	9772	8	4000	12	No
8806526289	CNC Lathe Cutting Tool Insert (Plant-Nashik)	25-Nov	3921	3637	8	4000	12	No
8806526289	CNC Lathe Cutting Tool Insert (Plant-Aurangabad)	25-Nov	8639	9789	8	4000	12	Yes
8806526289	CNC Lathe Cutting Tool Insert (Plant-Nagpur)	25-Nov	6317	5789	6	4000	12	No
8806526289	CNC Lathe Cutting Tool Insert (Plant-Mumbai)	25-Nov	4532	4045	7	4000	12	No
8806526289	CNC Lathe Cutting Tool Insert (Plant-Gujarat)	25-Nov	7350	5101	8	4000	12	No
8806526289	CNC Lathe Cutting Tool Insert (Plant-Chennai)	25-Nov	10572	7732	8	4000	12	No
8806526289	CNC Lathe Cutting Tool Insert (Plant-Bengaluru)	25-Nov	4626	3188	9	4000	12	No
8806526289	CNC Lathe Cutting Tool Insert (Plant-Pune)	25-Dec	12136	6193	8	4000	12	No
8806526289	CNC Lathe Cutting Tool Insert (Plant-Chakan)	25-Dec	12434	8218	5	4000	12	No
8806526289	CNC Lathe Cutting Tool Insert (Plant-Talegaon)	25-Dec	3538	3089	9	4000	12	No
8806526289	CNC Lathe Cutting Tool Insert (Plant-Nashik)	25-Dec	4957	5499	7	4000	12	No
8806526289	CNC Lathe Cutting Tool Insert (Plant-Aurangabad)	25-Dec	9801	8389	6	4000	12	No
8806526289	CNC Lathe Cutting Tool Insert (Plant-Nagpur)	25-Dec	11106	6501	10	4000	12	No
8806526289	CNC Lathe Cutting Tool Insert (Plant-Mumbai)	25-Dec	9791	11727	10	4000	12	Yes
8806526289	CNC Lathe Cutting Tool Insert (Plant-Gujarat)	25-Dec	10103	10318	7	4000	12	No
8806526289	CNC Lathe Cutting Tool Insert (Plant-Chennai)	25-Dec	4489	3354	10	4000	12	No
8806526289	CNC Lathe Cutting Tool Insert (Plant-Bengaluru)	25-Dec	13927	8968	6	4000	12	No
8806526289	CNC Lathe Cutting Tool Insert (Plant-Pune)	26-Jan	13612	15389	7	4000	12	Yes
8806526289	CNC Lathe Cutting Tool Insert (Plant-Chakan)	26-Jan	4496	4324	7	4000	12	No
8806526289	CNC Lathe Cutting Tool Insert (Plant-Talegaon)	26-Jan	5859	4030	5	4000	12	No
8806526289	CNC Lathe Cutting Tool Insert (Plant-Nashik)	26-Jan	8143	9125	8	4000	12	Yes
8806526289	CNC Lathe Cutting Tool Insert (Plant-Aurangabad)	26-Jan	6646	4939	5	4000	12	No
8806526289	CNC Lathe Cutting Tool Insert (Plant-Nagpur)	26-Jan	10761	6283	7	4000	12	No
8806526289	CNC Lathe Cutting Tool Insert (Plant-Mumbai)	26-Jan	10808	11757	6	4000	12	Yes
8806526289	CNC Lathe Cutting Tool Insert (Plant-Gujarat)	26-Jan	4380	3155	10	4000	12	No
8806526289	CNC Lathe Cutting Tool Insert (Plant-Chennai)	26-Jan	7312	4503	5	4000	12	No
8806526289	CNC Lathe Cutting Tool Insert (Plant-Bengaluru)	26-Jan	12073	12611	8	4000	12	No
8806526289	CNC Lathe Cutting Tool Insert (Plant-Pune)	26-Feb	9630	11088	6	4000	12	Yes
8806526289	CNC Lathe Cutting Tool Insert (Plant-Chakan)	26-Feb	5542	4771	5	4000	12	No
8806526289	CNC Lathe Cutting Tool Insert (Plant-Talegaon)	26-Feb	3593	3553	10	4000	12	No
8806526289	CNC Lathe Cutting Tool Insert (Plant-Nashik)	26-Feb	13431	7185	5	4000	12	No
8806526289	CNC Lathe Cutting Tool Insert (Plant-Aurangabad)	26-Feb	6641	6553	9	4000	12	No
8806526289	CNC Lathe Cutting Tool Insert (Plant-Nagpur)	26-Feb	7745	5264	5	4000	12	No
8806526289	CNC Lathe Cutting Tool Insert (Plant-Mumbai)	26-Feb	6684	6872	9	4000	12	No
8806526289	CNC Lathe Cutting Tool Insert (Plant-Gujarat)	26-Feb	5201	4226	10	4000	12	No
8806526289	CNC Lathe Cutting Tool Insert (Plant-Chennai)	26-Feb	3913	3129	8	4000	12	No
8806526289	CNC Lathe Cutting Tool Insert (Plant-Bengaluru)	26-Feb	4611	3336	10	4000	12	No
8806526289	CNC Lathe Cutting Tool Insert (Plant-Pune)	26-Mar	10138	8590	10	4000	12	No
8806526289	CNC Lathe Cutting Tool Insert (Plant-Chakan)	26-Mar	10054	5355	7	4000	12	No
8806526289	CNC Lathe Cutting Tool Insert (Plant-Talegaon)	26-Mar	11734	13699	8	4000	12	Yes
8806526289	CNC Lathe Cutting Tool Insert (Plant-Nashik)	26-Mar	6929	5444	6	4000	12	No
8806526289	CNC Lathe Cutting Tool Insert (Plant-Aurangabad)	26-Mar	10607	5523	6	4000	12	No
8806526289	CNC Lathe Cutting Tool Insert (Plant-Nagpur)	26-Mar	6170	6650	10	4000	12	No
8806526289	CNC Lathe Cutting Tool Insert (Plant-Mumbai)	26-Mar	7553	5381	7	4000	12	No
8806526289	CNC Lathe Cutting Tool Insert (Plant-Gujarat)	26-Mar	6179	5821	9	4000	12	No
8806526289	CNC Lathe Cutting Tool Insert (Plant-Chennai)	26-Mar	8917	8048	6	4000	12	No
8806526289	CNC Lathe Cutting Tool Insert (Plant-Bengaluru)	26-Mar	3695	3297	10	4000	12	No
8806526289	CNC Lathe Cutting Tool Insert (Plant-Pune)	26-Apr	10640	6023	10	4000	12	No
8806526289	CNC Lathe Cutting Tool Insert (Plant-Chakan)	26-Apr	7977	9026	10	4000	12	Yes
8806526289	CNC Lathe Cutting Tool Insert (Plant-Talegaon)	26-Apr	10425	8329	7	4000	12	No
8806526289	CNC Lathe Cutting Tool Insert (Plant-Nashik)	26-Apr	3269	2580	6	4000	12	No
8806526289	CNC Lathe Cutting Tool Insert (Plant-Aurangabad)	26-Apr	3350	1931	5	4000	12	No
8806526289	CNC Lathe Cutting Tool Insert (Plant-Nagpur)	26-Apr	13787	16482	8	4000	12	Yes
8806526289	CNC Lathe Cutting Tool Insert (Plant-Mumbai)	26-Apr	7934	9614	8	4000	12	Yes
8806526289	CNC Lathe Cutting Tool Insert (Plant-Gujarat)	26-Apr	6687	6620	6	4000	12	No
8806526289	CNC Lathe Cutting Tool Insert (Plant-Chennai)	26-Apr	5964	5844	8	4000	12	No
8806526289	CNC Lathe Cutting Tool Insert (Plant-Bengaluru)	26-Apr	10916	13457	8	4000	12	Yes
8806526289	CNC Lathe Cutting Tool Insert (Plant-Pune)	26-May	13486	14190	7	4000	12	No
8806526289	CNC Lathe Cutting Tool Insert (Plant-Chakan)	26-May	8411	8172	7	4000	12	No
8806526289	CNC Lathe Cutting Tool Insert (Plant-Talegaon)	26-May	10747	10286	10	4000	12	No
8806526289	CNC Lathe Cutting Tool Insert (Plant-Nashik)	26-May	8568	8276	5	4000	12	No
8806526289	CNC Lathe Cutting Tool Insert (Plant-Aurangabad)	26-May	7625	3855	9	4000	12	No
8806526289	CNC Lathe Cutting Tool Insert (Plant-Nagpur)	26-May	5551	6049	8	4000	12	No
8806526289	CNC Lathe Cutting Tool Insert (Plant-Mumbai)	26-May	5076	4857	6	4000	12	No
8806526289	CNC Lathe Cutting Tool Insert (Plant-Gujarat)	26-May	10821	5756	7	4000	12	No
8806526289	CNC Lathe Cutting Tool Insert (Plant-Chennai)	26-May	9484	6999	7	4000	12	No
8806526289	CNC Lathe Cutting Tool Insert (Plant-Bengaluru)	26-May	9943	5443	7	4000	12	No
8806526289	CNC Lathe Cutting Tool Insert (Plant-Pune)	26-Jun	12708	14204	5	4000	12	Yes
8806526289	CNC Lathe Cutting Tool Insert (Plant-Chakan)	26-Jun	6181	6985	9	4000	12	Yes
8806526289	CNC Lathe Cutting Tool Insert (Plant-Talegaon)	26-Jun	7902	8220	7	4000	12	No
8806526289	CNC Lathe Cutting Tool Insert (Plant-Nashik)	26-Jun	5998	4991	8	4000	12	No
8806526289	CNC Lathe Cutting Tool Insert (Plant-Aurangabad)	26-Jun	6788	4988	8	4000	12	No
8806526289	CNC Lathe Cutting Tool Insert (Plant-Nagpur)	26-Jun	6818	4515	8	4000	12	No
8806526289	CNC Lathe Cutting Tool Insert (Plant-Mumbai)	26-Jun	10593	7528	8	4000	12	No
8806526289	CNC Lathe Cutting Tool Insert (Plant-Gujarat)	26-Jun	8358	9758	5	4000	12	Yes
8806526289	CNC Lathe Cutting Tool Insert (Plant-Chennai)	26-Jun	5223	3436	7	4000	12	No
8806526289	CNC Lathe Cutting Tool Insert (Plant-Bengaluru)	26-Jun	12987	9228	10	4000	12	No
8806526290	Industrial Synthetic Lubricant (Plant-Pune)	25-Jan	1384	1442	10	750	95	No
8806526290	Industrial Synthetic Lubricant (Plant-Chakan)	25-Jan	1825	1307	9	750	95	No
8806526290	Industrial Synthetic Lubricant (Plant-Talegaon)	25-Jan	1006	911	6	750	95	No
8806526290	Industrial Synthetic Lubricant (Plant-Nashik)	25-Jan	600	536	10	750	95	No
8806526290	Industrial Synthetic Lubricant (Plant-Aurangabad)	25-Jan	2493	2990	8	750	95	Yes
8806526290	Industrial Synthetic Lubricant (Plant-Nagpur)	25-Jan	1191	1451	10	750	95	Yes
8806526290	Industrial Synthetic Lubricant (Plant-Mumbai)	25-Jan	1550	962	6	750	95	No
8806526290	Industrial Synthetic Lubricant (Plant-Gujarat)	25-Jan	1060	1164	9	750	95	No
8806526290	Industrial Synthetic Lubricant (Plant-Chennai)	25-Jan	1997	1697	9	750	95	No
8806526290	Industrial Synthetic Lubricant (Plant-Bengaluru)	25-Jan	2276	2285	6	750	95	No
8806526290	Industrial Synthetic Lubricant (Plant-Pune)	25-Feb	911	819	8	750	95	No
8806526290	Industrial Synthetic Lubricant (Plant-Chakan)	25-Feb	1530	1326	6	750	95	No
8806526290	Industrial Synthetic Lubricant (Plant-Talegaon)	25-Feb	2338	1923	8	750	95	No
8806526290	Industrial Synthetic Lubricant (Plant-Nashik)	25-Feb	2487	2438	9	750	95	No
8806526290	Industrial Synthetic Lubricant (Plant-Aurangabad)	25-Feb	2519	2560	6	750	95	No
8806526290	Industrial Synthetic Lubricant (Plant-Nagpur)	25-Feb	1935	1180	10	750	95	No
8806526290	Industrial Synthetic Lubricant (Plant-Mumbai)	25-Feb	2225	2551	6	750	95	Yes
8806526290	Industrial Synthetic Lubricant (Plant-Gujarat)	25-Feb	2154	2533	10	750	95	Yes
8806526290	Industrial Synthetic Lubricant (Plant-Chennai)	25-Feb	1295	1188	10	750	95	No
8806526290	Industrial Synthetic Lubricant (Plant-Bengaluru)	25-Feb	1992	2257	8	750	95	Yes
8806526290	Industrial Synthetic Lubricant (Plant-Pune)	25-Mar	1139	900	8	750	95	No
8806526290	Industrial Synthetic Lubricant (Plant-Chakan)	25-Mar	2611	2570	8	750	95	No
8806526290	Industrial Synthetic Lubricant (Plant-Talegaon)	25-Mar	1905	1046	9	750	95	No
8806526290	Industrial Synthetic Lubricant (Plant-Nashik)	25-Mar	894	731	11	750	95	No
8806526290	Industrial Synthetic Lubricant (Plant-Aurangabad)	25-Mar	1149	723	7	750	95	No
8806526290	Industrial Synthetic Lubricant (Plant-Nagpur)	25-Mar	2440	2560	11	750	95	No
8806526290	Industrial Synthetic Lubricant (Plant-Mumbai)	25-Mar	2467	1987	7	750	95	No
8806526290	Industrial Synthetic Lubricant (Plant-Gujarat)	25-Mar	1793	1868	9	750	95	No
8806526290	Industrial Synthetic Lubricant (Plant-Chennai)	25-Mar	1980	1795	11	750	95	No
8806526290	Industrial Synthetic Lubricant (Plant-Bengaluru)	25-Mar	815	502	10	750	95	No
8806526290	Industrial Synthetic Lubricant (Plant-Pune)	25-Apr	2563	2053	8	750	95	No
8806526290	Industrial Synthetic Lubricant (Plant-Chakan)	25-Apr	2526	2499	11	750	95	No
8806526290	Industrial Synthetic Lubricant (Plant-Talegaon)	25-Apr	1719	1804	9	750	95	No
8806526290	Industrial Synthetic Lubricant (Plant-Nashik)	25-Apr	795	551	10	750	95	No
8806526290	Industrial Synthetic Lubricant (Plant-Aurangabad)	25-Apr	2260	1434	10	750	95	No
8806526290	Industrial Synthetic Lubricant (Plant-Nagpur)	25-Apr	2297	1662	7	750	95	No
8806526290	Industrial Synthetic Lubricant (Plant-Mumbai)	25-Apr	779	529	8	750	95	No
8806526290	Industrial Synthetic Lubricant (Plant-Gujarat)	25-Apr	1918	2345	7	750	95	Yes
8806526290	Industrial Synthetic Lubricant (Plant-Chennai)	25-Apr	1336	864	9	750	95	No
8806526290	Industrial Synthetic Lubricant (Plant-Bengaluru)	25-Apr	1620	1619	9	750	95	No
8806526290	Industrial Synthetic Lubricant (Plant-Pune)	25-May	1867	1575	9	750	95	No
8806526290	Industrial Synthetic Lubricant (Plant-Chakan)	25-May	1457	804	6	750	95	No
8806526290	Industrial Synthetic Lubricant (Plant-Talegaon)	25-May	1515	1754	8	750	95	Yes
8806526290	Industrial Synthetic Lubricant (Plant-Nashik)	25-May	1324	1440	10	750	95	No
8806526290	Industrial Synthetic Lubricant (Plant-Aurangabad)	25-May	1915	1754	10	750	95	No
8806526290	Industrial Synthetic Lubricant (Plant-Nagpur)	25-May	2284	2523	10	750	95	Yes
8806526290	Industrial Synthetic Lubricant (Plant-Mumbai)	25-May	2087	1341	10	750	95	No
8806526290	Industrial Synthetic Lubricant (Plant-Gujarat)	25-May	1323	1483	8	750	95	Yes
8806526290	Industrial Synthetic Lubricant (Plant-Chennai)	25-May	1863	1047	10	750	95	No
8806526290	Industrial Synthetic Lubricant (Plant-Bengaluru)	25-May	695	657	10	750	95	No
8806526290	Industrial Synthetic Lubricant (Plant-Pune)	25-Jun	2060	1676	10	750	95	No
8806526290	Industrial Synthetic Lubricant (Plant-Chakan)	25-Jun	1488	1543	9	750	95	No
8806526290	Industrial Synthetic Lubricant (Plant-Talegaon)	25-Jun	1236	935	7	750	95	No
8806526290	Industrial Synthetic Lubricant (Plant-Nashik)	25-Jun	2213	1993	9	750	95	No
8806526290	Industrial Synthetic Lubricant (Plant-Aurangabad)	25-Jun	1238	1380	11	750	95	No
8806526290	Industrial Synthetic Lubricant (Plant-Nagpur)	25-Jun	2080	1729	7	750	95	No
8806526290	Industrial Synthetic Lubricant (Plant-Mumbai)	25-Jun	1442	1508	6	750	95	No
8806526290	Industrial Synthetic Lubricant (Plant-Gujarat)	25-Jun	1657	967	11	750	95	No
8806526290	Industrial Synthetic Lubricant (Plant-Chennai)	25-Jun	1624	1278	9	750	95	No
8806526290	Industrial Synthetic Lubricant (Plant-Bengaluru)	25-Jun	1597	1357	10	750	95	No
8806526290	Industrial Synthetic Lubricant (Plant-Pune)	25-Jul	1720	934	10	750	95	No
8806526290	Industrial Synthetic Lubricant (Plant-Chakan)	25-Jul	1053	1090	9	750	95	No
8806526290	Industrial Synthetic Lubricant (Plant-Talegaon)	25-Jul	1220	1306	11	750	95	No
8806526290	Industrial Synthetic Lubricant (Plant-Nashik)	25-Jul	1251	1529	6	750	95	Yes
8806526290	Industrial Synthetic Lubricant (Plant-Aurangabad)	25-Jul	965	989	10	750	95	No
8806526290	Industrial Synthetic Lubricant (Plant-Nagpur)	25-Jul	2613	2690	10	750	95	No
8806526290	Industrial Synthetic Lubricant (Plant-Mumbai)	25-Jul	2095	1969	6	750	95	No
8806526290	Industrial Synthetic Lubricant (Plant-Gujarat)	25-Jul	1637	1783	6	750	95	No
8806526290	Industrial Synthetic Lubricant (Plant-Chennai)	25-Jul	2099	2400	7	750	95	Yes
8806526290	Industrial Synthetic Lubricant (Plant-Bengaluru)	25-Jul	611	599	6	750	95	No
8806526290	Industrial Synthetic Lubricant (Plant-Pune)	25-Aug	638	631	11	750	95	No
8806526290	Industrial Synthetic Lubricant (Plant-Chakan)	25-Aug	2464	2128	10	750	95	No
8806526290	Industrial Synthetic Lubricant (Plant-Talegaon)	25-Aug	956	1159	9	750	95	Yes
8806526290	Industrial Synthetic Lubricant (Plant-Nashik)	25-Aug	1277	1168	10	750	95	No
8806526290	Industrial Synthetic Lubricant (Plant-Aurangabad)	25-Aug	862	646	10	750	95	No
8806526290	Industrial Synthetic Lubricant (Plant-Nagpur)	25-Aug	1484	1209	7	750	95	No
8806526290	Industrial Synthetic Lubricant (Plant-Mumbai)	25-Aug	2018	1561	9	750	95	No
8806526290	Industrial Synthetic Lubricant (Plant-Gujarat)	25-Aug	1299	878	6	750	95	No
8806526290	Industrial Synthetic Lubricant (Plant-Chennai)	25-Aug	1586	1915	9	750	95	Yes
8806526290	Industrial Synthetic Lubricant (Plant-Bengaluru)	25-Aug	1505	1016	10	750	95	No
8806526290	Industrial Synthetic Lubricant (Plant-Pune)	25-Sep	919	833	8	750	95	No
8806526290	Industrial Synthetic Lubricant (Plant-Chakan)	25-Sep	681	688	7	750	95	No
8806526290	Industrial Synthetic Lubricant (Plant-Talegaon)	25-Sep	1067	577	11	750	95	No
8806526290	Industrial Synthetic Lubricant (Plant-Nashik)	25-Sep	1317	1201	10	750	95	No
8806526290	Industrial Synthetic Lubricant (Plant-Aurangabad)	25-Sep	1403	1456	6	750	95	No
8806526290	Industrial Synthetic Lubricant (Plant-Nagpur)	25-Sep	2101	1676	6	750	95	No
8806526290	Industrial Synthetic Lubricant (Plant-Mumbai)	25-Sep	644	426	9	750	95	No
8806526290	Industrial Synthetic Lubricant (Plant-Gujarat)	25-Sep	1441	1437	8	750	95	No
8806526290	Industrial Synthetic Lubricant (Plant-Chennai)	25-Sep	1193	749	11	750	95	No
8806526290	Industrial Synthetic Lubricant (Plant-Bengaluru)	25-Sep	2624	2969	10	750	95	Yes
8806526290	Industrial Synthetic Lubricant (Plant-Pune)	25-Oct	2179	1591	10	750	95	No
8806526290	Industrial Synthetic Lubricant (Plant-Chakan)	25-Oct	2331	2789	10	750	95	Yes
8806526290	Industrial Synthetic Lubricant (Plant-Talegaon)	25-Oct	851	992	10	750	95	No
8806526290	Industrial Synthetic Lubricant (Plant-Nashik)	25-Oct	640	357	7	750	95	No
8806526290	Industrial Synthetic Lubricant (Plant-Aurangabad)	25-Oct	675	834	6	750	95	Yes
8806526290	Industrial Synthetic Lubricant (Plant-Nagpur)	25-Oct	1560	1374	10	750	95	No
8806526290	Industrial Synthetic Lubricant (Plant-Mumbai)	25-Oct	1800	1251	6	750	95	No
8806526290	Industrial Synthetic Lubricant (Plant-Gujarat)	25-Oct	2139	1531	8	750	95	No
8806526290	Industrial Synthetic Lubricant (Plant-Chennai)	25-Oct	1140	752	7	750	95	No
8806526290	Industrial Synthetic Lubricant (Plant-Bengaluru)	25-Oct	2317	1890	8	750	95	No
8806526290	Industrial Synthetic Lubricant (Plant-Pune)	25-Nov	1480	1230	8	750	95	No
8806526290	Industrial Synthetic Lubricant (Plant-Chakan)	25-Nov	2392	2885	6	750	95	Yes
8806526290	Industrial Synthetic Lubricant (Plant-Talegaon)	25-Nov	1101	678	10	750	95	No
8806526290	Industrial Synthetic Lubricant (Plant-Nashik)	25-Nov	1620	836	10	750	95	No
8806526290	Industrial Synthetic Lubricant (Plant-Aurangabad)	25-Nov	2166	1713	11	750	95	No
8806526290	Industrial Synthetic Lubricant (Plant-Nagpur)	25-Nov	2005	1443	11	750	95	No
8806526290	Industrial Synthetic Lubricant (Plant-Mumbai)	25-Nov	1531	1488	8	750	95	No
8806526290	Industrial Synthetic Lubricant (Plant-Gujarat)	25-Nov	1573	1425	6	750	95	No
8806526290	Industrial Synthetic Lubricant (Plant-Chennai)	25-Nov	2392	1526	11	750	95	No
8806526290	Industrial Synthetic Lubricant (Plant-Bengaluru)	25-Nov	1411	810	10	750	95	No
8806526290	Industrial Synthetic Lubricant (Plant-Pune)	25-Dec	2563	1817	7	750	95	No
8806526290	Industrial Synthetic Lubricant (Plant-Chakan)	25-Dec	858	978	10	750	95	No
8806526290	Industrial Synthetic Lubricant (Plant-Talegaon)	25-Dec	1409	919	7	750	95	No
8806526290	Industrial Synthetic Lubricant (Plant-Nashik)	25-Dec	2193	1343	10	750	95	No
8806526290	Industrial Synthetic Lubricant (Plant-Aurangabad)	25-Dec	1269	781	11	750	95	No
8806526290	Industrial Synthetic Lubricant (Plant-Nagpur)	25-Dec	1996	1192	8	750	95	No
8806526290	Industrial Synthetic Lubricant (Plant-Mumbai)	25-Dec	2189	2579	10	750	95	Yes
8806526290	Industrial Synthetic Lubricant (Plant-Gujarat)	25-Dec	2015	1766	10	750	95	No
8806526290	Industrial Synthetic Lubricant (Plant-Chennai)	25-Dec	904	569	6	750	95	No
8806526290	Industrial Synthetic Lubricant (Plant-Bengaluru)	25-Dec	2290	2556	9	750	95	Yes
8806526290	Industrial Synthetic Lubricant (Plant-Pune)	26-Jan	2349	1374	9	750	95	No
8806526290	Industrial Synthetic Lubricant (Plant-Chakan)	26-Jan	2201	1306	9	750	95	No
8806526290	Industrial Synthetic Lubricant (Plant-Talegaon)	26-Jan	1755	1791	10	750	95	No
8806526290	Industrial Synthetic Lubricant (Plant-Nashik)	26-Jan	2001	1107	7	750	95	No
8806526290	Industrial Synthetic Lubricant (Plant-Aurangabad)	26-Jan	1214	706	9	750	95	No
8806526290	Industrial Synthetic Lubricant (Plant-Nagpur)	26-Jan	1033	743	10	750	95	No
8806526290	Industrial Synthetic Lubricant (Plant-Mumbai)	26-Jan	1673	2061	8	750	95	Yes
8806526290	Industrial Synthetic Lubricant (Plant-Gujarat)	26-Jan	1413	945	8	750	95	No
8806526290	Industrial Synthetic Lubricant (Plant-Chennai)	26-Jan	1566	1787	10	750	95	Yes
8806526290	Industrial Synthetic Lubricant (Plant-Bengaluru)	26-Jan	1229	772	6	750	95	No
8806526290	Industrial Synthetic Lubricant (Plant-Pune)	26-Feb	2593	1745	8	750	95	No
8806526290	Industrial Synthetic Lubricant (Plant-Chakan)	26-Feb	1205	1054	10	750	95	No
8806526290	Industrial Synthetic Lubricant (Plant-Talegaon)	26-Feb	2079	1164	6	750	95	No
8806526290	Industrial Synthetic Lubricant (Plant-Nashik)	26-Feb	678	640	11	750	95	No
8806526290	Industrial Synthetic Lubricant (Plant-Aurangabad)	26-Feb	2088	1535	10	750	95	No
8806526290	Industrial Synthetic Lubricant (Plant-Nagpur)	26-Feb	1678	1249	7	750	95	No
8806526290	Industrial Synthetic Lubricant (Plant-Mumbai)	26-Feb	1871	1329	9	750	95	No
8806526290	Industrial Synthetic Lubricant (Plant-Gujarat)	26-Feb	2026	2038	9	750	95	No
8806526290	Industrial Synthetic Lubricant (Plant-Chennai)	26-Feb	1438	1036	11	750	95	No
8806526290	Industrial Synthetic Lubricant (Plant-Bengaluru)	26-Feb	851	821	8	750	95	No
8806526290	Industrial Synthetic Lubricant (Plant-Pune)	26-Mar	2276	2465	6	750	95	Yes
8806526290	Industrial Synthetic Lubricant (Plant-Chakan)	26-Mar	1843	2082	6	750	95	Yes
8806526290	Industrial Synthetic Lubricant (Plant-Talegaon)	26-Mar	1674	1629	6	750	95	No
8806526290	Industrial Synthetic Lubricant (Plant-Nashik)	26-Mar	997	549	10	750	95	No
8806526290	Industrial Synthetic Lubricant (Plant-Aurangabad)	26-Mar	2314	2102	10	750	95	No
8806526290	Industrial Synthetic Lubricant (Plant-Nagpur)	26-Mar	2254	1499	7	750	95	No
8806526290	Industrial Synthetic Lubricant (Plant-Mumbai)	26-Mar	716	796	9	750	95	No
8806526290	Industrial Synthetic Lubricant (Plant-Gujarat)	26-Mar	1606	977	10	750	95	No
8806526290	Industrial Synthetic Lubricant (Plant-Chennai)	26-Mar	2394	1561	10	750	95	No
8806526290	Industrial Synthetic Lubricant (Plant-Bengaluru)	26-Mar	2189	2115	6	750	95	No
8806526290	Industrial Synthetic Lubricant (Plant-Pune)	26-Apr	1747	1473	8	750	95	No
8806526290	Industrial Synthetic Lubricant (Plant-Chakan)	26-Apr	685	777	9	750	95	No
8806526290	Industrial Synthetic Lubricant (Plant-Talegaon)	26-Apr	767	539	9	750	95	No
8806526290	Industrial Synthetic Lubricant (Plant-Nashik)	26-Apr	2108	1385	6	750	95	No
8806526290	Industrial Synthetic Lubricant (Plant-Aurangabad)	26-Apr	1579	1803	6	750	95	Yes
8806526290	Industrial Synthetic Lubricant (Plant-Nagpur)	26-Apr	2216	1918	8	750	95	No
8806526290	Industrial Synthetic Lubricant (Plant-Mumbai)	26-Apr	740	448	6	750	95	No
8806526290	Industrial Synthetic Lubricant (Plant-Gujarat)	26-Apr	884	485	11	750	95	No
8806526290	Industrial Synthetic Lubricant (Plant-Chennai)	26-Apr	998	517	10	750	95	No
8806526290	Industrial Synthetic Lubricant (Plant-Bengaluru)	26-Apr	2554	1898	6	750	95	No
8806526290	Industrial Synthetic Lubricant (Plant-Pune)	26-May	1031	1012	10	750	95	No
8806526290	Industrial Synthetic Lubricant (Plant-Chakan)	26-May	2498	2935	6	750	95	Yes
8806526290	Industrial Synthetic Lubricant (Plant-Talegaon)	26-May	1378	901	6	750	95	No
8806526290	Industrial Synthetic Lubricant (Plant-Nashik)	26-May	2037	1876	11	750	95	No
8806526290	Industrial Synthetic Lubricant (Plant-Aurangabad)	26-May	751	624	11	750	95	No
8806526290	Industrial Synthetic Lubricant (Plant-Nagpur)	26-May	1408	1635	9	750	95	Yes
8806526290	Industrial Synthetic Lubricant (Plant-Mumbai)	26-May	2195	2142	11	750	95	No
8806526290	Industrial Synthetic Lubricant (Plant-Gujarat)	26-May	2195	1517	7	750	95	No
8806526290	Industrial Synthetic Lubricant (Plant-Chennai)	26-May	1206	1463	8	750	95	Yes
8806526290	Industrial Synthetic Lubricant (Plant-Bengaluru)	26-May	2287	2263	6	750	95	No
8806526290	Industrial Synthetic Lubricant (Plant-Pune)	26-Jun	979	811	8	750	95	No
8806526290	Industrial Synthetic Lubricant (Plant-Chakan)	26-Jun	1667	872	7	750	95	No
8806526290	Industrial Synthetic Lubricant (Plant-Talegaon)	26-Jun	1633	946	10	750	95	No
8806526290	Industrial Synthetic Lubricant (Plant-Nashik)	26-Jun	688	477	11	750	95	No
8806526290	Industrial Synthetic Lubricant (Plant-Aurangabad)	26-Jun	2360	2579	9	750	95	Yes
8806526290	Industrial Synthetic Lubricant (Plant-Nagpur)	26-Jun	2389	2780	11	750	95	Yes
8806526290	Industrial Synthetic Lubricant (Plant-Mumbai)	26-Jun	1477	1532	11	750	95	No
8806526290	Industrial Synthetic Lubricant (Plant-Gujarat)	26-Jun	1514	1368	6	750	95	No
8806526290	Industrial Synthetic Lubricant (Plant-Chennai)	26-Jun	608	308	11	750	95	No
8806526290	Industrial Synthetic Lubricant (Plant-Bengaluru)	26-Jun	2556	2150	10	750	95	No
8806526291	Heavy Duty Conveyor Belt (Plant-Pune)	25-Jan	272	198	42	120	500	No
8806526291	Heavy Duty Conveyor Belt (Plant-Chakan)	25-Jan	113	76	39	120	500	No
8806526291	Heavy Duty Conveyor Belt (Plant-Talegaon)	25-Jan	263	192	39	120	500	No
8806526291	Heavy Duty Conveyor Belt (Plant-Nashik)	25-Jan	182	159	40	120	500	No
8806526291	Heavy Duty Conveyor Belt (Plant-Aurangabad)	25-Jan	404	222	41	120	500	No
8806526291	Heavy Duty Conveyor Belt (Plant-Nagpur)	25-Jan	200	158	39	120	500	No
8806526291	Heavy Duty Conveyor Belt (Plant-Mumbai)	25-Jan	413	457	43	120	500	Yes
8806526291	Heavy Duty Conveyor Belt (Plant-Gujarat)	25-Jan	180	202	38	120	500	No
8806526291	Heavy Duty Conveyor Belt (Plant-Chennai)	25-Jan	274	282	38	120	500	No
8806526291	Heavy Duty Conveyor Belt (Plant-Bengaluru)	25-Jan	258	231	42	120	500	No
8806526291	Heavy Duty Conveyor Belt (Plant-Pune)	25-Feb	126	111	42	120	500	No
8806526291	Heavy Duty Conveyor Belt (Plant-Chakan)	25-Feb	250	243	40	120	500	No
8806526291	Heavy Duty Conveyor Belt (Plant-Talegaon)	25-Feb	139	85	39	120	500	No
8806526291	Heavy Duty Conveyor Belt (Plant-Nashik)	25-Feb	139	93	40	120	500	No
8806526291	Heavy Duty Conveyor Belt (Plant-Aurangabad)	25-Feb	326	198	40	120	500	No
8806526291	Heavy Duty Conveyor Belt (Plant-Nagpur)	25-Feb	98	83	41	120	500	No
8806526291	Heavy Duty Conveyor Belt (Plant-Mumbai)	25-Feb	388	435	38	120	500	Yes
8806526291	Heavy Duty Conveyor Belt (Plant-Gujarat)	25-Feb	242	276	40	120	500	Yes
8806526291	Heavy Duty Conveyor Belt (Plant-Chennai)	25-Feb	350	176	38	120	500	No
8806526291	Heavy Duty Conveyor Belt (Plant-Bengaluru)	25-Feb	387	346	38	120	500	No
8806526291	Heavy Duty Conveyor Belt (Plant-Pune)	25-Mar	419	274	41	120	500	No
8806526291	Heavy Duty Conveyor Belt (Plant-Chakan)	25-Mar	206	173	43	120	500	No
8806526291	Heavy Duty Conveyor Belt (Plant-Talegaon)	25-Mar	373	338	40	120	500	No
8806526291	Heavy Duty Conveyor Belt (Plant-Nashik)	25-Mar	358	241	43	120	500	No
8806526291	Heavy Duty Conveyor Belt (Plant-Aurangabad)	25-Mar	303	238	38	120	500	No
8806526291	Heavy Duty Conveyor Belt (Plant-Nagpur)	25-Mar	368	392	42	120	500	No
8806526291	Heavy Duty Conveyor Belt (Plant-Mumbai)	25-Mar	187	220	41	120	500	Yes
8806526291	Heavy Duty Conveyor Belt (Plant-Gujarat)	25-Mar	98	93	41	120	500	No
8806526291	Heavy Duty Conveyor Belt (Plant-Chennai)	25-Mar	124	135	39	120	500	No
8806526291	Heavy Duty Conveyor Belt (Plant-Bengaluru)	25-Mar	289	148	40	120	500	No
8806526291	Heavy Duty Conveyor Belt (Plant-Pune)	25-Apr	196	139	38	120	500	No
8806526291	Heavy Duty Conveyor Belt (Plant-Chakan)	25-Apr	261	265	39	120	500	No
8806526291	Heavy Duty Conveyor Belt (Plant-Talegaon)	25-Apr	403	366	38	120	500	No
8806526291	Heavy Duty Conveyor Belt (Plant-Nashik)	25-Apr	259	225	41	120	500	No
8806526291	Heavy Duty Conveyor Belt (Plant-Aurangabad)	25-Apr	337	329	43	120	500	No
8806526291	Heavy Duty Conveyor Belt (Plant-Nagpur)	25-Apr	171	134	41	120	500	No
8806526291	Heavy Duty Conveyor Belt (Plant-Mumbai)	25-Apr	221	184	40	120	500	No
8806526291	Heavy Duty Conveyor Belt (Plant-Gujarat)	25-Apr	377	360	41	120	500	No
8806526291	Heavy Duty Conveyor Belt (Plant-Chennai)	25-Apr	205	208	41	120	500	No
8806526291	Heavy Duty Conveyor Belt (Plant-Bengaluru)	25-Apr	267	161	39	120	500	No
8806526291	Heavy Duty Conveyor Belt (Plant-Pune)	25-May	338	195	43	120	500	No
8806526291	Heavy Duty Conveyor Belt (Plant-Chakan)	25-May	208	132	43	120	500	No
8806526291	Heavy Duty Conveyor Belt (Plant-Talegaon)	25-May	140	103	42	120	500	No
8806526291	Heavy Duty Conveyor Belt (Plant-Nashik)	25-May	366	453	42	120	500	Yes
8806526291	Heavy Duty Conveyor Belt (Plant-Aurangabad)	25-May	233	167	42	120	500	No
8806526291	Heavy Duty Conveyor Belt (Plant-Nagpur)	25-May	312	276	40	120	500	No
8806526291	Heavy Duty Conveyor Belt (Plant-Mumbai)	25-May	196	116	38	120	500	No
8806526291	Heavy Duty Conveyor Belt (Plant-Gujarat)	25-May	408	491	40	120	500	Yes
8806526291	Heavy Duty Conveyor Belt (Plant-Chennai)	25-May	291	355	43	120	500	Yes
8806526291	Heavy Duty Conveyor Belt (Plant-Bengaluru)	25-May	352	189	41	120	500	No
8806526291	Heavy Duty Conveyor Belt (Plant-Pune)	25-Jun	225	239	38	120	500	No
8806526291	Heavy Duty Conveyor Belt (Plant-Chakan)	25-Jun	101	60	39	120	500	No
8806526291	Heavy Duty Conveyor Belt (Plant-Talegaon)	25-Jun	317	222	39	120	500	No
8806526291	Heavy Duty Conveyor Belt (Plant-Nashik)	25-Jun	244	127	39	120	500	No
8806526291	Heavy Duty Conveyor Belt (Plant-Aurangabad)	25-Jun	170	211	41	120	500	Yes
8806526291	Heavy Duty Conveyor Belt (Plant-Nagpur)	25-Jun	160	189	40	120	500	Yes
8806526291	Heavy Duty Conveyor Belt (Plant-Mumbai)	25-Jun	250	258	43	120	500	No
8806526291	Heavy Duty Conveyor Belt (Plant-Gujarat)	25-Jun	107	55	42	120	500	No
8806526291	Heavy Duty Conveyor Belt (Plant-Chennai)	25-Jun	337	405	41	120	500	Yes
8806526291	Heavy Duty Conveyor Belt (Plant-Bengaluru)	25-Jun	154	120	43	120	500	No
8806526291	Heavy Duty Conveyor Belt (Plant-Pune)	25-Jul	411	482	41	120	500	Yes
8806526291	Heavy Duty Conveyor Belt (Plant-Chakan)	25-Jul	205	197	38	120	500	No
8806526291	Heavy Duty Conveyor Belt (Plant-Talegaon)	25-Jul	290	329	38	120	500	Yes
8806526291	Heavy Duty Conveyor Belt (Plant-Nashik)	25-Jul	119	102	40	120	500	No
8806526291	Heavy Duty Conveyor Belt (Plant-Aurangabad)	25-Jul	226	222	42	120	500	No
8806526291	Heavy Duty Conveyor Belt (Plant-Nagpur)	25-Jul	259	155	43	120	500	No
8806526291	Heavy Duty Conveyor Belt (Plant-Mumbai)	25-Jul	102	71	38	120	500	No
8806526291	Heavy Duty Conveyor Belt (Plant-Gujarat)	25-Jul	227	223	41	120	500	No
8806526291	Heavy Duty Conveyor Belt (Plant-Chennai)	25-Jul	170	87	40	120	500	No
8806526291	Heavy Duty Conveyor Belt (Plant-Bengaluru)	25-Jul	410	292	43	120	500	No
8806526291	Heavy Duty Conveyor Belt (Plant-Pune)	25-Aug	323	177	42	120	500	No
8806526291	Heavy Duty Conveyor Belt (Plant-Chakan)	25-Aug	217	252	39	120	500	Yes
8806526291	Heavy Duty Conveyor Belt (Plant-Talegaon)	25-Aug	348	297	41	120	500	No
8806526291	Heavy Duty Conveyor Belt (Plant-Nashik)	25-Aug	316	310	41	120	500	No
8806526291	Heavy Duty Conveyor Belt (Plant-Aurangabad)	25-Aug	368	207	41	120	500	No
8806526291	Heavy Duty Conveyor Belt (Plant-Nagpur)	25-Aug	213	166	42	120	500	No
8806526291	Heavy Duty Conveyor Belt (Plant-Mumbai)	25-Aug	361	226	42	120	500	No
8806526291	Heavy Duty Conveyor Belt (Plant-Gujarat)	25-Aug	185	120	42	120	500	No
8806526291	Heavy Duty Conveyor Belt (Plant-Chennai)	25-Aug	409	476	38	120	500	Yes
8806526291	Heavy Duty Conveyor Belt (Plant-Bengaluru)	25-Aug	403	232	42	120	500	No
8806526291	Heavy Duty Conveyor Belt (Plant-Pune)	25-Sep	293	316	42	120	500	No
8806526291	Heavy Duty Conveyor Belt (Plant-Chakan)	25-Sep	122	138	41	120	500	No
8806526291	Heavy Duty Conveyor Belt (Plant-Talegaon)	25-Sep	135	73	39	120	500	No
8806526291	Heavy Duty Conveyor Belt (Plant-Nashik)	25-Sep	365	251	38	120	500	No
8806526291	Heavy Duty Conveyor Belt (Plant-Aurangabad)	25-Sep	335	269	39	120	500	No
8806526291	Heavy Duty Conveyor Belt (Plant-Nagpur)	25-Sep	328	288	38	120	500	No
8806526291	Heavy Duty Conveyor Belt (Plant-Mumbai)	25-Sep	340	172	42	120	500	No
8806526291	Heavy Duty Conveyor Belt (Plant-Gujarat)	25-Sep	376	386	39	120	500	No
8806526291	Heavy Duty Conveyor Belt (Plant-Chennai)	25-Sep	223	217	41	120	500	No
8806526291	Heavy Duty Conveyor Belt (Plant-Bengaluru)	25-Sep	236	229	38	120	500	No
8806526291	Heavy Duty Conveyor Belt (Plant-Pune)	25-Oct	166	173	42	120	500	No
8806526291	Heavy Duty Conveyor Belt (Plant-Chakan)	25-Oct	365	339	43	120	500	No
8806526291	Heavy Duty Conveyor Belt (Plant-Talegaon)	25-Oct	212	155	41	120	500	No
8806526291	Heavy Duty Conveyor Belt (Plant-Nashik)	25-Oct	288	354	39	120	500	Yes
8806526291	Heavy Duty Conveyor Belt (Plant-Aurangabad)	25-Oct	271	233	42	120	500	No
8806526291	Heavy Duty Conveyor Belt (Plant-Nagpur)	25-Oct	336	317	42	120	500	No
8806526291	Heavy Duty Conveyor Belt (Plant-Mumbai)	25-Oct	283	220	38	120	500	No
8806526291	Heavy Duty Conveyor Belt (Plant-Gujarat)	25-Oct	116	70	40	120	500	No
8806526291	Heavy Duty Conveyor Belt (Plant-Chennai)	25-Oct	301	359	39	120	500	Yes
8806526291	Heavy Duty Conveyor Belt (Plant-Bengaluru)	25-Oct	202	150	42	120	500	No
8806526291	Heavy Duty Conveyor Belt (Plant-Pune)	25-Nov	323	314	39	120	500	No
8806526291	Heavy Duty Conveyor Belt (Plant-Chakan)	25-Nov	355	231	41	120	500	No
8806526291	Heavy Duty Conveyor Belt (Plant-Talegaon)	25-Nov	259	171	43	120	500	No
8806526291	Heavy Duty Conveyor Belt (Plant-Nashik)	25-Nov	188	160	38	120	500	No
8806526291	Heavy Duty Conveyor Belt (Plant-Aurangabad)	25-Nov	362	440	40	120	500	Yes
8806526291	Heavy Duty Conveyor Belt (Plant-Nagpur)	25-Nov	315	340	38	120	500	Yes
8806526291	Heavy Duty Conveyor Belt (Plant-Mumbai)	25-Nov	322	379	38	120	500	Yes
8806526291	Heavy Duty Conveyor Belt (Plant-Gujarat)	25-Nov	107	102	41	120	500	No
8806526291	Heavy Duty Conveyor Belt (Plant-Chennai)	25-Nov	172	192	42	120	500	No
8806526291	Heavy Duty Conveyor Belt (Plant-Bengaluru)	25-Nov	253	308	38	120	500	Yes
8806526291	Heavy Duty Conveyor Belt (Plant-Pune)	25-Dec	255	269	38	120	500	No
8806526291	Heavy Duty Conveyor Belt (Plant-Chakan)	25-Dec	307	376	39	120	500	Yes
8806526291	Heavy Duty Conveyor Belt (Plant-Talegaon)	25-Dec	136	106	39	120	500	No
8806526291	Heavy Duty Conveyor Belt (Plant-Nashik)	25-Dec	371	302	38	120	500	No
8806526291	Heavy Duty Conveyor Belt (Plant-Aurangabad)	25-Dec	169	207	39	120	500	Yes
8806526291	Heavy Duty Conveyor Belt (Plant-Nagpur)	25-Dec	124	129	41	120	500	No
8806526291	Heavy Duty Conveyor Belt (Plant-Mumbai)	25-Dec	123	76	40	120	500	No
8806526291	Heavy Duty Conveyor Belt (Plant-Gujarat)	25-Dec	109	94	42	120	500	No
8806526291	Heavy Duty Conveyor Belt (Plant-Chennai)	25-Dec	159	138	38	120	500	No
8806526291	Heavy Duty Conveyor Belt (Plant-Bengaluru)	25-Dec	288	204	41	120	500	No
8806526291	Heavy Duty Conveyor Belt (Plant-Pune)	26-Jan	313	208	38	120	500	No
8806526291	Heavy Duty Conveyor Belt (Plant-Chakan)	26-Jan	285	289	38	120	500	No
8806526291	Heavy Duty Conveyor Belt (Plant-Talegaon)	26-Jan	344	380	40	120	500	Yes
8806526291	Heavy Duty Conveyor Belt (Plant-Nashik)	26-Jan	247	130	40	120	500	No
8806526291	Heavy Duty Conveyor Belt (Plant-Aurangabad)	26-Jan	137	132	43	120	500	No
8806526291	Heavy Duty Conveyor Belt (Plant-Nagpur)	26-Jan	152	181	40	120	500	Yes
8806526291	Heavy Duty Conveyor Belt (Plant-Mumbai)	26-Jan	395	285	43	120	500	No
8806526291	Heavy Duty Conveyor Belt (Plant-Gujarat)	26-Jan	276	211	42	120	500	No
8806526291	Heavy Duty Conveyor Belt (Plant-Chennai)	26-Jan	193	206	39	120	500	No
8806526291	Heavy Duty Conveyor Belt (Plant-Bengaluru)	26-Jan	281	147	39	120	500	No
8806526291	Heavy Duty Conveyor Belt (Plant-Pune)	26-Feb	195	127	41	120	500	No
8806526291	Heavy Duty Conveyor Belt (Plant-Chakan)	26-Feb	160	100	43	120	500	No
8806526291	Heavy Duty Conveyor Belt (Plant-Talegaon)	26-Feb	281	173	43	120	500	No
8806526291	Heavy Duty Conveyor Belt (Plant-Nashik)	26-Feb	125	152	42	120	500	Yes
8806526291	Heavy Duty Conveyor Belt (Plant-Aurangabad)	26-Feb	171	203	41	120	500	Yes
8806526291	Heavy Duty Conveyor Belt (Plant-Nagpur)	26-Feb	153	116	38	120	500	No
8806526291	Heavy Duty Conveyor Belt (Plant-Mumbai)	26-Feb	318	374	39	120	500	Yes
8806526291	Heavy Duty Conveyor Belt (Plant-Gujarat)	26-Feb	267	288	41	120	500	No
8806526291	Heavy Duty Conveyor Belt (Plant-Chennai)	26-Feb	331	306	40	120	500	No
8806526291	Heavy Duty Conveyor Belt (Plant-Bengaluru)	26-Feb	398	386	42	120	500	No
8806526291	Heavy Duty Conveyor Belt (Plant-Pune)	26-Mar	124	121	42	120	500	No
8806526291	Heavy Duty Conveyor Belt (Plant-Chakan)	26-Mar	252	199	41	120	500	No
8806526291	Heavy Duty Conveyor Belt (Plant-Talegaon)	26-Mar	125	89	38	120	500	No
8806526291	Heavy Duty Conveyor Belt (Plant-Nashik)	26-Mar	140	130	40	120	500	No
8806526291	Heavy Duty Conveyor Belt (Plant-Aurangabad)	26-Mar	217	147	43	120	500	No
8806526291	Heavy Duty Conveyor Belt (Plant-Nagpur)	26-Mar	376	460	41	120	500	Yes
8806526291	Heavy Duty Conveyor Belt (Plant-Mumbai)	26-Mar	399	326	43	120	500	No
8806526291	Heavy Duty Conveyor Belt (Plant-Gujarat)	26-Mar	159	155	42	120	500	No
8806526291	Heavy Duty Conveyor Belt (Plant-Chennai)	26-Mar	180	122	38	120	500	No
8806526291	Heavy Duty Conveyor Belt (Plant-Bengaluru)	26-Mar	350	385	41	120	500	Yes
8806526291	Heavy Duty Conveyor Belt (Plant-Pune)	26-Apr	388	278	39	120	500	No
8806526291	Heavy Duty Conveyor Belt (Plant-Chakan)	26-Apr	346	200	41	120	500	No
8806526291	Heavy Duty Conveyor Belt (Plant-Talegaon)	26-Apr	374	433	39	120	500	Yes
8806526291	Heavy Duty Conveyor Belt (Plant-Nashik)	26-Apr	234	225	43	120	500	No
8806526291	Heavy Duty Conveyor Belt (Plant-Aurangabad)	26-Apr	272	257	40	120	500	No
8806526291	Heavy Duty Conveyor Belt (Plant-Nagpur)	26-Apr	292	291	41	120	500	No
8806526291	Heavy Duty Conveyor Belt (Plant-Mumbai)	26-Apr	294	166	43	120	500	No
8806526291	Heavy Duty Conveyor Belt (Plant-Gujarat)	26-Apr	337	328	39	120	500	No
8806526291	Heavy Duty Conveyor Belt (Plant-Chennai)	26-Apr	323	166	40	120	500	No
8806526291	Heavy Duty Conveyor Belt (Plant-Bengaluru)	26-Apr	220	183	41	120	500	No
8806526291	Heavy Duty Conveyor Belt (Plant-Pune)	26-May	268	314	39	120	500	Yes
8806526291	Heavy Duty Conveyor Belt (Plant-Chakan)	26-May	190	156	40	120	500	No
8806526291	Heavy Duty Conveyor Belt (Plant-Talegaon)	26-May	112	56	43	120	500	No
8806526291	Heavy Duty Conveyor Belt (Plant-Nashik)	26-May	311	188	39	120	500	No
8806526291	Heavy Duty Conveyor Belt (Plant-Aurangabad)	26-May	235	149	43	120	500	No
8806526291	Heavy Duty Conveyor Belt (Plant-Nagpur)	26-May	402	268	38	120	500	No
8806526291	Heavy Duty Conveyor Belt (Plant-Mumbai)	26-May	271	306	39	120	500	Yes
8806526291	Heavy Duty Conveyor Belt (Plant-Gujarat)	26-May	248	224	41	120	500	No
8806526291	Heavy Duty Conveyor Belt (Plant-Chennai)	26-May	144	77	42	120	500	No
8806526291	Heavy Duty Conveyor Belt (Plant-Bengaluru)	26-May	329	281	39	120	500	No
8806526291	Heavy Duty Conveyor Belt (Plant-Pune)	26-Jun	418	381	43	120	500	No
8806526291	Heavy Duty Conveyor Belt (Plant-Chakan)	26-Jun	144	158	42	120	500	No
8806526291	Heavy Duty Conveyor Belt (Plant-Talegaon)	26-Jun	313	208	41	120	500	No
8806526291	Heavy Duty Conveyor Belt (Plant-Nashik)	26-Jun	223	188	42	120	500	No
8806526291	Heavy Duty Conveyor Belt (Plant-Aurangabad)	26-Jun	272	205	42	120	500	No
8806526291	Heavy Duty Conveyor Belt (Plant-Nagpur)	26-Jun	128	80	39	120	500	No
8806526291	Heavy Duty Conveyor Belt (Plant-Mumbai)	26-Jun	358	230	43	120	500	No
8806526291	Heavy Duty Conveyor Belt (Plant-Gujarat)	26-Jun	108	118	43	120	500	No
8806526291	Heavy Duty Conveyor Belt (Plant-Chennai)	26-Jun	274	218	42	120	500	No
8806526291	Heavy Duty Conveyor Belt (Plant-Bengaluru)	26-Jun	202	230	41	120	500	Yes
8806526292	Brass Bushing Sleeve (Plant-Pune)	25-Jan	6586	5560	12	3000	15	No
8806526292	Brass Bushing Sleeve (Plant-Chakan)	25-Jan	2782	1978	15	3000	15	No
8806526292	Brass Bushing Sleeve (Plant-Talegaon)	25-Jan	3269	1853	17	3000	15	No
8806526292	Brass Bushing Sleeve (Plant-Nashik)	25-Jan	7197	8974	13	3000	15	Yes
8806526292	Brass Bushing Sleeve (Plant-Aurangabad)	25-Jan	8523	4493	17	3000	15	No
8806526292	Brass Bushing Sleeve (Plant-Nagpur)	25-Jan	10040	7376	17	3000	15	No
8806526292	Brass Bushing Sleeve (Plant-Mumbai)	25-Jan	6622	5550	13	3000	15	No
8806526292	Brass Bushing Sleeve (Plant-Gujarat)	25-Jan	8553	7953	14	3000	15	No
8806526292	Brass Bushing Sleeve (Plant-Chennai)	25-Jan	10386	7450	15	3000	15	No
8806526292	Brass Bushing Sleeve (Plant-Bengaluru)	25-Jan	2992	2705	12	3000	15	No
8806526292	Brass Bushing Sleeve (Plant-Pune)	25-Feb	5386	4809	14	3000	15	No
8806526292	Brass Bushing Sleeve (Plant-Chakan)	25-Feb	6365	3530	15	3000	15	No
8806526292	Brass Bushing Sleeve (Plant-Talegaon)	25-Feb	9183	10134	12	3000	15	Yes
8806526292	Brass Bushing Sleeve (Plant-Nashik)	25-Feb	3303	3440	15	3000	15	No
8806526292	Brass Bushing Sleeve (Plant-Aurangabad)	25-Feb	9039	4814	12	3000	15	No
8806526292	Brass Bushing Sleeve (Plant-Nagpur)	25-Feb	8629	9512	16	3000	15	Yes
8806526292	Brass Bushing Sleeve (Plant-Mumbai)	25-Feb	7122	7429	14	3000	15	No
8806526292	Brass Bushing Sleeve (Plant-Gujarat)	25-Feb	9603	8149	16	3000	15	No
8806526292	Brass Bushing Sleeve (Plant-Chennai)	25-Feb	4075	2637	15	3000	15	No
8806526292	Brass Bushing Sleeve (Plant-Bengaluru)	25-Feb	8503	6648	17	3000	15	No
8806526292	Brass Bushing Sleeve (Plant-Pune)	25-Mar	4553	3528	13	3000	15	No
8806526292	Brass Bushing Sleeve (Plant-Chakan)	25-Mar	7860	4200	13	3000	15	No
8806526292	Brass Bushing Sleeve (Plant-Talegaon)	25-Mar	9707	8473	15	3000	15	No
8806526292	Brass Bushing Sleeve (Plant-Nashik)	25-Mar	2990	3097	13	3000	15	No
8806526292	Brass Bushing Sleeve (Plant-Aurangabad)	25-Mar	4816	2802	12	3000	15	No
8806526292	Brass Bushing Sleeve (Plant-Nagpur)	25-Mar	6889	7053	13	3000	15	No
8806526292	Brass Bushing Sleeve (Plant-Mumbai)	25-Mar	7035	4921	14	3000	15	No
8806526292	Brass Bushing Sleeve (Plant-Gujarat)	25-Mar	9337	10361	17	3000	15	Yes
8806526292	Brass Bushing Sleeve (Plant-Chennai)	25-Mar	3002	3742	14	3000	15	Yes
8806526292	Brass Bushing Sleeve (Plant-Bengaluru)	25-Mar	8094	5734	17	3000	15	No
8806526292	Brass Bushing Sleeve (Plant-Pune)	25-Apr	6314	3274	15	3000	15	No
8806526292	Brass Bushing Sleeve (Plant-Chakan)	25-Apr	10405	12026	15	3000	15	Yes
8806526292	Brass Bushing Sleeve (Plant-Talegaon)	25-Apr	8339	9476	17	3000	15	Yes
8806526292	Brass Bushing Sleeve (Plant-Nashik)	25-Apr	6895	7172	17	3000	15	No
8806526292	Brass Bushing Sleeve (Plant-Aurangabad)	25-Apr	9320	8532	16	3000	15	No
8806526292	Brass Bushing Sleeve (Plant-Nagpur)	25-Apr	8794	6915	16	3000	15	No
8806526292	Brass Bushing Sleeve (Plant-Mumbai)	25-Apr	8385	9791	15	3000	15	Yes
8806526292	Brass Bushing Sleeve (Plant-Gujarat)	25-Apr	5534	4659	17	3000	15	No
8806526292	Brass Bushing Sleeve (Plant-Chennai)	25-Apr	4470	4800	13	3000	15	No
8806526292	Brass Bushing Sleeve (Plant-Bengaluru)	25-Apr	10214	7228	12	3000	15	No
8806526292	Brass Bushing Sleeve (Plant-Pune)	25-May	10111	8767	13	3000	15	No
8806526292	Brass Bushing Sleeve (Plant-Chakan)	25-May	9714	11328	17	3000	15	Yes
8806526292	Brass Bushing Sleeve (Plant-Talegaon)	25-May	3918	4024	16	3000	15	No
8806526292	Brass Bushing Sleeve (Plant-Nashik)	25-May	6373	5797	13	3000	15	No
8806526292	Brass Bushing Sleeve (Plant-Aurangabad)	25-May	6985	8579	13	3000	15	Yes
8806526292	Brass Bushing Sleeve (Plant-Nagpur)	25-May	5021	5217	17	3000	15	No
8806526292	Brass Bushing Sleeve (Plant-Mumbai)	25-May	8535	9379	13	3000	15	Yes
8806526292	Brass Bushing Sleeve (Plant-Gujarat)	25-May	7192	5393	17	3000	15	No
8806526292	Brass Bushing Sleeve (Plant-Chennai)	25-May	9140	6056	13	3000	15	No
8806526292	Brass Bushing Sleeve (Plant-Bengaluru)	25-May	4309	5032	13	3000	15	Yes
8806526292	Brass Bushing Sleeve (Plant-Pune)	25-Jun	4616	3370	17	3000	15	No
8806526292	Brass Bushing Sleeve (Plant-Chakan)	25-Jun	8129	4202	15	3000	15	No
8806526292	Brass Bushing Sleeve (Plant-Talegaon)	25-Jun	8209	6519	17	3000	15	No
8806526292	Brass Bushing Sleeve (Plant-Nashik)	25-Jun	6666	4880	17	3000	15	No
8806526292	Brass Bushing Sleeve (Plant-Aurangabad)	25-Jun	6662	6652	13	3000	15	No
8806526292	Brass Bushing Sleeve (Plant-Nagpur)	25-Jun	7743	9278	15	3000	15	Yes
8806526292	Brass Bushing Sleeve (Plant-Mumbai)	25-Jun	6150	7313	17	3000	15	Yes
8806526292	Brass Bushing Sleeve (Plant-Gujarat)	25-Jun	3427	2883	13	3000	15	No
8806526292	Brass Bushing Sleeve (Plant-Chennai)	25-Jun	5367	3284	12	3000	15	No
8806526292	Brass Bushing Sleeve (Plant-Bengaluru)	25-Jun	4693	3251	15	3000	15	No
8806526292	Brass Bushing Sleeve (Plant-Pune)	25-Jul	9469	7603	16	3000	15	No
8806526292	Brass Bushing Sleeve (Plant-Chakan)	25-Jul	9110	9178	17	3000	15	No
8806526292	Brass Bushing Sleeve (Plant-Talegaon)	25-Jul	9441	10210	14	3000	15	Yes
8806526292	Brass Bushing Sleeve (Plant-Nashik)	25-Jul	10360	7236	13	3000	15	No
8806526292	Brass Bushing Sleeve (Plant-Aurangabad)	25-Jul	7152	7098	13	3000	15	No
8806526292	Brass Bushing Sleeve (Plant-Nagpur)	25-Jul	6939	5012	12	3000	15	No
8806526292	Brass Bushing Sleeve (Plant-Mumbai)	25-Jul	7596	7228	12	3000	15	No
8806526292	Brass Bushing Sleeve (Plant-Gujarat)	25-Jul	5940	6743	13	3000	15	Yes
8806526292	Brass Bushing Sleeve (Plant-Chennai)	25-Jul	9913	12047	12	3000	15	Yes
8806526292	Brass Bushing Sleeve (Plant-Bengaluru)	25-Jul	7375	3808	15	3000	15	No
8806526292	Brass Bushing Sleeve (Plant-Pune)	25-Aug	9711	9397	15	3000	15	No
8806526292	Brass Bushing Sleeve (Plant-Chakan)	25-Aug	2975	2899	17	3000	15	No
8806526292	Brass Bushing Sleeve (Plant-Talegaon)	25-Aug	7784	4234	14	3000	15	No
8806526292	Brass Bushing Sleeve (Plant-Nashik)	25-Aug	8662	4407	16	3000	15	No
8806526292	Brass Bushing Sleeve (Plant-Aurangabad)	25-Aug	4166	4063	12	3000	15	No
8806526292	Brass Bushing Sleeve (Plant-Nagpur)	25-Aug	9855	9963	14	3000	15	No
8806526292	Brass Bushing Sleeve (Plant-Mumbai)	25-Aug	8172	8746	12	3000	15	No
8806526292	Brass Bushing Sleeve (Plant-Gujarat)	25-Aug	7356	6706	12	3000	15	No
8806526292	Brass Bushing Sleeve (Plant-Chennai)	25-Aug	7358	4484	16	3000	15	No
8806526292	Brass Bushing Sleeve (Plant-Bengaluru)	25-Aug	6302	4342	17	3000	15	No
8806526292	Brass Bushing Sleeve (Plant-Pune)	25-Sep	10078	5240	13	3000	15	No
8806526292	Brass Bushing Sleeve (Plant-Chakan)	25-Sep	6683	6728	12	3000	15	No
8806526292	Brass Bushing Sleeve (Plant-Talegaon)	25-Sep	7028	4090	13	3000	15	No
8806526292	Brass Bushing Sleeve (Plant-Nashik)	25-Sep	6711	3585	12	3000	15	No
8806526292	Brass Bushing Sleeve (Plant-Aurangabad)	25-Sep	8208	8201	17	3000	15	No
8806526292	Brass Bushing Sleeve (Plant-Nagpur)	25-Sep	10485	10164	15	3000	15	No
8806526292	Brass Bushing Sleeve (Plant-Mumbai)	25-Sep	8153	9212	13	3000	15	Yes
8806526292	Brass Bushing Sleeve (Plant-Gujarat)	25-Sep	5892	4011	17	3000	15	No
8806526292	Brass Bushing Sleeve (Plant-Chennai)	25-Sep	5448	4148	13	3000	15	No
8806526292	Brass Bushing Sleeve (Plant-Bengaluru)	25-Sep	2812	2257	12	3000	15	No
8806526292	Brass Bushing Sleeve (Plant-Pune)	25-Oct	9909	11140	13	3000	15	Yes
8806526292	Brass Bushing Sleeve (Plant-Chakan)	25-Oct	6476	5033	15	3000	15	No
8806526292	Brass Bushing Sleeve (Plant-Talegaon)	25-Oct	7882	7818	16	3000	15	No
8806526292	Brass Bushing Sleeve (Plant-Nashik)	25-Oct	8068	7362	14	3000	15	No
8806526292	Brass Bushing Sleeve (Plant-Aurangabad)	25-Oct	5856	5775	12	3000	15	No
8806526292	Brass Bushing Sleeve (Plant-Nagpur)	25-Oct	9323	10518	15	3000	15	Yes
8806526292	Brass Bushing Sleeve (Plant-Mumbai)	25-Oct	3389	4099	15	3000	15	Yes
8806526292	Brass Bushing Sleeve (Plant-Gujarat)	25-Oct	4934	5068	17	3000	15	No
8806526292	Brass Bushing Sleeve (Plant-Chennai)	25-Oct	8653	8302	13	3000	15	No
8806526292	Brass Bushing Sleeve (Plant-Bengaluru)	25-Oct	9336	9112	17	3000	15	No
8806526292	Brass Bushing Sleeve (Plant-Pune)	25-Nov	5528	3773	17	3000	15	No
8806526292	Brass Bushing Sleeve (Plant-Chakan)	25-Nov	9373	7143	17	3000	15	No
8806526292	Brass Bushing Sleeve (Plant-Talegaon)	25-Nov	7206	5724	16	3000	15	No
8806526292	Brass Bushing Sleeve (Plant-Nashik)	25-Nov	6453	5681	17	3000	15	No
8806526292	Brass Bushing Sleeve (Plant-Aurangabad)	25-Nov	7428	6245	17	3000	15	No
8806526292	Brass Bushing Sleeve (Plant-Nagpur)	25-Nov	8817	4556	15	3000	15	No
8806526292	Brass Bushing Sleeve (Plant-Mumbai)	25-Nov	7873	9012	13	3000	15	Yes
8806526292	Brass Bushing Sleeve (Plant-Gujarat)	25-Nov	6783	6434	13	3000	15	No
8806526292	Brass Bushing Sleeve (Plant-Chennai)	25-Nov	6626	6820	17	3000	15	No
8806526292	Brass Bushing Sleeve (Plant-Bengaluru)	25-Nov	9497	10494	14	3000	15	Yes
8806526292	Brass Bushing Sleeve (Plant-Pune)	25-Dec	10395	11133	13	3000	15	Yes
8806526292	Brass Bushing Sleeve (Plant-Chakan)	25-Dec	8285	7630	12	3000	15	No
8806526292	Brass Bushing Sleeve (Plant-Talegaon)	25-Dec	8896	6140	14	3000	15	No
8806526292	Brass Bushing Sleeve (Plant-Nashik)	25-Dec	8792	9812	14	3000	15	Yes
8806526292	Brass Bushing Sleeve (Plant-Aurangabad)	25-Dec	4717	4922	12	3000	15	No
8806526292	Brass Bushing Sleeve (Plant-Nagpur)	25-Dec	4097	2327	13	3000	15	No
8806526292	Brass Bushing Sleeve (Plant-Mumbai)	25-Dec	4297	3155	15	3000	15	No
8806526292	Brass Bushing Sleeve (Plant-Gujarat)	25-Dec	9429	10865	14	3000	15	Yes
8806526292	Brass Bushing Sleeve (Plant-Chennai)	25-Dec	7740	9590	12	3000	15	Yes
8806526292	Brass Bushing Sleeve (Plant-Bengaluru)	25-Dec	6118	4339	14	3000	15	No
8806526292	Brass Bushing Sleeve (Plant-Pune)	26-Jan	8981	8321	17	3000	15	No
8806526292	Brass Bushing Sleeve (Plant-Chakan)	26-Jan	5721	5880	14	3000	15	No
8806526292	Brass Bushing Sleeve (Plant-Talegaon)	26-Jan	4106	2226	12	3000	15	No
8806526292	Brass Bushing Sleeve (Plant-Nashik)	26-Jan	2735	3267	17	3000	15	No
8806526292	Brass Bushing Sleeve (Plant-Aurangabad)	26-Jan	3717	4509	16	3000	15	Yes
8806526292	Brass Bushing Sleeve (Plant-Nagpur)	26-Jan	9479	8072	16	3000	15	No
8806526292	Brass Bushing Sleeve (Plant-Mumbai)	26-Jan	4731	5349	14	3000	15	Yes
8806526292	Brass Bushing Sleeve (Plant-Gujarat)	26-Jan	3402	3123	13	3000	15	No
8806526292	Brass Bushing Sleeve (Plant-Chennai)	26-Jan	9722	11316	17	3000	15	Yes
8806526292	Brass Bushing Sleeve (Plant-Bengaluru)	26-Jan	6938	8130	16	3000	15	Yes
8806526292	Brass Bushing Sleeve (Plant-Pune)	26-Feb	4639	3423	12	3000	15	No
8806526292	Brass Bushing Sleeve (Plant-Chakan)	26-Feb	8447	8870	16	3000	15	No
8806526292	Brass Bushing Sleeve (Plant-Talegaon)	26-Feb	3594	3294	17	3000	15	No
8806526292	Brass Bushing Sleeve (Plant-Nashik)	26-Feb	5408	2965	14	3000	15	No
8806526292	Brass Bushing Sleeve (Plant-Aurangabad)	26-Feb	4225	4260	15	3000	15	No
8806526292	Brass Bushing Sleeve (Plant-Nagpur)	26-Feb	8084	9000	16	3000	15	Yes
8806526292	Brass Bushing Sleeve (Plant-Mumbai)	26-Feb	4354	4727	12	3000	15	No
8806526292	Brass Bushing Sleeve (Plant-Gujarat)	26-Feb	6167	4220	15	3000	15	No
8806526292	Brass Bushing Sleeve (Plant-Chennai)	26-Feb	4785	3005	13	3000	15	No
8806526292	Brass Bushing Sleeve (Plant-Bengaluru)	26-Feb	5621	5955	17	3000	15	No
8806526292	Brass Bushing Sleeve (Plant-Pune)	26-Mar	9220	11155	16	3000	15	Yes
8806526292	Brass Bushing Sleeve (Plant-Chakan)	26-Mar	3844	2485	17	3000	15	No
8806526292	Brass Bushing Sleeve (Plant-Talegaon)	26-Mar	4182	3227	12	3000	15	No
8806526292	Brass Bushing Sleeve (Plant-Nashik)	26-Mar	2672	1336	12	3000	15	No
8806526292	Brass Bushing Sleeve (Plant-Aurangabad)	26-Mar	6570	5815	15	3000	15	No
8806526292	Brass Bushing Sleeve (Plant-Nagpur)	26-Mar	8072	7733	14	3000	15	No
8806526292	Brass Bushing Sleeve (Plant-Mumbai)	26-Mar	8805	10143	12	3000	15	Yes
8806526292	Brass Bushing Sleeve (Plant-Gujarat)	26-Mar	9061	11314	17	3000	15	Yes
8806526292	Brass Bushing Sleeve (Plant-Chennai)	26-Mar	3602	3540	12	3000	15	No
8806526292	Brass Bushing Sleeve (Plant-Bengaluru)	26-Mar	9451	10451	15	3000	15	Yes
8806526292	Brass Bushing Sleeve (Plant-Pune)	26-Apr	3229	3361	12	3000	15	No
8806526292	Brass Bushing Sleeve (Plant-Chakan)	26-Apr	9739	8776	17	3000	15	No
8806526292	Brass Bushing Sleeve (Plant-Talegaon)	26-Apr	10407	10981	13	3000	15	No
8806526292	Brass Bushing Sleeve (Plant-Nashik)	26-Apr	5628	6604	17	3000	15	Yes
8806526292	Brass Bushing Sleeve (Plant-Aurangabad)	26-Apr	7163	7584	15	3000	15	No
8806526292	Brass Bushing Sleeve (Plant-Nagpur)	26-Apr	4039	2265	13	3000	15	No
8806526292	Brass Bushing Sleeve (Plant-Mumbai)	26-Apr	2606	2727	16	3000	15	No
8806526292	Brass Bushing Sleeve (Plant-Gujarat)	26-Apr	2534	3110	14	3000	15	No
8806526292	Brass Bushing Sleeve (Plant-Chennai)	26-Apr	7502	8413	16	3000	15	Yes
8806526292	Brass Bushing Sleeve (Plant-Bengaluru)	26-Apr	9891	11228	12	3000	15	Yes
8806526292	Brass Bushing Sleeve (Plant-Pune)	26-May	10354	10070	12	3000	15	No
8806526292	Brass Bushing Sleeve (Plant-Chakan)	26-May	10221	7247	15	3000	15	No
8806526292	Brass Bushing Sleeve (Plant-Talegaon)	26-May	8491	7171	14	3000	15	No
8806526292	Brass Bushing Sleeve (Plant-Nashik)	26-May	5604	4302	13	3000	15	No
8806526292	Brass Bushing Sleeve (Plant-Aurangabad)	26-May	8542	4667	12	3000	15	No
8806526292	Brass Bushing Sleeve (Plant-Nagpur)	26-May	7438	5727	14	3000	15	No
8806526292	Brass Bushing Sleeve (Plant-Mumbai)	26-May	4308	4848	16	3000	15	No
8806526292	Brass Bushing Sleeve (Plant-Gujarat)	26-May	6010	6318	15	3000	15	No
8806526292	Brass Bushing Sleeve (Plant-Chennai)	26-May	8633	7589	15	3000	15	No
8806526292	Brass Bushing Sleeve (Plant-Bengaluru)	26-May	8175	10199	15	3000	15	Yes
8806526292	Brass Bushing Sleeve (Plant-Pune)	26-Jun	5267	3681	14	3000	15	No
8806526292	Brass Bushing Sleeve (Plant-Chakan)	26-Jun	3281	4017	14	3000	15	Yes
8806526292	Brass Bushing Sleeve (Plant-Talegaon)	26-Jun	2609	2531	16	3000	15	No
8806526292	Brass Bushing Sleeve (Plant-Nashik)	26-Jun	3910	2329	14	3000	15	No
8806526292	Brass Bushing Sleeve (Plant-Aurangabad)	26-Jun	8830	7299	12	3000	15	No
8806526292	Brass Bushing Sleeve (Plant-Nagpur)	26-Jun	3409	4060	16	3000	15	Yes
8806526292	Brass Bushing Sleeve (Plant-Mumbai)	26-Jun	7958	5879	14	3000	15	No
8806526292	Brass Bushing Sleeve (Plant-Gujarat)	26-Jun	9058	10256	13	3000	15	Yes
8806526292	Brass Bushing Sleeve (Plant-Chennai)	26-Jun	7565	7281	14	3000	15	No
8806526292	Brass Bushing Sleeve (Plant-Bengaluru)	26-Jun	9500	9031	13	3000	15	No
8806526273	Steel Plate 10mm HR (Plant-Pune)	25-Jan	2685	2161	12	1200	45	No
8806526273	Steel Plate 10mm HR (Plant-Chakan)	25-Jan	4050	3715	16	1200	45	No
8806526273	Steel Plate 10mm HR (Plant-Talegaon)	25-Jan	3031	2151	14	1200	45	No
8806526273	Steel Plate 10mm HR (Plant-Nashik)	25-Jan	2640	1959	15	1200	45	No
8806526273	Steel Plate 10mm HR (Plant-Aurangabad)	25-Jan	2661	2410	17	1200	45	No
8806526273	Steel Plate 10mm HR (Plant-Nagpur)	25-Jan	1830	1063	17	1200	45	No
8806526273	Steel Plate 10mm HR (Plant-Mumbai)	25-Jan	2460	2316	14	1200	45	No
8806526273	Steel Plate 10mm HR (Plant-Gujarat)	25-Jan	2480	1357	13	1200	45	No
8806526273	Steel Plate 10mm HR (Plant-Chennai)	25-Jan	3259	2933	15	1200	45	No
8806526273	Steel Plate 10mm HR (Plant-Bengaluru)	25-Jan	2058	2012	17	1200	45	No
8806526273	Steel Plate 10mm HR (Plant-Pune)	25-Feb	968	590	17	1200	45	No
8806526273	Steel Plate 10mm HR (Plant-Chakan)	25-Feb	2551	1454	13	1200	45	No
8806526273	Steel Plate 10mm HR (Plant-Talegaon)	25-Feb	3209	3721	15	1200	45	Yes
8806526273	Steel Plate 10mm HR (Plant-Nashik)	25-Feb	1681	1291	14	1200	45	No
8806526273	Steel Plate 10mm HR (Plant-Aurangabad)	25-Feb	3891	2888	14	1200	45	No
8806526273	Steel Plate 10mm HR (Plant-Nagpur)	25-Feb	2789	1931	12	1200	45	No
8806526273	Steel Plate 10mm HR (Plant-Mumbai)	25-Feb	4182	5171	13	1200	45	Yes
8806526273	Steel Plate 10mm HR (Plant-Gujarat)	25-Feb	2176	2104	13	1200	45	No
8806526273	Steel Plate 10mm HR (Plant-Chennai)	25-Feb	1937	2277	15	1200	45	Yes
8806526273	Steel Plate 10mm HR (Plant-Bengaluru)	25-Feb	1214	616	13	1200	45	No
8806526273	Steel Plate 10mm HR (Plant-Pune)	25-Mar	3377	2299	14	1200	45	No
8806526273	Steel Plate 10mm HR (Plant-Chakan)	25-Mar	3557	2543	14	1200	45	No
8806526273	Steel Plate 10mm HR (Plant-Talegaon)	25-Mar	3658	3294	15	1200	45	No
8806526273	Steel Plate 10mm HR (Plant-Nashik)	25-Mar	1802	1627	15	1200	45	No
8806526273	Steel Plate 10mm HR (Plant-Aurangabad)	25-Mar	3091	3366	17	1200	45	Yes
8806526273	Steel Plate 10mm HR (Plant-Nagpur)	25-Mar	1719	1147	13	1200	45	No
8806526273	Steel Plate 10mm HR (Plant-Mumbai)	25-Mar	1342	1022	14	1200	45	No
8806526273	Steel Plate 10mm HR (Plant-Gujarat)	25-Mar	1749	1742	17	1200	45	No
8806526273	Steel Plate 10mm HR (Plant-Chennai)	25-Mar	2982	3315	16	1200	45	Yes
8806526273	Steel Plate 10mm HR (Plant-Bengaluru)	25-Mar	2021	1556	16	1200	45	No
8806526273	Steel Plate 10mm HR (Plant-Pune)	25-Apr	3565	2210	14	1200	45	No
8806526273	Steel Plate 10mm HR (Plant-Chakan)	25-Apr	2277	1392	17	1200	45	No
8806526273	Steel Plate 10mm HR (Plant-Talegaon)	25-Apr	3068	2474	14	1200	45	No
8806526273	Steel Plate 10mm HR (Plant-Nashik)	25-Apr	3557	2250	16	1200	45	No
8806526273	Steel Plate 10mm HR (Plant-Aurangabad)	25-Apr	3531	2149	15	1200	45	No
8806526273	Steel Plate 10mm HR (Plant-Nagpur)	25-Apr	2504	1462	12	1200	45	No
8806526273	Steel Plate 10mm HR (Plant-Mumbai)	25-Apr	2573	1689	17	1200	45	No
8806526273	Steel Plate 10mm HR (Plant-Gujarat)	25-Apr	2373	1390	16	1200	45	No
8806526273	Steel Plate 10mm HR (Plant-Chennai)	25-Apr	3313	3786	12	1200	45	Yes
8806526273	Steel Plate 10mm HR (Plant-Bengaluru)	25-Apr	1475	1305	13	1200	45	No
8806526273	Steel Plate 10mm HR (Plant-Pune)	25-May	2314	2810	12	1200	45	Yes
8806526273	Steel Plate 10mm HR (Plant-Chakan)	25-May	2581	2512	16	1200	45	No
8806526273	Steel Plate 10mm HR (Plant-Talegaon)	25-May	1274	1031	13	1200	45	No
8806526273	Steel Plate 10mm HR (Plant-Nashik)	25-May	1074	788	17	1200	45	No
8806526273	Steel Plate 10mm HR (Plant-Aurangabad)	25-May	1632	1973	14	1200	45	Yes
8806526273	Steel Plate 10mm HR (Plant-Nagpur)	25-May	1085	886	17	1200	45	No
8806526273	Steel Plate 10mm HR (Plant-Mumbai)	25-May	1219	701	13	1200	45	No
8806526273	Steel Plate 10mm HR (Plant-Gujarat)	25-May	1771	1592	15	1200	45	No
8806526273	Steel Plate 10mm HR (Plant-Chennai)	25-May	2301	1717	15	1200	45	No
8806526273	Steel Plate 10mm HR (Plant-Bengaluru)	25-May	1399	1170	14	1200	45	No
8806526273	Steel Plate 10mm HR (Plant-Pune)	25-Jun	2838	3293	17	1200	45	Yes
8806526273	Steel Plate 10mm HR (Plant-Chakan)	25-Jun	2398	1400	17	1200	45	No
8806526273	Steel Plate 10mm HR (Plant-Talegaon)	25-Jun	2048	1964	15	1200	45	No
8806526273	Steel Plate 10mm HR (Plant-Nashik)	25-Jun	1037	1257	14	1200	45	No
8806526273	Steel Plate 10mm HR (Plant-Aurangabad)	25-Jun	4179	2691	16	1200	45	No
8806526273	Steel Plate 10mm HR (Plant-Nagpur)	25-Jun	3396	1962	13	1200	45	No
8806526273	Steel Plate 10mm HR (Plant-Mumbai)	25-Jun	1540	1525	17	1200	45	No
8806526273	Steel Plate 10mm HR (Plant-Gujarat)	25-Jun	1509	1324	17	1200	45	No
8806526273	Steel Plate 10mm HR (Plant-Chennai)	25-Jun	2868	2424	17	1200	45	No
8806526273	Steel Plate 10mm HR (Plant-Bengaluru)	25-Jun	2440	1705	13	1200	45	No
8806526273	Steel Plate 10mm HR (Plant-Pune)	25-Jul	3675	2727	12	1200	45	No
8806526273	Steel Plate 10mm HR (Plant-Chakan)	25-Jul	2610	1601	13	1200	45	No
8806526273	Steel Plate 10mm HR (Plant-Talegaon)	25-Jul	1223	1251	15	1200	45	No
8806526273	Steel Plate 10mm HR (Plant-Nashik)	25-Jul	1250	1175	14	1200	45	No
8806526273	Steel Plate 10mm HR (Plant-Aurangabad)	25-Jul	2112	2498	15	1200	45	Yes
8806526273	Steel Plate 10mm HR (Plant-Nagpur)	25-Jul	2491	1913	16	1200	45	No
8806526273	Steel Plate 10mm HR (Plant-Mumbai)	25-Jul	2845	2725	17	1200	45	No
8806526273	Steel Plate 10mm HR (Plant-Gujarat)	25-Jul	2132	1353	16	1200	45	No
8806526273	Steel Plate 10mm HR (Plant-Chennai)	25-Jul	1875	1560	16	1200	45	No
8806526273	Steel Plate 10mm HR (Plant-Bengaluru)	25-Jul	1138	597	17	1200	45	No
8806526273	Steel Plate 10mm HR (Plant-Pune)	25-Aug	1828	1963	15	1200	45	No
8806526273	Steel Plate 10mm HR (Plant-Chakan)	25-Aug	3401	3634	13	1200	45	No
8806526273	Steel Plate 10mm HR (Plant-Talegaon)	25-Aug	2897	3336	16	1200	45	Yes
8806526273	Steel Plate 10mm HR (Plant-Nashik)	25-Aug	1106	774	12	1200	45	No
8806526273	Steel Plate 10mm HR (Plant-Aurangabad)	25-Aug	2380	2895	16	1200	45	Yes
8806526273	Steel Plate 10mm HR (Plant-Nagpur)	25-Aug	3970	2598	15	1200	45	No
8806526273	Steel Plate 10mm HR (Plant-Mumbai)	25-Aug	4096	3241	16	1200	45	No
8806526273	Steel Plate 10mm HR (Plant-Gujarat)	25-Aug	2224	2728	12	1200	45	Yes
8806526273	Steel Plate 10mm HR (Plant-Chennai)	25-Aug	3709	2594	12	1200	45	No
8806526273	Steel Plate 10mm HR (Plant-Bengaluru)	25-Aug	2038	2238	13	1200	45	No
8806526273	Steel Plate 10mm HR (Plant-Pune)	25-Sep	2953	1931	15	1200	45	No
8806526273	Steel Plate 10mm HR (Plant-Chakan)	25-Sep	3578	4468	12	1200	45	Yes
8806526273	Steel Plate 10mm HR (Plant-Talegaon)	25-Sep	3189	1791	17	1200	45	No
8806526273	Steel Plate 10mm HR (Plant-Nashik)	25-Sep	3875	3051	14	1200	45	No
8806526273	Steel Plate 10mm HR (Plant-Aurangabad)	25-Sep	3098	1932	15	1200	45	No
8806526273	Steel Plate 10mm HR (Plant-Nagpur)	25-Sep	2620	1952	15	1200	45	No
8806526273	Steel Plate 10mm HR (Plant-Mumbai)	25-Sep	2997	2870	12	1200	45	No
8806526273	Steel Plate 10mm HR (Plant-Gujarat)	25-Sep	1084	795	15	1200	45	No
8806526273	Steel Plate 10mm HR (Plant-Chennai)	25-Sep	4198	5217	13	1200	45	Yes
8806526273	Steel Plate 10mm HR (Plant-Bengaluru)	25-Sep	3353	2175	16	1200	45	No
8806526273	Steel Plate 10mm HR (Plant-Pune)	25-Oct	1378	1378	14	1200	45	No
8806526273	Steel Plate 10mm HR (Plant-Chakan)	25-Oct	3090	3566	13	1200	45	Yes
8806526273	Steel Plate 10mm HR (Plant-Talegaon)	25-Oct	1591	1741	15	1200	45	No
8806526273	Steel Plate 10mm HR (Plant-Nashik)	25-Oct	1528	1036	14	1200	45	No
8806526273	Steel Plate 10mm HR (Plant-Aurangabad)	25-Oct	1857	1304	14	1200	45	No
8806526273	Steel Plate 10mm HR (Plant-Nagpur)	25-Oct	1048	623	16	1200	45	No
8806526273	Steel Plate 10mm HR (Plant-Mumbai)	25-Oct	3074	1578	13	1200	45	No
8806526273	Steel Plate 10mm HR (Plant-Gujarat)	25-Oct	1431	1279	12	1200	45	No
8806526273	Steel Plate 10mm HR (Plant-Chennai)	25-Oct	2235	1860	16	1200	45	No
8806526273	Steel Plate 10mm HR (Plant-Bengaluru)	25-Oct	3528	2488	16	1200	45	No
8806526273	Steel Plate 10mm HR (Plant-Pune)	25-Nov	2218	2753	14	1200	45	Yes
8806526273	Steel Plate 10mm HR (Plant-Chakan)	25-Nov	1245	911	14	1200	45	No
8806526273	Steel Plate 10mm HR (Plant-Talegaon)	25-Nov	3844	3831	13	1200	45	No
8806526273	Steel Plate 10mm HR (Plant-Nashik)	25-Nov	3429	3150	15	1200	45	No
8806526273	Steel Plate 10mm HR (Plant-Aurangabad)	25-Nov	1294	1168	15	1200	45	No
8806526273	Steel Plate 10mm HR (Plant-Nagpur)	25-Nov	3124	3338	16	1200	45	No
8806526273	Steel Plate 10mm HR (Plant-Mumbai)	25-Nov	3081	2849	15	1200	45	No
8806526273	Steel Plate 10mm HR (Plant-Gujarat)	25-Nov	1614	1071	16	1200	45	No
8806526273	Steel Plate 10mm HR (Plant-Chennai)	25-Nov	2478	1638	16	1200	45	No
8806526273	Steel Plate 10mm HR (Plant-Bengaluru)	25-Nov	1315	1240	17	1200	45	No
8806526273	Steel Plate 10mm HR (Plant-Pune)	25-Dec	3650	4387	14	1200	45	Yes
8806526273	Steel Plate 10mm HR (Plant-Chakan)	25-Dec	3264	3068	16	1200	45	No
8806526273	Steel Plate 10mm HR (Plant-Talegaon)	25-Dec	2891	3064	16	1200	45	No
8806526273	Steel Plate 10mm HR (Plant-Nashik)	25-Dec	2384	1654	15	1200	45	No
8806526273	Steel Plate 10mm HR (Plant-Aurangabad)	25-Dec	1320	980	15	1200	45	No
8806526273	Steel Plate 10mm HR (Plant-Nagpur)	25-Dec	1415	1504	15	1200	45	No
8806526273	Steel Plate 10mm HR (Plant-Mumbai)	25-Dec	3646	3878	17	1200	45	No
8806526273	Steel Plate 10mm HR (Plant-Gujarat)	25-Dec	1572	1069	16	1200	45	No
8806526273	Steel Plate 10mm HR (Plant-Chennai)	25-Dec	3806	2339	14	1200	45	No
8806526273	Steel Plate 10mm HR (Plant-Bengaluru)	25-Dec	1148	765	13	1200	45	No
8806526273	Steel Plate 10mm HR (Plant-Pune)	26-Jan	1311	689	14	1200	45	No
8806526273	Steel Plate 10mm HR (Plant-Chakan)	26-Jan	2618	2893	16	1200	45	Yes
8806526273	Steel Plate 10mm HR (Plant-Talegaon)	26-Jan	1658	2044	17	1200	45	Yes
8806526273	Steel Plate 10mm HR (Plant-Nashik)	26-Jan	2958	3177	17	1200	45	No
8806526273	Steel Plate 10mm HR (Plant-Aurangabad)	26-Jan	978	1124	14	1200	45	No
8806526273	Steel Plate 10mm HR (Plant-Nagpur)	26-Jan	1725	2141	17	1200	45	Yes
8806526273	Steel Plate 10mm HR (Plant-Mumbai)	26-Jan	3048	2802	17	1200	45	No
8806526273	Steel Plate 10mm HR (Plant-Gujarat)	26-Jan	3414	3163	16	1200	45	No
8806526273	Steel Plate 10mm HR (Plant-Chennai)	26-Jan	1368	1135	16	1200	45	No
8806526273	Steel Plate 10mm HR (Plant-Bengaluru)	26-Jan	1601	1233	12	1200	45	No
8806526273	Steel Plate 10mm HR (Plant-Pune)	26-Feb	2971	2656	13	1200	45	No
8806526273	Steel Plate 10mm HR (Plant-Chakan)	26-Feb	1941	1101	12	1200	45	No
8806526273	Steel Plate 10mm HR (Plant-Talegaon)	26-Feb	2366	2519	13	1200	45	No
8806526273	Steel Plate 10mm HR (Plant-Nashik)	26-Feb	3295	2368	13	1200	45	No
8806526273	Steel Plate 10mm HR (Plant-Aurangabad)	26-Feb	2604	1724	14	1200	45	No
8806526273	Steel Plate 10mm HR (Plant-Nagpur)	26-Feb	3233	1634	17	1200	45	No
8806526273	Steel Plate 10mm HR (Plant-Mumbai)	26-Feb	3685	2442	12	1200	45	No
8806526273	Steel Plate 10mm HR (Plant-Gujarat)	26-Feb	2440	2540	17	1200	45	No
8806526273	Steel Plate 10mm HR (Plant-Chennai)	26-Feb	1828	1903	16	1200	45	No
8806526273	Steel Plate 10mm HR (Plant-Bengaluru)	26-Feb	3986	4757	13	1200	45	Yes
8806526273	Steel Plate 10mm HR (Plant-Pune)	26-Mar	2172	2016	16	1200	45	No
8806526273	Steel Plate 10mm HR (Plant-Chakan)	26-Mar	3659	2067	16	1200	45	No
8806526273	Steel Plate 10mm HR (Plant-Talegaon)	26-Mar	3097	1676	17	1200	45	No
8806526273	Steel Plate 10mm HR (Plant-Nashik)	26-Mar	3426	3277	16	1200	45	No
8806526273	Steel Plate 10mm HR (Plant-Aurangabad)	26-Mar	3953	4897	13	1200	45	Yes
8806526273	Steel Plate 10mm HR (Plant-Nagpur)	26-Mar	1975	2278	14	1200	45	Yes
8806526273	Steel Plate 10mm HR (Plant-Mumbai)	26-Mar	3782	2710	16	1200	45	No
8806526273	Steel Plate 10mm HR (Plant-Gujarat)	26-Mar	3769	3040	16	1200	45	No
8806526273	Steel Plate 10mm HR (Plant-Chennai)	26-Mar	3781	2179	12	1200	45	No
8806526273	Steel Plate 10mm HR (Plant-Bengaluru)	26-Mar	2488	2618	14	1200	45	No
8806526273	Steel Plate 10mm HR (Plant-Pune)	26-Apr	1191	1294	15	1200	45	No
8806526273	Steel Plate 10mm HR (Plant-Chakan)	26-Apr	3579	1848	12	1200	45	No
8806526273	Steel Plate 10mm HR (Plant-Talegaon)	26-Apr	3879	2196	17	1200	45	No
8806526273	Steel Plate 10mm HR (Plant-Nashik)	26-Apr	1341	1673	15	1200	45	Yes
8806526273	Steel Plate 10mm HR (Plant-Aurangabad)	26-Apr	3397	3542	13	1200	45	No
8806526273	Steel Plate 10mm HR (Plant-Nagpur)	26-Apr	1292	1579	16	1200	45	Yes
8806526273	Steel Plate 10mm HR (Plant-Mumbai)	26-Apr	1524	1341	12	1200	45	No
8806526273	Steel Plate 10mm HR (Plant-Gujarat)	26-Apr	992	1207	17	1200	45	No
8806526273	Steel Plate 10mm HR (Plant-Chennai)	26-Apr	1335	1033	12	1200	45	No
8806526273	Steel Plate 10mm HR (Plant-Bengaluru)	26-Apr	3933	2687	12	1200	45	No
8806526273	Steel Plate 10mm HR (Plant-Pune)	26-May	1613	889	16	1200	45	No
8806526273	Steel Plate 10mm HR (Plant-Chakan)	26-May	1804	1350	16	1200	45	No
8806526273	Steel Plate 10mm HR (Plant-Talegaon)	26-May	972	1051	15	1200	45	No
8806526273	Steel Plate 10mm HR (Plant-Nashik)	26-May	1426	1403	15	1200	45	No
8806526273	Steel Plate 10mm HR (Plant-Aurangabad)	26-May	1029	1120	12	1200	45	No
8806526273	Steel Plate 10mm HR (Plant-Nagpur)	26-May	1388	788	14	1200	45	No
8806526273	Steel Plate 10mm HR (Plant-Mumbai)	26-May	3105	1733	17	1200	45	No
8806526273	Steel Plate 10mm HR (Plant-Gujarat)	26-May	1115	1360	17	1200	45	Yes
8806526273	Steel Plate 10mm HR (Plant-Chennai)	26-May	2400	1900	14	1200	45	No
8806526273	Steel Plate 10mm HR (Plant-Bengaluru)	26-May	3812	3838	16	1200	45	No
8806526273	Steel Plate 10mm HR (Plant-Pune)	26-Jun	3215	3887	16	1200	45	Yes
8806526273	Steel Plate 10mm HR (Plant-Chakan)	26-Jun	1181	654	14	1200	45	No
8806526273	Steel Plate 10mm HR (Plant-Talegaon)	26-Jun	1618	1639	16	1200	45	No
8806526273	Steel Plate 10mm HR (Plant-Nashik)	26-Jun	2811	3175	14	1200	45	Yes
8806526273	Steel Plate 10mm HR (Plant-Aurangabad)	26-Jun	2358	2563	16	1200	45	No
8806526273	Steel Plate 10mm HR (Plant-Nagpur)	26-Jun	1994	2189	12	1200	45	No
8806526273	Steel Plate 10mm HR (Plant-Mumbai)	26-Jun	1326	1647	14	1200	45	Yes
8806526273	Steel Plate 10mm HR (Plant-Gujarat)	26-Jun	3879	3185	15	1200	45	No
8806526273	Steel Plate 10mm HR (Plant-Chennai)	26-Jun	1393	1002	12	1200	45	No
8806526273	Steel Plate 10mm HR (Plant-Bengaluru)	26-Jun	3119	2736	14	1200	45	No
8806526274	Stainless Steel Sheet 304 (Plant-Pune)	25-Jan	2586	2637	21	800	85	No
8806526274	Stainless Steel Sheet 304 (Plant-Chakan)	25-Jan	1317	681	19	800	85	No
8806526274	Stainless Steel Sheet 304 (Plant-Talegaon)	25-Jan	1928	1883	20	800	85	No
8806526274	Stainless Steel Sheet 304 (Plant-Nashik)	25-Jan	2755	1755	20	800	85	No
8806526274	Stainless Steel Sheet 304 (Plant-Aurangabad)	25-Jan	2705	2355	20	800	85	No
8806526274	Stainless Steel Sheet 304 (Plant-Nagpur)	25-Jan	1702	1699	21	800	85	No
8806526274	Stainless Steel Sheet 304 (Plant-Mumbai)	25-Jan	743	397	23	800	85	No
8806526274	Stainless Steel Sheet 304 (Plant-Gujarat)	25-Jan	790	610	23	800	85	No
8806526274	Stainless Steel Sheet 304 (Plant-Chennai)	25-Jan	2631	2572	23	800	85	No
8806526274	Stainless Steel Sheet 304 (Plant-Bengaluru)	25-Jan	1141	1296	21	800	85	No
8806526274	Stainless Steel Sheet 304 (Plant-Pune)	25-Feb	675	391	24	800	85	No
8806526274	Stainless Steel Sheet 304 (Plant-Chakan)	25-Feb	1714	1437	19	800	85	No
8806526274	Stainless Steel Sheet 304 (Plant-Talegaon)	25-Feb	1870	2191	19	800	85	Yes
8806526274	Stainless Steel Sheet 304 (Plant-Nashik)	25-Feb	1684	1684	19	800	85	No
8806526274	Stainless Steel Sheet 304 (Plant-Aurangabad)	25-Feb	2745	3055	19	800	85	Yes
8806526274	Stainless Steel Sheet 304 (Plant-Nagpur)	25-Feb	2590	2720	23	800	85	No
8806526274	Stainless Steel Sheet 304 (Plant-Mumbai)	25-Feb	2118	1188	23	800	85	No
8806526274	Stainless Steel Sheet 304 (Plant-Gujarat)	25-Feb	2115	1162	19	800	85	No
8806526274	Stainless Steel Sheet 304 (Plant-Chennai)	25-Feb	1156	938	20	800	85	No
8806526274	Stainless Steel Sheet 304 (Plant-Bengaluru)	25-Feb	1514	932	19	800	85	No
8806526274	Stainless Steel Sheet 304 (Plant-Pune)	25-Mar	2756	2693	20	800	85	No
8806526274	Stainless Steel Sheet 304 (Plant-Chakan)	25-Mar	2765	1576	21	800	85	No
8806526274	Stainless Steel Sheet 304 (Plant-Talegaon)	25-Mar	1196	1108	24	800	85	No
8806526274	Stainless Steel Sheet 304 (Plant-Nashik)	25-Mar	1459	1549	19	800	85	No
8806526274	Stainless Steel Sheet 304 (Plant-Aurangabad)	25-Mar	2168	1747	19	800	85	No
8806526274	Stainless Steel Sheet 304 (Plant-Nagpur)	25-Mar	1969	1971	21	800	85	No
8806526274	Stainless Steel Sheet 304 (Plant-Mumbai)	25-Mar	2165	2404	20	800	85	Yes
8806526274	Stainless Steel Sheet 304 (Plant-Gujarat)	25-Mar	877	622	20	800	85	No
8806526274	Stainless Steel Sheet 304 (Plant-Chennai)	25-Mar	687	369	21	800	85	No
8806526274	Stainless Steel Sheet 304 (Plant-Bengaluru)	25-Mar	1343	988	24	800	85	No
8806526274	Stainless Steel Sheet 304 (Plant-Pune)	25-Apr	2652	1856	19	800	85	No
8806526274	Stainless Steel Sheet 304 (Plant-Chakan)	25-Apr	2153	1527	20	800	85	No
8806526274	Stainless Steel Sheet 304 (Plant-Talegaon)	25-Apr	1818	1423	23	800	85	No
8806526274	Stainless Steel Sheet 304 (Plant-Nashik)	25-Apr	660	621	20	800	85	No
8806526274	Stainless Steel Sheet 304 (Plant-Aurangabad)	25-Apr	2109	2199	24	800	85	No
8806526274	Stainless Steel Sheet 304 (Plant-Nagpur)	25-Apr	1055	911	19	800	85	No
8806526274	Stainless Steel Sheet 304 (Plant-Mumbai)	25-Apr	2703	2645	19	800	85	No
8806526274	Stainless Steel Sheet 304 (Plant-Gujarat)	25-Apr	1477	1365	22	800	85	No
8806526274	Stainless Steel Sheet 304 (Plant-Chennai)	25-Apr	1913	1190	21	800	85	No
8806526274	Stainless Steel Sheet 304 (Plant-Bengaluru)	25-Apr	1863	1418	24	800	85	No
8806526274	Stainless Steel Sheet 304 (Plant-Pune)	25-May	1642	1261	21	800	85	No
8806526274	Stainless Steel Sheet 304 (Plant-Chakan)	25-May	1131	816	20	800	85	No
8806526274	Stainless Steel Sheet 304 (Plant-Talegaon)	25-May	2099	1118	24	800	85	No
8806526274	Stainless Steel Sheet 304 (Plant-Nashik)	25-May	1663	1037	21	800	85	No
8806526274	Stainless Steel Sheet 304 (Plant-Aurangabad)	25-May	1293	929	21	800	85	No
8806526274	Stainless Steel Sheet 304 (Plant-Nagpur)	25-May	753	900	24	800	85	No
8806526274	Stainless Steel Sheet 304 (Plant-Mumbai)	25-May	1045	1243	20	800	85	Yes
8806526274	Stainless Steel Sheet 304 (Plant-Gujarat)	25-May	2619	1865	21	800	85	No
8806526274	Stainless Steel Sheet 304 (Plant-Chennai)	25-May	2395	1677	23	800	85	No
8806526274	Stainless Steel Sheet 304 (Plant-Bengaluru)	25-May	2731	2609	24	800	85	No
8806526274	Stainless Steel Sheet 304 (Plant-Pune)	25-Jun	1552	1323	24	800	85	No
8806526274	Stainless Steel Sheet 304 (Plant-Chakan)	25-Jun	1827	2199	23	800	85	Yes
8806526274	Stainless Steel Sheet 304 (Plant-Talegaon)	25-Jun	2779	2860	24	800	85	No
8806526274	Stainless Steel Sheet 304 (Plant-Nashik)	25-Jun	1056	657	20	800	85	No
8806526274	Stainless Steel Sheet 304 (Plant-Aurangabad)	25-Jun	981	1177	21	800	85	Yes
8806526274	Stainless Steel Sheet 304 (Plant-Nagpur)	25-Jun	902	950	24	800	85	No
8806526274	Stainless Steel Sheet 304 (Plant-Mumbai)	25-Jun	1475	903	22	800	85	No
8806526274	Stainless Steel Sheet 304 (Plant-Gujarat)	25-Jun	1035	524	19	800	85	No
8806526274	Stainless Steel Sheet 304 (Plant-Chennai)	25-Jun	2386	1330	22	800	85	No
8806526274	Stainless Steel Sheet 304 (Plant-Bengaluru)	25-Jun	2215	1812	22	800	85	No
8806526274	Stainless Steel Sheet 304 (Plant-Pune)	25-Jul	2227	2483	22	800	85	Yes
8806526274	Stainless Steel Sheet 304 (Plant-Chakan)	25-Jul	1720	1348	21	800	85	No
8806526274	Stainless Steel Sheet 304 (Plant-Talegaon)	25-Jul	1325	978	22	800	85	No
8806526274	Stainless Steel Sheet 304 (Plant-Nashik)	25-Jul	679	609	21	800	85	No
8806526274	Stainless Steel Sheet 304 (Plant-Aurangabad)	25-Jul	1642	1114	23	800	85	No
8806526274	Stainless Steel Sheet 304 (Plant-Nagpur)	25-Jul	2772	1471	19	800	85	No
8806526274	Stainless Steel Sheet 304 (Plant-Mumbai)	25-Jul	1699	1610	19	800	85	No
8806526274	Stainless Steel Sheet 304 (Plant-Gujarat)	25-Jul	2172	2174	21	800	85	No
8806526274	Stainless Steel Sheet 304 (Plant-Chennai)	25-Jul	2680	1491	20	800	85	No
8806526274	Stainless Steel Sheet 304 (Plant-Bengaluru)	25-Jul	2190	2290	20	800	85	No
8806526274	Stainless Steel Sheet 304 (Plant-Pune)	25-Aug	1192	855	22	800	85	No
8806526274	Stainless Steel Sheet 304 (Plant-Chakan)	25-Aug	1459	856	24	800	85	No
8806526274	Stainless Steel Sheet 304 (Plant-Talegaon)	25-Aug	1502	1515	20	800	85	No
8806526274	Stainless Steel Sheet 304 (Plant-Nashik)	25-Aug	2483	2826	19	800	85	Yes
8806526274	Stainless Steel Sheet 304 (Plant-Aurangabad)	25-Aug	1712	1368	21	800	85	No
8806526274	Stainless Steel Sheet 304 (Plant-Nagpur)	25-Aug	694	769	23	800	85	No
8806526274	Stainless Steel Sheet 304 (Plant-Mumbai)	25-Aug	948	766	21	800	85	No
8806526274	Stainless Steel Sheet 304 (Plant-Gujarat)	25-Aug	1114	998	20	800	85	No
8806526274	Stainless Steel Sheet 304 (Plant-Chennai)	25-Aug	1524	1239	23	800	85	No
8806526274	Stainless Steel Sheet 304 (Plant-Bengaluru)	25-Aug	2408	1391	20	800	85	No
8806526274	Stainless Steel Sheet 304 (Plant-Pune)	25-Sep	2332	2845	19	800	85	Yes
8806526274	Stainless Steel Sheet 304 (Plant-Chakan)	25-Sep	2501	2720	20	800	85	Yes
8806526274	Stainless Steel Sheet 304 (Plant-Talegaon)	25-Sep	1780	1244	22	800	85	No
8806526274	Stainless Steel Sheet 304 (Plant-Nashik)	25-Sep	2552	2175	19	800	85	No
8806526274	Stainless Steel Sheet 304 (Plant-Aurangabad)	25-Sep	1666	1669	23	800	85	No
8806526274	Stainless Steel Sheet 304 (Plant-Nagpur)	25-Sep	1969	1897	21	800	85	No
8806526274	Stainless Steel Sheet 304 (Plant-Mumbai)	25-Sep	2476	2084	21	800	85	No
8806526274	Stainless Steel Sheet 304 (Plant-Gujarat)	25-Sep	890	474	24	800	85	No
8806526274	Stainless Steel Sheet 304 (Plant-Chennai)	25-Sep	2251	2148	22	800	85	No
8806526274	Stainless Steel Sheet 304 (Plant-Bengaluru)	25-Sep	1488	1184	24	800	85	No
8806526274	Stainless Steel Sheet 304 (Plant-Pune)	25-Oct	1632	904	23	800	85	No
8806526274	Stainless Steel Sheet 304 (Plant-Chakan)	25-Oct	1996	1673	24	800	85	No
8806526274	Stainless Steel Sheet 304 (Plant-Talegaon)	25-Oct	2502	1823	20	800	85	No
8806526274	Stainless Steel Sheet 304 (Plant-Nashik)	25-Oct	1993	1249	20	800	85	No
8806526274	Stainless Steel Sheet 304 (Plant-Aurangabad)	25-Oct	690	673	20	800	85	No
8806526274	Stainless Steel Sheet 304 (Plant-Nagpur)	25-Oct	2721	3391	21	800	85	Yes
8806526274	Stainless Steel Sheet 304 (Plant-Mumbai)	25-Oct	1856	1223	22	800	85	No
8806526274	Stainless Steel Sheet 304 (Plant-Gujarat)	25-Oct	1955	1765	19	800	85	No
8806526274	Stainless Steel Sheet 304 (Plant-Chennai)	25-Oct	1606	964	21	800	85	No
8806526274	Stainless Steel Sheet 304 (Plant-Bengaluru)	25-Oct	2680	3028	23	800	85	Yes
8806526274	Stainless Steel Sheet 304 (Plant-Pune)	25-Nov	1866	1807	21	800	85	No
8806526274	Stainless Steel Sheet 304 (Plant-Chakan)	25-Nov	2068	2043	22	800	85	No
8806526274	Stainless Steel Sheet 304 (Plant-Talegaon)	25-Nov	1850	1151	21	800	85	No
8806526274	Stainless Steel Sheet 304 (Plant-Nashik)	25-Nov	923	719	19	800	85	No
8806526274	Stainless Steel Sheet 304 (Plant-Aurangabad)	25-Nov	1977	1187	22	800	85	No
8806526274	Stainless Steel Sheet 304 (Plant-Nagpur)	25-Nov	1579	1653	23	800	85	No
8806526274	Stainless Steel Sheet 304 (Plant-Mumbai)	25-Nov	2544	2967	21	800	85	Yes
8806526274	Stainless Steel Sheet 304 (Plant-Gujarat)	25-Nov	1087	1109	21	800	85	No
8806526274	Stainless Steel Sheet 304 (Plant-Chennai)	25-Nov	959	1030	24	800	85	No
8806526274	Stainless Steel Sheet 304 (Plant-Bengaluru)	25-Nov	1601	1401	21	800	85	No
8806526274	Stainless Steel Sheet 304 (Plant-Pune)	25-Dec	1037	710	19	800	85	No
8806526274	Stainless Steel Sheet 304 (Plant-Chakan)	25-Dec	2797	2838	19	800	85	No
8806526274	Stainless Steel Sheet 304 (Plant-Talegaon)	25-Dec	1197	913	21	800	85	No
8806526274	Stainless Steel Sheet 304 (Plant-Nashik)	25-Dec	1274	747	19	800	85	No
8806526274	Stainless Steel Sheet 304 (Plant-Aurangabad)	25-Dec	1809	2055	21	800	85	Yes
8806526274	Stainless Steel Sheet 304 (Plant-Nagpur)	25-Dec	2361	2427	21	800	85	No
8806526274	Stainless Steel Sheet 304 (Plant-Mumbai)	25-Dec	975	1134	23	800	85	No
8806526274	Stainless Steel Sheet 304 (Plant-Gujarat)	25-Dec	685	525	20	800	85	No
8806526274	Stainless Steel Sheet 304 (Plant-Chennai)	25-Dec	2653	1491	21	800	85	No
8806526274	Stainless Steel Sheet 304 (Plant-Bengaluru)	25-Dec	1420	1295	19	800	85	No
8806526274	Stainless Steel Sheet 304 (Plant-Pune)	26-Jan	1072	573	21	800	85	No
8806526274	Stainless Steel Sheet 304 (Plant-Chakan)	26-Jan	990	505	20	800	85	No
8806526274	Stainless Steel Sheet 304 (Plant-Talegaon)	26-Jan	753	435	23	800	85	No
8806526274	Stainless Steel Sheet 304 (Plant-Nashik)	26-Jan	1245	882	22	800	85	No
8806526274	Stainless Steel Sheet 304 (Plant-Aurangabad)	26-Jan	2177	2439	23	800	85	Yes
8806526274	Stainless Steel Sheet 304 (Plant-Nagpur)	26-Jan	2512	2416	19	800	85	No
8806526274	Stainless Steel Sheet 304 (Plant-Mumbai)	26-Jan	2513	2364	24	800	85	No
8806526274	Stainless Steel Sheet 304 (Plant-Gujarat)	26-Jan	2296	1224	21	800	85	No
8806526274	Stainless Steel Sheet 304 (Plant-Chennai)	26-Jan	1639	1610	19	800	85	No
8806526274	Stainless Steel Sheet 304 (Plant-Bengaluru)	26-Jan	2680	3012	21	800	85	Yes
8806526274	Stainless Steel Sheet 304 (Plant-Pune)	26-Feb	1668	1015	20	800	85	No
8806526274	Stainless Steel Sheet 304 (Plant-Chakan)	26-Feb	848	668	20	800	85	No
8806526274	Stainless Steel Sheet 304 (Plant-Talegaon)	26-Feb	2192	2510	21	800	85	Yes
8806526274	Stainless Steel Sheet 304 (Plant-Nashik)	26-Feb	1307	1454	20	800	85	No
8806526274	Stainless Steel Sheet 304 (Plant-Aurangabad)	26-Feb	958	483	22	800	85	No
8806526274	Stainless Steel Sheet 304 (Plant-Nagpur)	26-Feb	2258	2165	21	800	85	No
8806526274	Stainless Steel Sheet 304 (Plant-Mumbai)	26-Feb	1241	1056	22	800	85	No
8806526274	Stainless Steel Sheet 304 (Plant-Gujarat)	26-Feb	1563	853	20	800	85	No
8806526274	Stainless Steel Sheet 304 (Plant-Chennai)	26-Feb	733	895	22	800	85	Yes
8806526274	Stainless Steel Sheet 304 (Plant-Bengaluru)	26-Feb	1781	1768	22	800	85	No
8806526274	Stainless Steel Sheet 304 (Plant-Pune)	26-Mar	2160	2580	22	800	85	Yes
8806526274	Stainless Steel Sheet 304 (Plant-Chakan)	26-Mar	2271	1463	20	800	85	No
8806526274	Stainless Steel Sheet 304 (Plant-Talegaon)	26-Mar	1927	2330	23	800	85	Yes
8806526274	Stainless Steel Sheet 304 (Plant-Nashik)	26-Mar	1866	1681	21	800	85	No
8806526274	Stainless Steel Sheet 304 (Plant-Aurangabad)	26-Mar	2539	2792	22	800	85	Yes
8806526274	Stainless Steel Sheet 304 (Plant-Nagpur)	26-Mar	2663	3159	21	800	85	Yes
8806526274	Stainless Steel Sheet 304 (Plant-Mumbai)	26-Mar	2299	1377	22	800	85	No
8806526274	Stainless Steel Sheet 304 (Plant-Gujarat)	26-Mar	851	678	19	800	85	No
8806526274	Stainless Steel Sheet 304 (Plant-Chennai)	26-Mar	2542	2862	23	800	85	Yes
8806526274	Stainless Steel Sheet 304 (Plant-Bengaluru)	26-Mar	2018	2260	19	800	85	Yes
8806526274	Stainless Steel Sheet 304 (Plant-Pune)	26-Apr	2593	2729	23	800	85	No
8806526274	Stainless Steel Sheet 304 (Plant-Chakan)	26-Apr	1663	1468	22	800	85	No
8806526274	Stainless Steel Sheet 304 (Plant-Talegaon)	26-Apr	1662	1498	21	800	85	No
8806526274	Stainless Steel Sheet 304 (Plant-Nashik)	26-Apr	1007	972	21	800	85	No
8806526274	Stainless Steel Sheet 304 (Plant-Aurangabad)	26-Apr	853	736	23	800	85	No
8806526274	Stainless Steel Sheet 304 (Plant-Nagpur)	26-Apr	2784	2151	23	800	85	No
8806526274	Stainless Steel Sheet 304 (Plant-Mumbai)	26-Apr	1739	1159	21	800	85	No
8806526274	Stainless Steel Sheet 304 (Plant-Gujarat)	26-Apr	2671	2392	22	800	85	No
8806526274	Stainless Steel Sheet 304 (Plant-Chennai)	26-Apr	931	858	23	800	85	No
8806526274	Stainless Steel Sheet 304 (Plant-Bengaluru)	26-Apr	1160	806	22	800	85	No
8806526274	Stainless Steel Sheet 304 (Plant-Pune)	26-May	1239	1537	23	800	85	Yes
8806526274	Stainless Steel Sheet 304 (Plant-Chakan)	26-May	1166	722	24	800	85	No
8806526274	Stainless Steel Sheet 304 (Plant-Talegaon)	26-May	2490	2870	22	800	85	Yes
8806526274	Stainless Steel Sheet 304 (Plant-Nashik)	26-May	2339	2208	21	800	85	No
8806526274	Stainless Steel Sheet 304 (Plant-Aurangabad)	26-May	2102	1252	22	800	85	No
8806526274	Stainless Steel Sheet 304 (Plant-Nagpur)	26-May	1987	2357	24	800	85	Yes
8806526274	Stainless Steel Sheet 304 (Plant-Mumbai)	26-May	903	764	23	800	85	No
8806526274	Stainless Steel Sheet 304 (Plant-Gujarat)	26-May	1164	630	21	800	85	No
8806526274	Stainless Steel Sheet 304 (Plant-Chennai)	26-May	1085	806	19	800	85	No
8806526274	Stainless Steel Sheet 304 (Plant-Bengaluru)	26-May	1801	1677	23	800	85	No
8806526274	Stainless Steel Sheet 304 (Plant-Pune)	26-Jun	1360	1143	21	800	85	No
8806526274	Stainless Steel Sheet 304 (Plant-Chakan)	26-Jun	2228	2524	21	800	85	Yes
8806526274	Stainless Steel Sheet 304 (Plant-Talegaon)	26-Jun	2300	1353	23	800	85	No
8806526274	Stainless Steel Sheet 304 (Plant-Nashik)	26-Jun	1929	1663	24	800	85	No
8806526274	Stainless Steel Sheet 304 (Plant-Aurangabad)	26-Jun	1992	1323	24	800	85	No
8806526274	Stainless Steel Sheet 304 (Plant-Nagpur)	26-Jun	1913	1043	19	800	85	No
8806526274	Stainless Steel Sheet 304 (Plant-Mumbai)	26-Jun	2782	3314	22	800	85	Yes
8806526274	Stainless Steel Sheet 304 (Plant-Gujarat)	26-Jun	2290	1804	21	800	85	No
8806526274	Stainless Steel Sheet 304 (Plant-Chennai)	26-Jun	1505	1079	20	800	85	No
8806526274	Stainless Steel Sheet 304 (Plant-Bengaluru)	26-Jun	1846	1984	24	800	85	No
8806526275	M20 High Tensile Fasteners (Plant-Pune)	25-Jan	15553	18692	5	5000	5	Yes
8806526275	M20 High Tensile Fasteners (Plant-Chakan)	25-Jan	13688	11787	8	5000	5	No
8806526275	M20 High Tensile Fasteners (Plant-Talegaon)	25-Jan	13701	11950	9	5000	5	No
8806526275	M20 High Tensile Fasteners (Plant-Nashik)	25-Jan	14066	11177	7	5000	5	No
8806526275	M20 High Tensile Fasteners (Plant-Aurangabad)	25-Jan	14381	8063	6	5000	5	No
8806526275	M20 High Tensile Fasteners (Plant-Nagpur)	25-Jan	7892	6057	8	5000	5	No
8806526275	M20 High Tensile Fasteners (Plant-Mumbai)	25-Jan	17254	13323	7	5000	5	No
8806526275	M20 High Tensile Fasteners (Plant-Gujarat)	25-Jan	7029	5873	9	5000	5	No
8806526275	M20 High Tensile Fasteners (Plant-Chennai)	25-Jan	16629	10679	6	5000	5	No
8806526275	M20 High Tensile Fasteners (Plant-Bengaluru)	25-Jan	10900	7146	8	5000	5	No
8806526275	M20 High Tensile Fasteners (Plant-Pune)	25-Feb	16226	11251	6	5000	5	No
8806526275	M20 High Tensile Fasteners (Plant-Chakan)	25-Feb	15887	15493	6	5000	5	No
8806526275	M20 High Tensile Fasteners (Plant-Talegaon)	25-Feb	12678	14670	9	5000	5	Yes
8806526275	M20 High Tensile Fasteners (Plant-Nashik)	25-Feb	4676	2723	8	5000	5	No
8806526275	M20 High Tensile Fasteners (Plant-Aurangabad)	25-Feb	5552	6546	9	5000	5	No
8806526275	M20 High Tensile Fasteners (Plant-Nagpur)	25-Feb	6521	3903	5	5000	5	No
8806526275	M20 High Tensile Fasteners (Plant-Mumbai)	25-Feb	9687	6259	6	5000	5	No
8806526275	M20 High Tensile Fasteners (Plant-Gujarat)	25-Feb	6963	5319	5	5000	5	No
8806526275	M20 High Tensile Fasteners (Plant-Chennai)	25-Feb	5677	3917	5	5000	5	No
8806526275	M20 High Tensile Fasteners (Plant-Bengaluru)	25-Feb	6360	4432	8	5000	5	No
8806526275	M20 High Tensile Fasteners (Plant-Pune)	25-Mar	8409	7322	9	5000	5	No
8806526275	M20 High Tensile Fasteners (Plant-Chakan)	25-Mar	8084	5544	7	5000	5	No
8806526275	M20 High Tensile Fasteners (Plant-Talegaon)	25-Mar	7874	6004	8	5000	5	No
8806526275	M20 High Tensile Fasteners (Plant-Nashik)	25-Mar	5447	3317	9	5000	5	No
8806526275	M20 High Tensile Fasteners (Plant-Aurangabad)	25-Mar	11566	14217	10	5000	5	Yes
8806526275	M20 High Tensile Fasteners (Plant-Nagpur)	25-Mar	16714	13582	9	5000	5	No
8806526275	M20 High Tensile Fasteners (Plant-Mumbai)	25-Mar	10582	8740	10	5000	5	No
8806526275	M20 High Tensile Fasteners (Plant-Gujarat)	25-Mar	6903	3531	10	5000	5	No
8806526275	M20 High Tensile Fasteners (Plant-Chennai)	25-Mar	15089	14062	8	5000	5	No
8806526275	M20 High Tensile Fasteners (Plant-Bengaluru)	25-Mar	5111	4322	6	5000	5	No
8806526275	M20 High Tensile Fasteners (Plant-Pune)	25-Apr	15294	16587	7	5000	5	Yes
8806526275	M20 High Tensile Fasteners (Plant-Chakan)	25-Apr	15707	18290	6	5000	5	Yes
8806526275	M20 High Tensile Fasteners (Plant-Talegaon)	25-Apr	13857	15113	6	5000	5	Yes
8806526275	M20 High Tensile Fasteners (Plant-Nashik)	25-Apr	15921	15348	9	5000	5	No
8806526275	M20 High Tensile Fasteners (Plant-Aurangabad)	25-Apr	9973	7011	8	5000	5	No
8806526275	M20 High Tensile Fasteners (Plant-Nagpur)	25-Apr	6860	3524	8	5000	5	No
8806526275	M20 High Tensile Fasteners (Plant-Mumbai)	25-Apr	8307	6647	9	5000	5	No
8806526275	M20 High Tensile Fasteners (Plant-Gujarat)	25-Apr	15366	9553	8	5000	5	No
8806526275	M20 High Tensile Fasteners (Plant-Chennai)	25-Apr	7975	5064	9	5000	5	No
8806526275	M20 High Tensile Fasteners (Plant-Bengaluru)	25-Apr	16612	12764	10	5000	5	No
8806526275	M20 High Tensile Fasteners (Plant-Pune)	25-May	7385	6615	7	5000	5	No
8806526275	M20 High Tensile Fasteners (Plant-Chakan)	25-May	10406	9352	5	5000	5	No
8806526275	M20 High Tensile Fasteners (Plant-Talegaon)	25-May	14480	9902	9	5000	5	No
8806526275	M20 High Tensile Fasteners (Plant-Nashik)	25-May	9631	9230	10	5000	5	No
8806526275	M20 High Tensile Fasteners (Plant-Aurangabad)	25-May	13977	12440	5	5000	5	No
8806526275	M20 High Tensile Fasteners (Plant-Nagpur)	25-May	7295	7216	10	5000	5	No
8806526275	M20 High Tensile Fasteners (Plant-Mumbai)	25-May	11972	11389	5	5000	5	No
8806526275	M20 High Tensile Fasteners (Plant-Gujarat)	25-May	10222	6171	10	5000	5	No
8806526275	M20 High Tensile Fasteners (Plant-Chennai)	25-May	16888	17580	9	5000	5	No
8806526275	M20 High Tensile Fasteners (Plant-Bengaluru)	25-May	14262	13588	6	5000	5	No
8806526275	M20 High Tensile Fasteners (Plant-Pune)	25-Jun	13401	15647	9	5000	5	Yes
8806526275	M20 High Tensile Fasteners (Plant-Chakan)	25-Jun	13876	7643	8	5000	5	No
8806526275	M20 High Tensile Fasteners (Plant-Talegaon)	25-Jun	16105	18475	7	5000	5	Yes
8806526275	M20 High Tensile Fasteners (Plant-Nashik)	25-Jun	10898	11406	7	5000	5	No
8806526275	M20 High Tensile Fasteners (Plant-Aurangabad)	25-Jun	12292	13674	9	5000	5	Yes
8806526275	M20 High Tensile Fasteners (Plant-Nagpur)	25-Jun	8466	7485	5	5000	5	No
8806526275	M20 High Tensile Fasteners (Plant-Mumbai)	25-Jun	17134	11312	10	5000	5	No
8806526275	M20 High Tensile Fasteners (Plant-Gujarat)	25-Jun	11003	12197	6	5000	5	Yes
8806526275	M20 High Tensile Fasteners (Plant-Chennai)	25-Jun	15434	18828	10	5000	5	Yes
8806526275	M20 High Tensile Fasteners (Plant-Bengaluru)	25-Jun	14439	7902	6	5000	5	No
8806526275	M20 High Tensile Fasteners (Plant-Pune)	25-Jul	13447	11358	6	5000	5	No
8806526275	M20 High Tensile Fasteners (Plant-Chakan)	25-Jul	9035	7104	6	5000	5	No
8806526275	M20 High Tensile Fasteners (Plant-Talegaon)	25-Jul	15013	11038	8	5000	5	No
8806526275	M20 High Tensile Fasteners (Plant-Nashik)	25-Jul	14768	12401	6	5000	5	No
8806526275	M20 High Tensile Fasteners (Plant-Aurangabad)	25-Jul	5240	5371	7	5000	5	No
8806526275	M20 High Tensile Fasteners (Plant-Nagpur)	25-Jul	7261	7473	8	5000	5	No
8806526275	M20 High Tensile Fasteners (Plant-Mumbai)	25-Jul	10491	8840	6	5000	5	No
8806526275	M20 High Tensile Fasteners (Plant-Gujarat)	25-Jul	15003	7787	6	5000	5	No
8806526275	M20 High Tensile Fasteners (Plant-Chennai)	25-Jul	8418	7870	6	5000	5	No
8806526275	M20 High Tensile Fasteners (Plant-Bengaluru)	25-Jul	9132	6587	6	5000	5	No
8806526275	M20 High Tensile Fasteners (Plant-Pune)	25-Aug	17339	19957	10	5000	5	Yes
8806526275	M20 High Tensile Fasteners (Plant-Chakan)	25-Aug	11193	6922	8	5000	5	No
8806526275	M20 High Tensile Fasteners (Plant-Talegaon)	25-Aug	12027	11853	8	5000	5	No
8806526275	M20 High Tensile Fasteners (Plant-Nashik)	25-Aug	6792	8081	8	5000	5	Yes
8806526275	M20 High Tensile Fasteners (Plant-Aurangabad)	25-Aug	16760	12593	6	5000	5	No
8806526275	M20 High Tensile Fasteners (Plant-Nagpur)	25-Aug	8228	9201	5	5000	5	No
8806526275	M20 High Tensile Fasteners (Plant-Mumbai)	25-Aug	8360	6162	5	5000	5	No
8806526275	M20 High Tensile Fasteners (Plant-Gujarat)	25-Aug	5510	4488	10	5000	5	No
8806526275	M20 High Tensile Fasteners (Plant-Chennai)	25-Aug	8734	6942	6	5000	5	No
8806526275	M20 High Tensile Fasteners (Plant-Bengaluru)	25-Aug	7291	5078	9	5000	5	No
8806526275	M20 High Tensile Fasteners (Plant-Pune)	25-Sep	10701	11712	8	5000	5	Yes
8806526275	M20 High Tensile Fasteners (Plant-Chakan)	25-Sep	14982	17813	6	5000	5	Yes
8806526275	M20 High Tensile Fasteners (Plant-Talegaon)	25-Sep	8416	10163	9	5000	5	Yes
8806526275	M20 High Tensile Fasteners (Plant-Nashik)	25-Sep	8304	10209	10	5000	5	Yes
8806526275	M20 High Tensile Fasteners (Plant-Aurangabad)	25-Sep	12671	14779	9	5000	5	Yes
8806526275	M20 High Tensile Fasteners (Plant-Nagpur)	25-Sep	6855	4562	5	5000	5	No
8806526275	M20 High Tensile Fasteners (Plant-Mumbai)	25-Sep	10621	8041	8	5000	5	No
8806526275	M20 High Tensile Fasteners (Plant-Gujarat)	25-Sep	15553	10581	8	5000	5	No
8806526275	M20 High Tensile Fasteners (Plant-Chennai)	25-Sep	10563	10010	9	5000	5	No
8806526275	M20 High Tensile Fasteners (Plant-Bengaluru)	25-Sep	11242	13586	7	5000	5	Yes
8806526275	M20 High Tensile Fasteners (Plant-Pune)	25-Oct	5480	6203	10	5000	5	No
8806526275	M20 High Tensile Fasteners (Plant-Chakan)	25-Oct	9154	8747	5	5000	5	No
8806526275	M20 High Tensile Fasteners (Plant-Talegaon)	25-Oct	14594	8183	7	5000	5	No
8806526275	M20 High Tensile Fasteners (Plant-Nashik)	25-Oct	17193	10192	5	5000	5	No
8806526275	M20 High Tensile Fasteners (Plant-Aurangabad)	25-Oct	9701	6237	6	5000	5	No
8806526275	M20 High Tensile Fasteners (Plant-Nagpur)	25-Oct	14301	13857	8	5000	5	No
8806526275	M20 High Tensile Fasteners (Plant-Mumbai)	25-Oct	7675	8759	7	5000	5	Yes
8806526275	M20 High Tensile Fasteners (Plant-Gujarat)	25-Oct	4858	4918	5	5000	5	No
8806526275	M20 High Tensile Fasteners (Plant-Chennai)	25-Oct	5701	5104	6	5000	5	No
8806526275	M20 High Tensile Fasteners (Plant-Bengaluru)	25-Oct	17403	14952	10	5000	5	No
8806526275	M20 High Tensile Fasteners (Plant-Pune)	25-Nov	12936	12052	10	5000	5	No
8806526275	M20 High Tensile Fasteners (Plant-Chakan)	25-Nov	17414	10114	5	5000	5	No
8806526275	M20 High Tensile Fasteners (Plant-Talegaon)	25-Nov	14861	15183	10	5000	5	No
8806526275	M20 High Tensile Fasteners (Plant-Nashik)	25-Nov	12074	6807	9	5000	5	No
8806526275	M20 High Tensile Fasteners (Plant-Aurangabad)	25-Nov	9026	10072	10	5000	5	Yes
8806526275	M20 High Tensile Fasteners (Plant-Nagpur)	25-Nov	10597	6086	7	5000	5	No
8806526275	M20 High Tensile Fasteners (Plant-Mumbai)	25-Nov	15567	18655	6	5000	5	Yes
8806526275	M20 High Tensile Fasteners (Plant-Gujarat)	25-Nov	8157	5229	9	5000	5	No
8806526275	M20 High Tensile Fasteners (Plant-Chennai)	25-Nov	10682	7525	7	5000	5	No
8806526275	M20 High Tensile Fasteners (Plant-Bengaluru)	25-Nov	8420	4494	10	5000	5	No
8806526275	M20 High Tensile Fasteners (Plant-Pune)	25-Dec	16017	17849	10	5000	5	Yes
8806526275	M20 High Tensile Fasteners (Plant-Chakan)	25-Dec	11944	12719	10	5000	5	No
8806526275	M20 High Tensile Fasteners (Plant-Talegaon)	25-Dec	15414	12962	5	5000	5	No
8806526275	M20 High Tensile Fasteners (Plant-Nashik)	25-Dec	10429	10062	8	5000	5	No
8806526275	M20 High Tensile Fasteners (Plant-Aurangabad)	25-Dec	17331	16822	9	5000	5	No
8806526275	M20 High Tensile Fasteners (Plant-Nagpur)	25-Dec	8664	6438	5	5000	5	No
8806526275	M20 High Tensile Fasteners (Plant-Mumbai)	25-Dec	6532	3835	9	5000	5	No
8806526275	M20 High Tensile Fasteners (Plant-Gujarat)	25-Dec	12990	7673	5	5000	5	No
8806526275	M20 High Tensile Fasteners (Plant-Chennai)	25-Dec	16295	15439	8	5000	5	No
8806526275	M20 High Tensile Fasteners (Plant-Bengaluru)	25-Dec	4179	4211	7	5000	5	No
8806526275	M20 High Tensile Fasteners (Plant-Pune)	26-Jan	6832	7379	7	5000	5	No
8806526275	M20 High Tensile Fasteners (Plant-Chakan)	26-Jan	9647	8938	6	5000	5	No
8806526275	M20 High Tensile Fasteners (Plant-Talegaon)	26-Jan	9605	6606	9	5000	5	No
8806526275	M20 High Tensile Fasteners (Plant-Nashik)	26-Jan	9593	9289	9	5000	5	No
8806526275	M20 High Tensile Fasteners (Plant-Aurangabad)	26-Jan	16304	8828	6	5000	5	No
8806526275	M20 High Tensile Fasteners (Plant-Nagpur)	26-Jan	12548	8608	8	5000	5	No
8806526275	M20 High Tensile Fasteners (Plant-Mumbai)	26-Jan	15275	17928	10	5000	5	Yes
8806526275	M20 High Tensile Fasteners (Plant-Gujarat)	26-Jan	12775	12217	8	5000	5	No
8806526275	M20 High Tensile Fasteners (Plant-Chennai)	26-Jan	10174	8287	7	5000	5	No
8806526275	M20 High Tensile Fasteners (Plant-Bengaluru)	26-Jan	6359	7045	5	5000	5	No
8806526275	M20 High Tensile Fasteners (Plant-Pune)	26-Feb	9325	7157	9	5000	5	No
8806526275	M20 High Tensile Fasteners (Plant-Chakan)	26-Feb	13995	14178	6	5000	5	No
8806526275	M20 High Tensile Fasteners (Plant-Talegaon)	26-Feb	4631	5697	8	5000	5	Yes
8806526275	M20 High Tensile Fasteners (Plant-Nashik)	26-Feb	8602	8891	5	5000	5	No
8806526275	M20 High Tensile Fasteners (Plant-Aurangabad)	26-Feb	6313	5684	7	5000	5	No
8806526275	M20 High Tensile Fasteners (Plant-Nagpur)	26-Feb	16893	9831	10	5000	5	No
8806526275	M20 High Tensile Fasteners (Plant-Mumbai)	26-Feb	5110	5036	10	5000	5	No
8806526275	M20 High Tensile Fasteners (Plant-Gujarat)	26-Feb	4360	3306	7	5000	5	No
8806526275	M20 High Tensile Fasteners (Plant-Chennai)	26-Feb	7588	6949	10	5000	5	No
8806526275	M20 High Tensile Fasteners (Plant-Bengaluru)	26-Feb	4606	5445	10	5000	5	No
8806526275	M20 High Tensile Fasteners (Plant-Pune)	26-Mar	12362	11519	9	5000	5	No
8806526275	M20 High Tensile Fasteners (Plant-Chakan)	26-Mar	10235	8643	6	5000	5	No
8806526275	M20 High Tensile Fasteners (Plant-Talegaon)	26-Mar	6287	7629	6	5000	5	Yes
8806526275	M20 High Tensile Fasteners (Plant-Nashik)	26-Mar	6297	5433	10	5000	5	No
8806526275	M20 High Tensile Fasteners (Plant-Aurangabad)	26-Mar	12991	13376	9	5000	5	No
8806526275	M20 High Tensile Fasteners (Plant-Nagpur)	26-Mar	15550	8303	10	5000	5	No
8806526275	M20 High Tensile Fasteners (Plant-Mumbai)	26-Mar	11824	9362	6	5000	5	No
8806526275	M20 High Tensile Fasteners (Plant-Gujarat)	26-Mar	14695	7410	8	5000	5	No
8806526275	M20 High Tensile Fasteners (Plant-Chennai)	26-Mar	11807	14446	5	5000	5	Yes
8806526275	M20 High Tensile Fasteners (Plant-Bengaluru)	26-Mar	10752	8331	10	5000	5	No
8806526275	M20 High Tensile Fasteners (Plant-Pune)	26-Apr	5953	6034	9	5000	5	No
8806526275	M20 High Tensile Fasteners (Plant-Chakan)	26-Apr	16510	11579	10	5000	5	No
8806526275	M20 High Tensile Fasteners (Plant-Talegaon)	26-Apr	9857	7905	5	5000	5	No
8806526275	M20 High Tensile Fasteners (Plant-Nashik)	26-Apr	10065	11929	10	5000	5	Yes
8806526275	M20 High Tensile Fasteners (Plant-Aurangabad)	26-Apr	17370	10857	7	5000	5	No
8806526275	M20 High Tensile Fasteners (Plant-Nagpur)	26-Apr	11282	6221	7	5000	5	No
8806526275	M20 High Tensile Fasteners (Plant-Mumbai)	26-Apr	9950	8781	8	5000	5	No
8806526275	M20 High Tensile Fasteners (Plant-Gujarat)	26-Apr	4010	2011	10	5000	5	No
8806526275	M20 High Tensile Fasteners (Plant-Chennai)	26-Apr	4503	3296	9	5000	5	No
8806526275	M20 High Tensile Fasteners (Plant-Bengaluru)	26-Apr	7320	6946	5	5000	5	No
8806526275	M20 High Tensile Fasteners (Plant-Pune)	26-May	9517	11803	10	5000	5	Yes
8806526275	M20 High Tensile Fasteners (Plant-Chakan)	26-May	12023	14608	7	5000	5	Yes
8806526275	M20 High Tensile Fasteners (Plant-Talegaon)	26-May	16859	19348	8	5000	5	Yes
8806526275	M20 High Tensile Fasteners (Plant-Nashik)	26-May	4540	3511	9	5000	5	No
8806526275	M20 High Tensile Fasteners (Plant-Aurangabad)	26-May	8900	7589	8	5000	5	No
8806526275	M20 High Tensile Fasteners (Plant-Nagpur)	26-May	14719	17002	10	5000	5	Yes
8806526275	M20 High Tensile Fasteners (Plant-Mumbai)	26-May	13878	7271	8	5000	5	No
8806526275	M20 High Tensile Fasteners (Plant-Gujarat)	26-May	13112	14518	9	5000	5	Yes
8806526275	M20 High Tensile Fasteners (Plant-Chennai)	26-May	10445	6643	8	5000	5	No
8806526275	M20 High Tensile Fasteners (Plant-Bengaluru)	26-May	14947	13606	9	5000	5	No
8806526275	M20 High Tensile Fasteners (Plant-Pune)	26-Jun	15198	16160	10	5000	5	No
8806526275	M20 High Tensile Fasteners (Plant-Chakan)	26-Jun	15655	13785	5	5000	5	No
8806526275	M20 High Tensile Fasteners (Plant-Talegaon)	26-Jun	14100	10985	8	5000	5	No
8806526275	M20 High Tensile Fasteners (Plant-Nashik)	26-Jun	6526	6018	5	5000	5	No
8806526275	M20 High Tensile Fasteners (Plant-Aurangabad)	26-Jun	12042	11129	5	5000	5	No
8806526275	M20 High Tensile Fasteners (Plant-Nagpur)	26-Jun	4328	4580	6	5000	5	No
8806526275	M20 High Tensile Fasteners (Plant-Mumbai)	26-Jun	14315	14842	5	5000	5	No
8806526275	M20 High Tensile Fasteners (Plant-Gujarat)	26-Jun	16895	13301	5	5000	5	No
8806526275	M20 High Tensile Fasteners (Plant-Chennai)	26-Jun	16479	12695	7	5000	5	No
8806526275	M20 High Tensile Fasteners (Plant-Bengaluru)	26-Jun	5602	3408	8	5000	5	No
8806526276	Heavy Duty Roller Bearing (Plant-Pune)	25-Jan	441	470	30	400	120	No
8806526276	Heavy Duty Roller Bearing (Plant-Chakan)	25-Jan	453	379	33	400	120	No
8806526276	Heavy Duty Roller Bearing (Plant-Talegaon)	25-Jan	406	419	28	400	120	No
8806526276	Heavy Duty Roller Bearing (Plant-Nashik)	25-Jan	1048	553	30	400	120	No
8806526276	Heavy Duty Roller Bearing (Plant-Aurangabad)	25-Jan	951	726	29	400	120	No
8806526276	Heavy Duty Roller Bearing (Plant-Nagpur)	25-Jan	1193	692	28	400	120	No
8806526276	Heavy Duty Roller Bearing (Plant-Mumbai)	25-Jan	1036	1148	29	400	120	Yes
8806526276	Heavy Duty Roller Bearing (Plant-Gujarat)	25-Jan	1387	1409	29	400	120	No
8806526276	Heavy Duty Roller Bearing (Plant-Chennai)	25-Jan	668	627	30	400	120	No
8806526276	Heavy Duty Roller Bearing (Plant-Bengaluru)	25-Jan	955	1076	29	400	120	Yes
8806526276	Heavy Duty Roller Bearing (Plant-Pune)	25-Feb	1115	1109	30	400	120	No
8806526276	Heavy Duty Roller Bearing (Plant-Chakan)	25-Feb	362	367	33	400	120	No
8806526276	Heavy Duty Roller Bearing (Plant-Talegaon)	25-Feb	1044	663	29	400	120	No
8806526276	Heavy Duty Roller Bearing (Plant-Nashik)	25-Feb	1290	1448	29	400	120	Yes
8806526276	Heavy Duty Roller Bearing (Plant-Aurangabad)	25-Feb	725	402	33	400	120	No
8806526276	Heavy Duty Roller Bearing (Plant-Nagpur)	25-Feb	1312	1463	31	400	120	Yes
8806526276	Heavy Duty Roller Bearing (Plant-Mumbai)	25-Feb	1033	871	32	400	120	No
8806526276	Heavy Duty Roller Bearing (Plant-Gujarat)	25-Feb	1042	621	29	400	120	No
8806526276	Heavy Duty Roller Bearing (Plant-Chennai)	25-Feb	607	468	31	400	120	No
8806526276	Heavy Duty Roller Bearing (Plant-Bengaluru)	25-Feb	445	446	33	400	120	No
8806526276	Heavy Duty Roller Bearing (Plant-Pune)	25-Mar	732	779	28	400	120	No
8806526276	Heavy Duty Roller Bearing (Plant-Chakan)	25-Mar	1234	1408	31	400	120	Yes
8806526276	Heavy Duty Roller Bearing (Plant-Talegaon)	25-Mar	656	591	28	400	120	No
8806526276	Heavy Duty Roller Bearing (Plant-Nashik)	25-Mar	472	584	31	400	120	Yes
8806526276	Heavy Duty Roller Bearing (Plant-Aurangabad)	25-Mar	467	318	33	400	120	No
8806526276	Heavy Duty Roller Bearing (Plant-Nagpur)	25-Mar	550	408	32	400	120	No
8806526276	Heavy Duty Roller Bearing (Plant-Mumbai)	25-Mar	1356	1441	30	400	120	Yes
8806526276	Heavy Duty Roller Bearing (Plant-Gujarat)	25-Mar	541	399	29	400	120	No
8806526276	Heavy Duty Roller Bearing (Plant-Chennai)	25-Mar	1278	880	29	400	120	No
8806526276	Heavy Duty Roller Bearing (Plant-Bengaluru)	25-Mar	1357	1309	33	400	120	No
8806526276	Heavy Duty Roller Bearing (Plant-Pune)	25-Apr	577	630	30	400	120	No
8806526276	Heavy Duty Roller Bearing (Plant-Chakan)	25-Apr	1398	1345	33	400	120	No
8806526276	Heavy Duty Roller Bearing (Plant-Talegaon)	25-Apr	772	876	32	400	120	Yes
8806526276	Heavy Duty Roller Bearing (Plant-Nashik)	25-Apr	808	494	30	400	120	No
8806526276	Heavy Duty Roller Bearing (Plant-Aurangabad)	25-Apr	474	304	31	400	120	No
8806526276	Heavy Duty Roller Bearing (Plant-Nagpur)	25-Apr	836	866	30	400	120	No
8806526276	Heavy Duty Roller Bearing (Plant-Mumbai)	25-Apr	1349	1394	33	400	120	No
8806526276	Heavy Duty Roller Bearing (Plant-Gujarat)	25-Apr	458	553	33	400	120	Yes
8806526276	Heavy Duty Roller Bearing (Plant-Chennai)	25-Apr	863	529	28	400	120	No
8806526276	Heavy Duty Roller Bearing (Plant-Bengaluru)	25-Apr	1050	966	28	400	120	No
8806526276	Heavy Duty Roller Bearing (Plant-Pune)	25-May	1169	1074	32	400	120	No
8806526276	Heavy Duty Roller Bearing (Plant-Chakan)	25-May	1106	1172	31	400	120	No
8806526276	Heavy Duty Roller Bearing (Plant-Talegaon)	25-May	621	473	33	400	120	No
8806526276	Heavy Duty Roller Bearing (Plant-Nashik)	25-May	638	699	29	400	120	No
8806526276	Heavy Duty Roller Bearing (Plant-Aurangabad)	25-May	811	683	33	400	120	No
8806526276	Heavy Duty Roller Bearing (Plant-Nagpur)	25-May	1070	1219	33	400	120	Yes
8806526276	Heavy Duty Roller Bearing (Plant-Mumbai)	25-May	1323	1055	33	400	120	No
8806526276	Heavy Duty Roller Bearing (Plant-Gujarat)	25-May	1119	1044	29	400	120	No
8806526276	Heavy Duty Roller Bearing (Plant-Chennai)	25-May	695	761	31	400	120	No
8806526276	Heavy Duty Roller Bearing (Plant-Bengaluru)	25-May	1142	1407	30	400	120	Yes
8806526276	Heavy Duty Roller Bearing (Plant-Pune)	25-Jun	1338	1530	30	400	120	Yes
8806526276	Heavy Duty Roller Bearing (Plant-Chakan)	25-Jun	1216	762	29	400	120	No
8806526276	Heavy Duty Roller Bearing (Plant-Talegaon)	25-Jun	621	599	32	400	120	No
8806526276	Heavy Duty Roller Bearing (Plant-Nashik)	25-Jun	378	455	28	400	120	No
8806526276	Heavy Duty Roller Bearing (Plant-Aurangabad)	25-Jun	629	537	31	400	120	No
8806526276	Heavy Duty Roller Bearing (Plant-Nagpur)	25-Jun	1049	1209	33	400	120	Yes
8806526276	Heavy Duty Roller Bearing (Plant-Mumbai)	25-Jun	1170	642	32	400	120	No
8806526276	Heavy Duty Roller Bearing (Plant-Gujarat)	25-Jun	403	447	31	400	120	No
8806526276	Heavy Duty Roller Bearing (Plant-Chennai)	25-Jun	387	443	28	400	120	No
8806526276	Heavy Duty Roller Bearing (Plant-Bengaluru)	25-Jun	1026	1040	28	400	120	No
8806526276	Heavy Duty Roller Bearing (Plant-Pune)	25-Jul	871	595	32	400	120	No
8806526276	Heavy Duty Roller Bearing (Plant-Chakan)	25-Jul	334	212	33	400	120	No
8806526276	Heavy Duty Roller Bearing (Plant-Talegaon)	25-Jul	694	660	28	400	120	No
8806526276	Heavy Duty Roller Bearing (Plant-Nashik)	25-Jul	372	338	33	400	120	No
8806526276	Heavy Duty Roller Bearing (Plant-Aurangabad)	25-Jul	655	751	32	400	120	Yes
8806526276	Heavy Duty Roller Bearing (Plant-Nagpur)	25-Jul	1293	1119	29	400	120	No
8806526276	Heavy Duty Roller Bearing (Plant-Mumbai)	25-Jul	1227	832	31	400	120	No
8806526276	Heavy Duty Roller Bearing (Plant-Gujarat)	25-Jul	610	386	29	400	120	No
8806526276	Heavy Duty Roller Bearing (Plant-Chennai)	25-Jul	789	490	32	400	120	No
8806526276	Heavy Duty Roller Bearing (Plant-Bengaluru)	25-Jul	697	378	32	400	120	No
8806526276	Heavy Duty Roller Bearing (Plant-Pune)	25-Aug	1275	1312	31	400	120	No
8806526276	Heavy Duty Roller Bearing (Plant-Chakan)	25-Aug	471	425	30	400	120	No
8806526276	Heavy Duty Roller Bearing (Plant-Talegaon)	25-Aug	1330	1243	33	400	120	No
8806526276	Heavy Duty Roller Bearing (Plant-Nashik)	25-Aug	1292	1277	31	400	120	No
8806526276	Heavy Duty Roller Bearing (Plant-Aurangabad)	25-Aug	1079	1030	31	400	120	No
8806526276	Heavy Duty Roller Bearing (Plant-Nagpur)	25-Aug	1284	1088	29	400	120	No
8806526276	Heavy Duty Roller Bearing (Plant-Mumbai)	25-Aug	410	281	30	400	120	No
8806526276	Heavy Duty Roller Bearing (Plant-Gujarat)	25-Aug	1281	668	31	400	120	No
8806526276	Heavy Duty Roller Bearing (Plant-Chennai)	25-Aug	618	588	28	400	120	No
8806526276	Heavy Duty Roller Bearing (Plant-Bengaluru)	25-Aug	1275	753	29	400	120	No
8806526276	Heavy Duty Roller Bearing (Plant-Pune)	25-Sep	744	461	32	400	120	No
8806526276	Heavy Duty Roller Bearing (Plant-Chakan)	25-Sep	1170	790	28	400	120	No
8806526276	Heavy Duty Roller Bearing (Plant-Talegaon)	25-Sep	1155	1283	32	400	120	Yes
8806526276	Heavy Duty Roller Bearing (Plant-Nashik)	25-Sep	710	784	32	400	120	No
8806526276	Heavy Duty Roller Bearing (Plant-Aurangabad)	25-Sep	398	329	31	400	120	No
8806526276	Heavy Duty Roller Bearing (Plant-Nagpur)	25-Sep	896	1109	33	400	120	Yes
8806526276	Heavy Duty Roller Bearing (Plant-Mumbai)	25-Sep	1025	1042	30	400	120	No
8806526276	Heavy Duty Roller Bearing (Plant-Gujarat)	25-Sep	653	628	32	400	120	No
8806526276	Heavy Duty Roller Bearing (Plant-Chennai)	25-Sep	1149	1400	31	400	120	Yes
8806526276	Heavy Duty Roller Bearing (Plant-Bengaluru)	25-Sep	625	568	32	400	120	No
8806526276	Heavy Duty Roller Bearing (Plant-Pune)	25-Oct	1244	1519	31	400	120	Yes
8806526276	Heavy Duty Roller Bearing (Plant-Chakan)	25-Oct	460	502	32	400	120	No
8806526276	Heavy Duty Roller Bearing (Plant-Talegaon)	25-Oct	938	929	29	400	120	No
8806526276	Heavy Duty Roller Bearing (Plant-Nashik)	25-Oct	967	1206	29	400	120	Yes
8806526276	Heavy Duty Roller Bearing (Plant-Aurangabad)	25-Oct	660	740	30	400	120	No
8806526276	Heavy Duty Roller Bearing (Plant-Nagpur)	25-Oct	488	276	29	400	120	No
8806526276	Heavy Duty Roller Bearing (Plant-Mumbai)	25-Oct	1335	1403	28	400	120	No
8806526276	Heavy Duty Roller Bearing (Plant-Gujarat)	25-Oct	1156	1404	33	400	120	Yes
8806526276	Heavy Duty Roller Bearing (Plant-Chennai)	25-Oct	794	615	30	400	120	No
8806526276	Heavy Duty Roller Bearing (Plant-Bengaluru)	25-Oct	594	462	28	400	120	No
8806526276	Heavy Duty Roller Bearing (Plant-Pune)	25-Nov	351	214	32	400	120	No
8806526276	Heavy Duty Roller Bearing (Plant-Chakan)	25-Nov	728	598	31	400	120	No
8806526276	Heavy Duty Roller Bearing (Plant-Talegaon)	25-Nov	448	292	33	400	120	No
8806526276	Heavy Duty Roller Bearing (Plant-Nashik)	25-Nov	1344	1230	31	400	120	No
8806526276	Heavy Duty Roller Bearing (Plant-Aurangabad)	25-Nov	1038	1049	29	400	120	No
8806526276	Heavy Duty Roller Bearing (Plant-Nagpur)	25-Nov	994	654	28	400	120	No
8806526276	Heavy Duty Roller Bearing (Plant-Mumbai)	25-Nov	937	1132	31	400	120	Yes
8806526276	Heavy Duty Roller Bearing (Plant-Gujarat)	25-Nov	885	640	33	400	120	No
8806526276	Heavy Duty Roller Bearing (Plant-Chennai)	25-Nov	883	901	28	400	120	No
8806526276	Heavy Duty Roller Bearing (Plant-Bengaluru)	25-Nov	1379	1264	32	400	120	No
8806526276	Heavy Duty Roller Bearing (Plant-Pune)	25-Dec	674	766	31	400	120	Yes
8806526276	Heavy Duty Roller Bearing (Plant-Chakan)	25-Dec	841	626	29	400	120	No
8806526276	Heavy Duty Roller Bearing (Plant-Talegaon)	25-Dec	720	888	31	400	120	Yes
8806526276	Heavy Duty Roller Bearing (Plant-Nashik)	25-Dec	767	560	32	400	120	No
8806526276	Heavy Duty Roller Bearing (Plant-Aurangabad)	25-Dec	824	807	32	400	120	No
8806526276	Heavy Duty Roller Bearing (Plant-Nagpur)	25-Dec	1002	964	30	400	120	No
8806526276	Heavy Duty Roller Bearing (Plant-Mumbai)	25-Dec	396	291	30	400	120	No
8806526276	Heavy Duty Roller Bearing (Plant-Gujarat)	25-Dec	1067	699	33	400	120	No
8806526276	Heavy Duty Roller Bearing (Plant-Chennai)	25-Dec	999	643	32	400	120	No
8806526276	Heavy Duty Roller Bearing (Plant-Bengaluru)	25-Dec	1104	1129	33	400	120	No
8806526276	Heavy Duty Roller Bearing (Plant-Pune)	26-Jan	868	673	30	400	120	No
8806526276	Heavy Duty Roller Bearing (Plant-Chakan)	26-Jan	1028	1228	33	400	120	Yes
8806526276	Heavy Duty Roller Bearing (Plant-Talegaon)	26-Jan	1267	669	31	400	120	No
8806526276	Heavy Duty Roller Bearing (Plant-Nashik)	26-Jan	1240	1210	28	400	120	No
8806526276	Heavy Duty Roller Bearing (Plant-Aurangabad)	26-Jan	1160	1280	32	400	120	Yes
8806526276	Heavy Duty Roller Bearing (Plant-Nagpur)	26-Jan	970	818	31	400	120	No
8806526276	Heavy Duty Roller Bearing (Plant-Mumbai)	26-Jan	557	683	28	400	120	Yes
8806526276	Heavy Duty Roller Bearing (Plant-Gujarat)	26-Jan	1331	1180	28	400	120	No
8806526276	Heavy Duty Roller Bearing (Plant-Chennai)	26-Jan	1323	1499	30	400	120	Yes
8806526276	Heavy Duty Roller Bearing (Plant-Bengaluru)	26-Jan	508	430	33	400	120	No
8806526276	Heavy Duty Roller Bearing (Plant-Pune)	26-Feb	847	918	32	400	120	No
8806526276	Heavy Duty Roller Bearing (Plant-Chakan)	26-Feb	728	854	31	400	120	Yes
8806526276	Heavy Duty Roller Bearing (Plant-Talegaon)	26-Feb	1017	1132	31	400	120	Yes
8806526276	Heavy Duty Roller Bearing (Plant-Nashik)	26-Feb	444	429	29	400	120	No
8806526276	Heavy Duty Roller Bearing (Plant-Aurangabad)	26-Feb	455	444	29	400	120	No
8806526276	Heavy Duty Roller Bearing (Plant-Nagpur)	26-Feb	835	1036	29	400	120	Yes
8806526276	Heavy Duty Roller Bearing (Plant-Mumbai)	26-Feb	905	1021	29	400	120	Yes
8806526276	Heavy Duty Roller Bearing (Plant-Gujarat)	26-Feb	789	948	33	400	120	Yes
8806526276	Heavy Duty Roller Bearing (Plant-Chennai)	26-Feb	931	476	29	400	120	No
8806526276	Heavy Duty Roller Bearing (Plant-Bengaluru)	26-Feb	437	262	33	400	120	No
8806526276	Heavy Duty Roller Bearing (Plant-Pune)	26-Mar	1334	1155	32	400	120	No
8806526276	Heavy Duty Roller Bearing (Plant-Chakan)	26-Mar	748	450	29	400	120	No
8806526276	Heavy Duty Roller Bearing (Plant-Talegaon)	26-Mar	1292	1243	29	400	120	No
8806526276	Heavy Duty Roller Bearing (Plant-Nashik)	26-Mar	485	256	32	400	120	No
8806526276	Heavy Duty Roller Bearing (Plant-Aurangabad)	26-Mar	1041	1269	32	400	120	Yes
8806526276	Heavy Duty Roller Bearing (Plant-Nagpur)	26-Mar	965	618	31	400	120	No
8806526276	Heavy Duty Roller Bearing (Plant-Mumbai)	26-Mar	469	523	28	400	120	No
8806526276	Heavy Duty Roller Bearing (Plant-Gujarat)	26-Mar	511	424	30	400	120	No
8806526276	Heavy Duty Roller Bearing (Plant-Chennai)	26-Mar	1044	1178	28	400	120	Yes
8806526276	Heavy Duty Roller Bearing (Plant-Bengaluru)	26-Mar	966	851	30	400	120	No
8806526276	Heavy Duty Roller Bearing (Plant-Pune)	26-Apr	1117	720	29	400	120	No
8806526276	Heavy Duty Roller Bearing (Plant-Chakan)	26-Apr	976	942	29	400	120	No
8806526276	Heavy Duty Roller Bearing (Plant-Talegaon)	26-Apr	821	902	33	400	120	Yes
8806526276	Heavy Duty Roller Bearing (Plant-Nashik)	26-Apr	946	1153	30	400	120	Yes
8806526276	Heavy Duty Roller Bearing (Plant-Aurangabad)	26-Apr	488	267	29	400	120	No
8806526276	Heavy Duty Roller Bearing (Plant-Nagpur)	26-Apr	441	459	31	400	120	No
8806526276	Heavy Duty Roller Bearing (Plant-Mumbai)	26-Apr	507	343	31	400	120	No
8806526276	Heavy Duty Roller Bearing (Plant-Gujarat)	26-Apr	971	626	29	400	120	No
8806526276	Heavy Duty Roller Bearing (Plant-Chennai)	26-Apr	752	622	31	400	120	No
8806526276	Heavy Duty Roller Bearing (Plant-Bengaluru)	26-Apr	902	912	28	400	120	No
8806526276	Heavy Duty Roller Bearing (Plant-Pune)	26-May	474	391	29	400	120	No
8806526276	Heavy Duty Roller Bearing (Plant-Chakan)	26-May	1231	620	32	400	120	No
8806526276	Heavy Duty Roller Bearing (Plant-Talegaon)	26-May	474	242	32	400	120	No
8806526276	Heavy Duty Roller Bearing (Plant-Nashik)	26-May	542	471	30	400	120	No
8806526276	Heavy Duty Roller Bearing (Plant-Aurangabad)	26-May	1354	1005	29	400	120	No
8806526276	Heavy Duty Roller Bearing (Plant-Nagpur)	26-May	566	565	28	400	120	No
8806526276	Heavy Duty Roller Bearing (Plant-Mumbai)	26-May	1023	618	29	400	120	No
8806526276	Heavy Duty Roller Bearing (Plant-Gujarat)	26-May	953	1027	31	400	120	No
8806526276	Heavy Duty Roller Bearing (Plant-Chennai)	26-May	982	791	31	400	120	No
8806526276	Heavy Duty Roller Bearing (Plant-Bengaluru)	26-May	1244	1473	31	400	120	Yes
8806526276	Heavy Duty Roller Bearing (Plant-Pune)	26-Jun	984	511	29	400	120	No
8806526276	Heavy Duty Roller Bearing (Plant-Chakan)	26-Jun	821	906	31	400	120	Yes
8806526276	Heavy Duty Roller Bearing (Plant-Talegaon)	26-Jun	881	678	29	400	120	No
8806526276	Heavy Duty Roller Bearing (Plant-Nashik)	26-Jun	1141	1039	31	400	120	No
8806526276	Heavy Duty Roller Bearing (Plant-Aurangabad)	26-Jun	1174	725	31	400	120	No
8806526276	Heavy Duty Roller Bearing (Plant-Nagpur)	26-Jun	1213	845	31	400	120	No
8806526276	Heavy Duty Roller Bearing (Plant-Mumbai)	26-Jun	565	614	32	400	120	No
8806526276	Heavy Duty Roller Bearing (Plant-Gujarat)	26-Jun	1303	1317	29	400	120	No
8806526276	Heavy Duty Roller Bearing (Plant-Chennai)	26-Jun	1027	608	33	400	120	No
8806526276	Heavy Duty Roller Bearing (Plant-Bengaluru)	26-Jun	1203	987	28	400	120	No
8806526277	Hydraulic Control Valve (Plant-Pune)	25-Jan	375	346	45	150	350	No
8806526277	Hydraulic Control Valve (Plant-Chakan)	25-Jan	170	118	44	150	350	No
8806526277	Hydraulic Control Valve (Plant-Talegaon)	25-Jan	356	218	43	150	350	No
8806526277	Hydraulic Control Valve (Plant-Nashik)	25-Jan	155	158	47	150	350	No
8806526277	Hydraulic Control Valve (Plant-Aurangabad)	25-Jan	176	128	44	150	350	No
8806526277	Hydraulic Control Valve (Plant-Nagpur)	25-Jan	392	485	47	150	350	Yes
8806526277	Hydraulic Control Valve (Plant-Mumbai)	25-Jan	189	96	48	150	350	No
8806526277	Hydraulic Control Valve (Plant-Gujarat)	25-Jan	211	191	43	150	350	No
8806526277	Hydraulic Control Valve (Plant-Chennai)	25-Jan	426	269	47	150	350	No
8806526277	Hydraulic Control Valve (Plant-Bengaluru)	25-Jan	175	161	46	150	350	No
8806526277	Hydraulic Control Valve (Plant-Pune)	25-Feb	318	160	46	150	350	No
8806526277	Hydraulic Control Valve (Plant-Chakan)	25-Feb	155	144	45	150	350	No
8806526277	Hydraulic Control Valve (Plant-Talegaon)	25-Feb	317	374	45	150	350	Yes
8806526277	Hydraulic Control Valve (Plant-Nashik)	25-Feb	306	264	46	150	350	No
8806526277	Hydraulic Control Valve (Plant-Aurangabad)	25-Feb	283	352	48	150	350	Yes
8806526277	Hydraulic Control Valve (Plant-Nagpur)	25-Feb	233	276	47	150	350	Yes
8806526277	Hydraulic Control Valve (Plant-Mumbai)	25-Feb	487	310	46	150	350	No
8806526277	Hydraulic Control Valve (Plant-Gujarat)	25-Feb	398	328	44	150	350	No
8806526277	Hydraulic Control Valve (Plant-Chennai)	25-Feb	122	108	43	150	350	No
8806526277	Hydraulic Control Valve (Plant-Bengaluru)	25-Feb	136	155	43	150	350	No
8806526277	Hydraulic Control Valve (Plant-Pune)	25-Mar	289	344	48	150	350	Yes
8806526277	Hydraulic Control Valve (Plant-Chakan)	25-Mar	520	441	45	150	350	No
8806526277	Hydraulic Control Valve (Plant-Talegaon)	25-Mar	431	230	43	150	350	No
8806526277	Hydraulic Control Valve (Plant-Nashik)	25-Mar	264	196	44	150	350	No
8806526277	Hydraulic Control Valve (Plant-Aurangabad)	25-Mar	280	162	45	150	350	No
8806526277	Hydraulic Control Valve (Plant-Nagpur)	25-Mar	365	218	45	150	350	No
8806526277	Hydraulic Control Valve (Plant-Mumbai)	25-Mar	423	321	44	150	350	No
8806526277	Hydraulic Control Valve (Plant-Gujarat)	25-Mar	154	178	44	150	350	No
8806526277	Hydraulic Control Valve (Plant-Chennai)	25-Mar	224	184	47	150	350	No
8806526277	Hydraulic Control Valve (Plant-Bengaluru)	25-Mar	165	184	44	150	350	No
8806526277	Hydraulic Control Valve (Plant-Pune)	25-Apr	133	83	48	150	350	No
8806526277	Hydraulic Control Valve (Plant-Chakan)	25-Apr	464	491	46	150	350	No
8806526277	Hydraulic Control Valve (Plant-Talegaon)	25-Apr	507	592	44	150	350	Yes
8806526277	Hydraulic Control Valve (Plant-Nashik)	25-Apr	140	160	46	150	350	No
8806526277	Hydraulic Control Valve (Plant-Aurangabad)	25-Apr	450	440	44	150	350	No
8806526277	Hydraulic Control Valve (Plant-Nagpur)	25-Apr	335	185	47	150	350	No
8806526277	Hydraulic Control Valve (Plant-Mumbai)	25-Apr	284	232	45	150	350	No
8806526277	Hydraulic Control Valve (Plant-Gujarat)	25-Apr	479	376	47	150	350	No
8806526277	Hydraulic Control Valve (Plant-Chennai)	25-Apr	495	399	43	150	350	No
8806526277	Hydraulic Control Valve (Plant-Bengaluru)	25-Apr	177	108	43	150	350	No
8806526277	Hydraulic Control Valve (Plant-Pune)	25-May	408	309	46	150	350	No
8806526277	Hydraulic Control Valve (Plant-Chakan)	25-May	194	173	45	150	350	No
8806526277	Hydraulic Control Valve (Plant-Talegaon)	25-May	329	202	43	150	350	No
8806526277	Hydraulic Control Valve (Plant-Nashik)	25-May	304	256	44	150	350	No
8806526277	Hydraulic Control Valve (Plant-Aurangabad)	25-May	251	262	43	150	350	No
8806526277	Hydraulic Control Valve (Plant-Nagpur)	25-May	506	537	45	150	350	Yes
8806526277	Hydraulic Control Valve (Plant-Mumbai)	25-May	443	450	47	150	350	No
8806526277	Hydraulic Control Valve (Plant-Gujarat)	25-May	420	267	46	150	350	No
8806526277	Hydraulic Control Valve (Plant-Chennai)	25-May	421	355	44	150	350	No
8806526277	Hydraulic Control Valve (Plant-Bengaluru)	25-May	238	182	47	150	350	No
8806526277	Hydraulic Control Valve (Plant-Pune)	25-Jun	138	103	43	150	350	No
8806526277	Hydraulic Control Valve (Plant-Chakan)	25-Jun	282	264	46	150	350	No
8806526277	Hydraulic Control Valve (Plant-Talegaon)	25-Jun	292	327	47	150	350	Yes
8806526277	Hydraulic Control Valve (Plant-Nashik)	25-Jun	323	374	44	150	350	Yes
8806526277	Hydraulic Control Valve (Plant-Aurangabad)	25-Jun	285	355	43	150	350	Yes
8806526277	Hydraulic Control Valve (Plant-Nagpur)	25-Jun	162	168	45	150	350	No
8806526277	Hydraulic Control Valve (Plant-Mumbai)	25-Jun	326	247	47	150	350	No
8806526277	Hydraulic Control Valve (Plant-Gujarat)	25-Jun	270	155	43	150	350	No
8806526277	Hydraulic Control Valve (Plant-Chennai)	25-Jun	372	314	45	150	350	No
8806526277	Hydraulic Control Valve (Plant-Bengaluru)	25-Jun	256	152	43	150	350	No
8806526277	Hydraulic Control Valve (Plant-Pune)	25-Jul	489	455	47	150	350	No
8806526277	Hydraulic Control Valve (Plant-Chakan)	25-Jul	379	381	47	150	350	No
8806526277	Hydraulic Control Valve (Plant-Talegaon)	25-Jul	427	410	44	150	350	No
8806526277	Hydraulic Control Valve (Plant-Nashik)	25-Jul	486	318	43	150	350	No
8806526277	Hydraulic Control Valve (Plant-Aurangabad)	25-Jul	128	72	48	150	350	No
8806526277	Hydraulic Control Valve (Plant-Nagpur)	25-Jul	304	230	48	150	350	No
8806526277	Hydraulic Control Valve (Plant-Mumbai)	25-Jul	421	281	48	150	350	No
8806526277	Hydraulic Control Valve (Plant-Gujarat)	25-Jul	437	534	45	150	350	Yes
8806526277	Hydraulic Control Valve (Plant-Chennai)	25-Jul	331	251	43	150	350	No
8806526277	Hydraulic Control Valve (Plant-Bengaluru)	25-Jul	253	217	45	150	350	No
8806526277	Hydraulic Control Valve (Plant-Pune)	25-Aug	172	179	48	150	350	No
8806526277	Hydraulic Control Valve (Plant-Chakan)	25-Aug	445	453	43	150	350	No
8806526277	Hydraulic Control Valve (Plant-Talegaon)	25-Aug	351	296	48	150	350	No
8806526277	Hydraulic Control Valve (Plant-Nashik)	25-Aug	402	439	43	150	350	Yes
8806526277	Hydraulic Control Valve (Plant-Aurangabad)	25-Aug	220	116	47	150	350	No
8806526277	Hydraulic Control Valve (Plant-Nagpur)	25-Aug	229	260	44	150	350	Yes
8806526277	Hydraulic Control Valve (Plant-Mumbai)	25-Aug	351	340	46	150	350	No
8806526277	Hydraulic Control Valve (Plant-Gujarat)	25-Aug	236	151	45	150	350	No
8806526277	Hydraulic Control Valve (Plant-Chennai)	25-Aug	288	318	48	150	350	No
8806526277	Hydraulic Control Valve (Plant-Bengaluru)	25-Aug	501	565	47	150	350	Yes
8806526277	Hydraulic Control Valve (Plant-Pune)	25-Sep	214	239	47	150	350	No
8806526277	Hydraulic Control Valve (Plant-Chakan)	25-Sep	242	195	45	150	350	No
8806526277	Hydraulic Control Valve (Plant-Talegaon)	25-Sep	302	267	44	150	350	No
8806526277	Hydraulic Control Valve (Plant-Nashik)	25-Sep	155	122	46	150	350	No
8806526277	Hydraulic Control Valve (Plant-Aurangabad)	25-Sep	237	125	47	150	350	No
8806526277	Hydraulic Control Valve (Plant-Nagpur)	25-Sep	387	440	43	150	350	Yes
8806526277	Hydraulic Control Valve (Plant-Mumbai)	25-Sep	240	236	45	150	350	No
8806526277	Hydraulic Control Valve (Plant-Gujarat)	25-Sep	162	147	46	150	350	No
8806526277	Hydraulic Control Valve (Plant-Chennai)	25-Sep	266	166	43	150	350	No
8806526277	Hydraulic Control Valve (Plant-Bengaluru)	25-Sep	518	346	48	150	350	No
8806526277	Hydraulic Control Valve (Plant-Pune)	25-Oct	150	107	46	150	350	No
8806526277	Hydraulic Control Valve (Plant-Chakan)	25-Oct	237	240	45	150	350	No
8806526277	Hydraulic Control Valve (Plant-Talegaon)	25-Oct	320	248	45	150	350	No
8806526277	Hydraulic Control Valve (Plant-Nashik)	25-Oct	272	201	47	150	350	No
8806526277	Hydraulic Control Valve (Plant-Aurangabad)	25-Oct	479	370	43	150	350	No
8806526277	Hydraulic Control Valve (Plant-Nagpur)	25-Oct	203	194	46	150	350	No
8806526277	Hydraulic Control Valve (Plant-Mumbai)	25-Oct	414	463	44	150	350	Yes
8806526277	Hydraulic Control Valve (Plant-Gujarat)	25-Oct	278	155	45	150	350	No
8806526277	Hydraulic Control Valve (Plant-Chennai)	25-Oct	419	428	46	150	350	No
8806526277	Hydraulic Control Valve (Plant-Bengaluru)	25-Oct	360	246	47	150	350	No
8806526277	Hydraulic Control Valve (Plant-Pune)	25-Nov	298	235	45	150	350	No
8806526277	Hydraulic Control Valve (Plant-Chakan)	25-Nov	373	355	44	150	350	No
8806526277	Hydraulic Control Valve (Plant-Talegaon)	25-Nov	222	115	46	150	350	No
8806526277	Hydraulic Control Valve (Plant-Nashik)	25-Nov	478	497	48	150	350	No
8806526277	Hydraulic Control Valve (Plant-Aurangabad)	25-Nov	122	113	44	150	350	No
8806526277	Hydraulic Control Valve (Plant-Nagpur)	25-Nov	524	446	44	150	350	No
8806526277	Hydraulic Control Valve (Plant-Mumbai)	25-Nov	278	206	45	150	350	No
8806526277	Hydraulic Control Valve (Plant-Gujarat)	25-Nov	128	124	43	150	350	No
8806526277	Hydraulic Control Valve (Plant-Chennai)	25-Nov	250	241	44	150	350	No
8806526277	Hydraulic Control Valve (Plant-Bengaluru)	25-Nov	412	290	43	150	350	No
8806526277	Hydraulic Control Valve (Plant-Pune)	25-Dec	466	388	46	150	350	No
8806526277	Hydraulic Control Valve (Plant-Chakan)	25-Dec	438	408	44	150	350	No
8806526277	Hydraulic Control Valve (Plant-Talegaon)	25-Dec	142	171	46	150	350	No
8806526277	Hydraulic Control Valve (Plant-Nashik)	25-Dec	135	88	47	150	350	No
8806526277	Hydraulic Control Valve (Plant-Aurangabad)	25-Dec	213	183	44	150	350	No
8806526277	Hydraulic Control Valve (Plant-Nagpur)	25-Dec	331	165	43	150	350	No
8806526277	Hydraulic Control Valve (Plant-Mumbai)	25-Dec	488	573	46	150	350	Yes
8806526277	Hydraulic Control Valve (Plant-Gujarat)	25-Dec	287	193	46	150	350	No
8806526277	Hydraulic Control Valve (Plant-Chennai)	25-Dec	128	78	44	150	350	No
8806526277	Hydraulic Control Valve (Plant-Bengaluru)	25-Dec	413	364	43	150	350	No
8806526277	Hydraulic Control Valve (Plant-Pune)	26-Jan	165	134	48	150	350	No
8806526277	Hydraulic Control Valve (Plant-Chakan)	26-Jan	434	471	43	150	350	Yes
8806526277	Hydraulic Control Valve (Plant-Talegaon)	26-Jan	304	238	46	150	350	No
8806526277	Hydraulic Control Valve (Plant-Nashik)	26-Jan	358	276	43	150	350	No
8806526277	Hydraulic Control Valve (Plant-Aurangabad)	26-Jan	233	220	46	150	350	No
8806526277	Hydraulic Control Valve (Plant-Nagpur)	26-Jan	376	321	47	150	350	No
8806526277	Hydraulic Control Valve (Plant-Mumbai)	26-Jan	220	249	44	150	350	No
8806526277	Hydraulic Control Valve (Plant-Gujarat)	26-Jan	131	98	45	150	350	No
8806526277	Hydraulic Control Valve (Plant-Chennai)	26-Jan	510	467	47	150	350	No
8806526277	Hydraulic Control Valve (Plant-Bengaluru)	26-Jan	212	131	47	150	350	No
8806526277	Hydraulic Control Valve (Plant-Pune)	26-Feb	121	93	47	150	350	No
8806526277	Hydraulic Control Valve (Plant-Chakan)	26-Feb	452	250	44	150	350	No
8806526277	Hydraulic Control Valve (Plant-Talegaon)	26-Feb	155	87	44	150	350	No
8806526277	Hydraulic Control Valve (Plant-Nashik)	26-Feb	236	135	45	150	350	No
8806526277	Hydraulic Control Valve (Plant-Aurangabad)	26-Feb	124	106	43	150	350	No
8806526277	Hydraulic Control Valve (Plant-Nagpur)	26-Feb	240	261	44	150	350	No
8806526277	Hydraulic Control Valve (Plant-Mumbai)	26-Feb	124	71	48	150	350	No
8806526277	Hydraulic Control Valve (Plant-Gujarat)	26-Feb	381	364	46	150	350	No
8806526277	Hydraulic Control Valve (Plant-Chennai)	26-Feb	174	92	48	150	350	No
8806526277	Hydraulic Control Valve (Plant-Bengaluru)	26-Feb	130	87	45	150	350	No
8806526277	Hydraulic Control Valve (Plant-Pune)	26-Mar	473	264	48	150	350	No
8806526277	Hydraulic Control Valve (Plant-Chakan)	26-Mar	267	313	43	150	350	Yes
8806526277	Hydraulic Control Valve (Plant-Talegaon)	26-Mar	312	367	48	150	350	Yes
8806526277	Hydraulic Control Valve (Plant-Nashik)	26-Mar	199	111	47	150	350	No
8806526277	Hydraulic Control Valve (Plant-Aurangabad)	26-Mar	277	295	44	150	350	No
8806526277	Hydraulic Control Valve (Plant-Nagpur)	26-Mar	256	153	45	150	350	No
8806526277	Hydraulic Control Valve (Plant-Mumbai)	26-Mar	215	211	48	150	350	No
8806526277	Hydraulic Control Valve (Plant-Gujarat)	26-Mar	427	343	45	150	350	No
8806526277	Hydraulic Control Valve (Plant-Chennai)	26-Mar	461	259	43	150	350	No
8806526277	Hydraulic Control Valve (Plant-Bengaluru)	26-Mar	264	192	43	150	350	No
8806526277	Hydraulic Control Valve (Plant-Pune)	26-Apr	524	652	45	150	350	Yes
8806526277	Hydraulic Control Valve (Plant-Chakan)	26-Apr	140	159	46	150	350	No
8806526277	Hydraulic Control Valve (Plant-Talegaon)	26-Apr	477	486	48	150	350	No
8806526277	Hydraulic Control Valve (Plant-Nashik)	26-Apr	438	223	45	150	350	No
8806526277	Hydraulic Control Valve (Plant-Aurangabad)	26-Apr	181	170	46	150	350	No
8806526277	Hydraulic Control Valve (Plant-Nagpur)	26-Apr	173	206	47	150	350	Yes
8806526277	Hydraulic Control Valve (Plant-Mumbai)	26-Apr	192	175	47	150	350	No
8806526277	Hydraulic Control Valve (Plant-Gujarat)	26-Apr	374	376	46	150	350	No
8806526277	Hydraulic Control Valve (Plant-Chennai)	26-Apr	325	374	44	150	350	Yes
8806526277	Hydraulic Control Valve (Plant-Bengaluru)	26-Apr	235	268	43	150	350	Yes
8806526277	Hydraulic Control Valve (Plant-Pune)	26-May	497	397	48	150	350	No
8806526277	Hydraulic Control Valve (Plant-Chakan)	26-May	458	562	44	150	350	Yes
8806526277	Hydraulic Control Valve (Plant-Talegaon)	26-May	289	166	45	150	350	No
8806526277	Hydraulic Control Valve (Plant-Nashik)	26-May	486	435	44	150	350	No
8806526277	Hydraulic Control Valve (Plant-Aurangabad)	26-May	428	282	47	150	350	No
8806526277	Hydraulic Control Valve (Plant-Nagpur)	26-May	523	402	47	150	350	No
8806526277	Hydraulic Control Valve (Plant-Mumbai)	26-May	331	297	43	150	350	No
8806526277	Hydraulic Control Valve (Plant-Gujarat)	26-May	420	223	47	150	350	No
8806526277	Hydraulic Control Valve (Plant-Chennai)	26-May	388	474	44	150	350	Yes
8806526277	Hydraulic Control Valve (Plant-Bengaluru)	26-May	227	279	43	150	350	Yes
8806526277	Hydraulic Control Valve (Plant-Pune)	26-Jun	298	177	45	150	350	No
8806526277	Hydraulic Control Valve (Plant-Chakan)	26-Jun	502	493	47	150	350	No
8806526277	Hydraulic Control Valve (Plant-Talegaon)	26-Jun	248	275	43	150	350	No
8806526277	Hydraulic Control Valve (Plant-Nashik)	26-Jun	480	561	44	150	350	Yes
8806526277	Hydraulic Control Valve (Plant-Aurangabad)	26-Jun	248	262	48	150	350	No
8806526277	Hydraulic Control Valve (Plant-Nagpur)	26-Jun	481	470	47	150	350	No
8806526277	Hydraulic Control Valve (Plant-Mumbai)	26-Jun	413	445	44	150	350	Yes
8806526277	Hydraulic Control Valve (Plant-Gujarat)	26-Jun	121	134	46	150	350	No
8806526277	Hydraulic Control Valve (Plant-Chennai)	26-Jun	387	355	44	150	350	No
8806526277	Hydraulic Control Valve (Plant-Bengaluru)	26-Jun	175	109	43	150	350	No
8806526278	Seamless Carbon Pipe 4 inch (Plant-Pune)	25-Jan	1362	1578	19	900	65	Yes
8806526278	Seamless Carbon Pipe 4 inch (Plant-Chakan)	25-Jan	1676	1309	18	900	65	No
8806526278	Seamless Carbon Pipe 4 inch (Plant-Talegaon)	25-Jan	917	1057	16	900	65	No
8806526278	Seamless Carbon Pipe 4 inch (Plant-Nashik)	25-Jan	2823	1415	19	900	65	No
8806526278	Seamless Carbon Pipe 4 inch (Plant-Aurangabad)	25-Jan	847	529	18	900	65	No
8806526278	Seamless Carbon Pipe 4 inch (Plant-Nagpur)	25-Jan	2217	1242	16	900	65	No
8806526278	Seamless Carbon Pipe 4 inch (Plant-Mumbai)	25-Jan	2009	1297	17	900	65	No
8806526278	Seamless Carbon Pipe 4 inch (Plant-Gujarat)	25-Jan	1464	1767	19	900	65	Yes
8806526278	Seamless Carbon Pipe 4 inch (Plant-Chennai)	25-Jan	1840	2231	16	900	65	Yes
8806526278	Seamless Carbon Pipe 4 inch (Plant-Bengaluru)	25-Jan	1928	1353	20	900	65	No
8806526278	Seamless Carbon Pipe 4 inch (Plant-Pune)	25-Feb	914	664	16	900	65	No
8806526278	Seamless Carbon Pipe 4 inch (Plant-Chakan)	25-Feb	1104	555	16	900	65	No
8806526278	Seamless Carbon Pipe 4 inch (Plant-Talegaon)	25-Feb	1917	1810	21	900	65	No
8806526278	Seamless Carbon Pipe 4 inch (Plant-Nashik)	25-Feb	1799	1094	18	900	65	No
8806526278	Seamless Carbon Pipe 4 inch (Plant-Aurangabad)	25-Feb	2115	1449	17	900	65	No
8806526278	Seamless Carbon Pipe 4 inch (Plant-Nagpur)	25-Feb	2139	1485	19	900	65	No
8806526278	Seamless Carbon Pipe 4 inch (Plant-Mumbai)	25-Feb	1296	1357	19	900	65	No
8806526278	Seamless Carbon Pipe 4 inch (Plant-Gujarat)	25-Feb	2946	1921	18	900	65	No
8806526278	Seamless Carbon Pipe 4 inch (Plant-Chennai)	25-Feb	820	562	17	900	65	No
8806526278	Seamless Carbon Pipe 4 inch (Plant-Bengaluru)	25-Feb	1459	1178	17	900	65	No
8806526278	Seamless Carbon Pipe 4 inch (Plant-Pune)	25-Mar	1707	1359	21	900	65	No
8806526278	Seamless Carbon Pipe 4 inch (Plant-Chakan)	25-Mar	2122	1085	20	900	65	No
8806526278	Seamless Carbon Pipe 4 inch (Plant-Talegaon)	25-Mar	1797	1780	19	900	65	No
8806526278	Seamless Carbon Pipe 4 inch (Plant-Nashik)	25-Mar	1070	1316	19	900	65	Yes
8806526278	Seamless Carbon Pipe 4 inch (Plant-Aurangabad)	25-Mar	1340	1574	18	900	65	Yes
8806526278	Seamless Carbon Pipe 4 inch (Plant-Nagpur)	25-Mar	1265	925	18	900	65	No
8806526278	Seamless Carbon Pipe 4 inch (Plant-Mumbai)	25-Mar	1496	1343	18	900	65	No
8806526278	Seamless Carbon Pipe 4 inch (Plant-Gujarat)	25-Mar	2434	1821	16	900	65	No
8806526278	Seamless Carbon Pipe 4 inch (Plant-Chennai)	25-Mar	903	1103	21	900	65	Yes
8806526278	Seamless Carbon Pipe 4 inch (Plant-Bengaluru)	25-Mar	1710	1343	18	900	65	No
8806526278	Seamless Carbon Pipe 4 inch (Plant-Pune)	25-Apr	2691	2781	17	900	65	No
8806526278	Seamless Carbon Pipe 4 inch (Plant-Chakan)	25-Apr	2860	2283	20	900	65	No
8806526278	Seamless Carbon Pipe 4 inch (Plant-Talegaon)	25-Apr	1179	1362	20	900	65	Yes
8806526278	Seamless Carbon Pipe 4 inch (Plant-Nashik)	25-Apr	1731	2083	21	900	65	Yes
8806526278	Seamless Carbon Pipe 4 inch (Plant-Aurangabad)	25-Apr	2347	1750	16	900	65	No
8806526278	Seamless Carbon Pipe 4 inch (Plant-Nagpur)	25-Apr	1814	1608	20	900	65	No
8806526278	Seamless Carbon Pipe 4 inch (Plant-Mumbai)	25-Apr	735	529	21	900	65	No
8806526278	Seamless Carbon Pipe 4 inch (Plant-Gujarat)	25-Apr	1619	1657	19	900	65	No
8806526278	Seamless Carbon Pipe 4 inch (Plant-Chennai)	25-Apr	1732	965	18	900	65	No
8806526278	Seamless Carbon Pipe 4 inch (Plant-Bengaluru)	25-Apr	1253	1509	18	900	65	Yes
8806526278	Seamless Carbon Pipe 4 inch (Plant-Pune)	25-May	3021	3291	20	900	65	Yes
8806526278	Seamless Carbon Pipe 4 inch (Plant-Chakan)	25-May	1871	1809	19	900	65	No
8806526278	Seamless Carbon Pipe 4 inch (Plant-Talegaon)	25-May	955	962	19	900	65	No
8806526278	Seamless Carbon Pipe 4 inch (Plant-Nashik)	25-May	2323	1343	18	900	65	No
8806526278	Seamless Carbon Pipe 4 inch (Plant-Aurangabad)	25-May	2454	1420	21	900	65	No
8806526278	Seamless Carbon Pipe 4 inch (Plant-Nagpur)	25-May	836	532	20	900	65	No
8806526278	Seamless Carbon Pipe 4 inch (Plant-Mumbai)	25-May	1880	1374	19	900	65	No
8806526278	Seamless Carbon Pipe 4 inch (Plant-Gujarat)	25-May	989	824	20	900	65	No
8806526278	Seamless Carbon Pipe 4 inch (Plant-Chennai)	25-May	2995	3371	20	900	65	Yes
8806526278	Seamless Carbon Pipe 4 inch (Plant-Bengaluru)	25-May	1026	1145	19	900	65	No
8806526278	Seamless Carbon Pipe 4 inch (Plant-Pune)	25-Jun	2629	2319	19	900	65	No
8806526278	Seamless Carbon Pipe 4 inch (Plant-Chakan)	25-Jun	2105	2405	16	900	65	Yes
8806526278	Seamless Carbon Pipe 4 inch (Plant-Talegaon)	25-Jun	1919	1192	16	900	65	No
8806526278	Seamless Carbon Pipe 4 inch (Plant-Nashik)	25-Jun	2542	2678	17	900	65	No
8806526278	Seamless Carbon Pipe 4 inch (Plant-Aurangabad)	25-Jun	2549	1499	20	900	65	No
8806526278	Seamless Carbon Pipe 4 inch (Plant-Nagpur)	25-Jun	1755	1528	16	900	65	No
8806526278	Seamless Carbon Pipe 4 inch (Plant-Mumbai)	25-Jun	2267	2007	19	900	65	No
8806526278	Seamless Carbon Pipe 4 inch (Plant-Gujarat)	25-Jun	2751	3080	18	900	65	Yes
8806526278	Seamless Carbon Pipe 4 inch (Plant-Chennai)	25-Jun	3064	1562	18	900	65	No
8806526278	Seamless Carbon Pipe 4 inch (Plant-Bengaluru)	25-Jun	2652	1451	21	900	65	No
8806526278	Seamless Carbon Pipe 4 inch (Plant-Pune)	25-Jul	2744	1691	21	900	65	No
8806526278	Seamless Carbon Pipe 4 inch (Plant-Chakan)	25-Jul	944	527	17	900	65	No
8806526278	Seamless Carbon Pipe 4 inch (Plant-Talegaon)	25-Jul	1785	1438	19	900	65	No
8806526278	Seamless Carbon Pipe 4 inch (Plant-Nashik)	25-Jul	2306	1945	17	900	65	No
8806526278	Seamless Carbon Pipe 4 inch (Plant-Aurangabad)	25-Jul	1556	1575	20	900	65	No
8806526278	Seamless Carbon Pipe 4 inch (Plant-Nagpur)	25-Jul	2403	1614	17	900	65	No
8806526278	Seamless Carbon Pipe 4 inch (Plant-Mumbai)	25-Jul	3070	2436	20	900	65	No
8806526278	Seamless Carbon Pipe 4 inch (Plant-Gujarat)	25-Jul	3008	1550	21	900	65	No
8806526278	Seamless Carbon Pipe 4 inch (Plant-Chennai)	25-Jul	3141	3678	20	900	65	Yes
8806526278	Seamless Carbon Pipe 4 inch (Plant-Bengaluru)	25-Jul	2324	1673	17	900	65	No
8806526278	Seamless Carbon Pipe 4 inch (Plant-Pune)	25-Aug	985	631	16	900	65	No
8806526278	Seamless Carbon Pipe 4 inch (Plant-Chakan)	25-Aug	2445	2766	20	900	65	Yes
8806526278	Seamless Carbon Pipe 4 inch (Plant-Talegaon)	25-Aug	1699	2100	18	900	65	Yes
8806526278	Seamless Carbon Pipe 4 inch (Plant-Nashik)	25-Aug	3067	3493	21	900	65	Yes
8806526278	Seamless Carbon Pipe 4 inch (Plant-Aurangabad)	25-Aug	2855	1490	19	900	65	No
8806526278	Seamless Carbon Pipe 4 inch (Plant-Nagpur)	25-Aug	1720	1617	17	900	65	No
8806526278	Seamless Carbon Pipe 4 inch (Plant-Mumbai)	25-Aug	875	1073	21	900	65	Yes
8806526278	Seamless Carbon Pipe 4 inch (Plant-Gujarat)	25-Aug	2474	2098	19	900	65	No
8806526278	Seamless Carbon Pipe 4 inch (Plant-Chennai)	25-Aug	1024	1251	18	900	65	Yes
8806526278	Seamless Carbon Pipe 4 inch (Plant-Bengaluru)	25-Aug	2997	2461	17	900	65	No
8806526278	Seamless Carbon Pipe 4 inch (Plant-Pune)	25-Sep	914	559	16	900	65	No
8806526278	Seamless Carbon Pipe 4 inch (Plant-Chakan)	25-Sep	1654	1764	21	900	65	No
8806526278	Seamless Carbon Pipe 4 inch (Plant-Talegaon)	25-Sep	1136	574	16	900	65	No
8806526278	Seamless Carbon Pipe 4 inch (Plant-Nashik)	25-Sep	1773	1150	18	900	65	No
8806526278	Seamless Carbon Pipe 4 inch (Plant-Aurangabad)	25-Sep	1261	907	17	900	65	No
8806526278	Seamless Carbon Pipe 4 inch (Plant-Nagpur)	25-Sep	2806	3444	19	900	65	Yes
8806526278	Seamless Carbon Pipe 4 inch (Plant-Mumbai)	25-Sep	3133	3629	19	900	65	Yes
8806526278	Seamless Carbon Pipe 4 inch (Plant-Gujarat)	25-Sep	1418	1367	18	900	65	No
8806526278	Seamless Carbon Pipe 4 inch (Plant-Chennai)	25-Sep	1596	909	20	900	65	No
8806526278	Seamless Carbon Pipe 4 inch (Plant-Bengaluru)	25-Sep	1721	1662	21	900	65	No
8806526278	Seamless Carbon Pipe 4 inch (Plant-Pune)	25-Oct	740	396	18	900	65	No
8806526278	Seamless Carbon Pipe 4 inch (Plant-Chakan)	25-Oct	2312	1985	19	900	65	No
8806526278	Seamless Carbon Pipe 4 inch (Plant-Talegaon)	25-Oct	1272	1228	16	900	65	No
8806526278	Seamless Carbon Pipe 4 inch (Plant-Nashik)	25-Oct	2799	2128	16	900	65	No
8806526278	Seamless Carbon Pipe 4 inch (Plant-Aurangabad)	25-Oct	1640	1513	19	900	65	No
8806526278	Seamless Carbon Pipe 4 inch (Plant-Nagpur)	25-Oct	1839	1051	17	900	65	No
8806526278	Seamless Carbon Pipe 4 inch (Plant-Mumbai)	25-Oct	1774	1397	20	900	65	No
8806526278	Seamless Carbon Pipe 4 inch (Plant-Gujarat)	25-Oct	887	953	18	900	65	No
8806526278	Seamless Carbon Pipe 4 inch (Plant-Chennai)	25-Oct	939	1158	20	900	65	Yes
8806526278	Seamless Carbon Pipe 4 inch (Plant-Bengaluru)	25-Oct	1860	1641	16	900	65	No
8806526278	Seamless Carbon Pipe 4 inch (Plant-Pune)	25-Nov	1655	1555	19	900	65	No
8806526278	Seamless Carbon Pipe 4 inch (Plant-Chakan)	25-Nov	2637	2357	19	900	65	No
8806526278	Seamless Carbon Pipe 4 inch (Plant-Talegaon)	25-Nov	731	458	20	900	65	No
8806526278	Seamless Carbon Pipe 4 inch (Plant-Nashik)	25-Nov	2520	2955	20	900	65	Yes
8806526278	Seamless Carbon Pipe 4 inch (Plant-Aurangabad)	25-Nov	953	938	21	900	65	No
8806526278	Seamless Carbon Pipe 4 inch (Plant-Nagpur)	25-Nov	2233	1391	21	900	65	No
8806526278	Seamless Carbon Pipe 4 inch (Plant-Mumbai)	25-Nov	1842	1438	20	900	65	No
8806526278	Seamless Carbon Pipe 4 inch (Plant-Gujarat)	25-Nov	2346	2070	21	900	65	No
8806526278	Seamless Carbon Pipe 4 inch (Plant-Chennai)	25-Nov	2625	2709	18	900	65	No
8806526278	Seamless Carbon Pipe 4 inch (Plant-Bengaluru)	25-Nov	824	924	16	900	65	No
8806526278	Seamless Carbon Pipe 4 inch (Plant-Pune)	25-Dec	2270	2348	17	900	65	No
8806526278	Seamless Carbon Pipe 4 inch (Plant-Chakan)	25-Dec	1542	1090	20	900	65	No
8806526278	Seamless Carbon Pipe 4 inch (Plant-Talegaon)	25-Dec	2089	2421	17	900	65	Yes
8806526278	Seamless Carbon Pipe 4 inch (Plant-Nashik)	25-Dec	1845	1927	21	900	65	No
8806526278	Seamless Carbon Pipe 4 inch (Plant-Aurangabad)	25-Dec	3066	3305	19	900	65	Yes
8806526278	Seamless Carbon Pipe 4 inch (Plant-Nagpur)	25-Dec	2045	1178	20	900	65	No
8806526278	Seamless Carbon Pipe 4 inch (Plant-Mumbai)	25-Dec	1295	1274	20	900	65	No
8806526278	Seamless Carbon Pipe 4 inch (Plant-Gujarat)	25-Dec	1293	791	21	900	65	No
8806526278	Seamless Carbon Pipe 4 inch (Plant-Chennai)	25-Dec	752	384	17	900	65	No
8806526278	Seamless Carbon Pipe 4 inch (Plant-Bengaluru)	25-Dec	1438	914	20	900	65	No
8806526278	Seamless Carbon Pipe 4 inch (Plant-Pune)	26-Jan	2295	1643	16	900	65	No
8806526278	Seamless Carbon Pipe 4 inch (Plant-Chakan)	26-Jan	1124	900	16	900	65	No
8806526278	Seamless Carbon Pipe 4 inch (Plant-Talegaon)	26-Jan	2412	2748	18	900	65	Yes
8806526278	Seamless Carbon Pipe 4 inch (Plant-Nashik)	26-Jan	859	1059	20	900	65	Yes
8806526278	Seamless Carbon Pipe 4 inch (Plant-Aurangabad)	26-Jan	2003	1514	17	900	65	No
8806526278	Seamless Carbon Pipe 4 inch (Plant-Nagpur)	26-Jan	1183	1046	20	900	65	No
8806526278	Seamless Carbon Pipe 4 inch (Plant-Mumbai)	26-Jan	2190	2719	21	900	65	Yes
8806526278	Seamless Carbon Pipe 4 inch (Plant-Gujarat)	26-Jan	1026	1047	21	900	65	No
8806526278	Seamless Carbon Pipe 4 inch (Plant-Chennai)	26-Jan	1924	1788	19	900	65	No
8806526278	Seamless Carbon Pipe 4 inch (Plant-Bengaluru)	26-Jan	1617	1346	16	900	65	No
8806526278	Seamless Carbon Pipe 4 inch (Plant-Pune)	26-Feb	2837	3444	19	900	65	Yes
8806526278	Seamless Carbon Pipe 4 inch (Plant-Chakan)	26-Feb	1966	1091	21	900	65	No
8806526278	Seamless Carbon Pipe 4 inch (Plant-Talegaon)	26-Feb	1842	1865	17	900	65	No
8806526278	Seamless Carbon Pipe 4 inch (Plant-Nashik)	26-Feb	2453	1794	16	900	65	No
8806526278	Seamless Carbon Pipe 4 inch (Plant-Aurangabad)	26-Feb	1821	2098	16	900	65	Yes
8806526278	Seamless Carbon Pipe 4 inch (Plant-Nagpur)	26-Feb	1790	1708	18	900	65	No
8806526278	Seamless Carbon Pipe 4 inch (Plant-Mumbai)	26-Feb	2424	2140	19	900	65	No
8806526278	Seamless Carbon Pipe 4 inch (Plant-Gujarat)	26-Feb	2091	2290	20	900	65	Yes
8806526278	Seamless Carbon Pipe 4 inch (Plant-Chennai)	26-Feb	2843	1687	18	900	65	No
8806526278	Seamless Carbon Pipe 4 inch (Plant-Bengaluru)	26-Feb	947	785	16	900	65	No
8806526278	Seamless Carbon Pipe 4 inch (Plant-Pune)	26-Mar	1231	814	18	900	65	No
8806526278	Seamless Carbon Pipe 4 inch (Plant-Chakan)	26-Mar	1671	1273	16	900	65	No
8806526278	Seamless Carbon Pipe 4 inch (Plant-Talegaon)	26-Mar	1119	1269	20	900	65	No
8806526278	Seamless Carbon Pipe 4 inch (Plant-Nashik)	26-Mar	2779	3303	21	900	65	Yes
8806526278	Seamless Carbon Pipe 4 inch (Plant-Aurangabad)	26-Mar	1345	918	21	900	65	No
8806526278	Seamless Carbon Pipe 4 inch (Plant-Nagpur)	26-Mar	2910	3001	16	900	65	No
8806526278	Seamless Carbon Pipe 4 inch (Plant-Mumbai)	26-Mar	3002	3712	17	900	65	Yes
8806526278	Seamless Carbon Pipe 4 inch (Plant-Gujarat)	26-Mar	1764	2179	19	900	65	Yes
8806526278	Seamless Carbon Pipe 4 inch (Plant-Chennai)	26-Mar	1690	1881	21	900	65	Yes
8806526278	Seamless Carbon Pipe 4 inch (Plant-Bengaluru)	26-Mar	1646	1747	17	900	65	No
8806526278	Seamless Carbon Pipe 4 inch (Plant-Pune)	26-Apr	1128	605	19	900	65	No
8806526278	Seamless Carbon Pipe 4 inch (Plant-Chakan)	26-Apr	1559	1795	18	900	65	Yes
8806526278	Seamless Carbon Pipe 4 inch (Plant-Talegaon)	26-Apr	2938	2363	19	900	65	No
8806526278	Seamless Carbon Pipe 4 inch (Plant-Nashik)	26-Apr	1399	971	16	900	65	No
8806526278	Seamless Carbon Pipe 4 inch (Plant-Aurangabad)	26-Apr	1073	894	16	900	65	No
8806526278	Seamless Carbon Pipe 4 inch (Plant-Nagpur)	26-Apr	1588	1764	17	900	65	No
8806526278	Seamless Carbon Pipe 4 inch (Plant-Mumbai)	26-Apr	1771	1472	16	900	65	No
8806526278	Seamless Carbon Pipe 4 inch (Plant-Gujarat)	26-Apr	1307	1591	21	900	65	Yes
8806526278	Seamless Carbon Pipe 4 inch (Plant-Chennai)	26-Apr	2381	1203	21	900	65	No
8806526278	Seamless Carbon Pipe 4 inch (Plant-Bengaluru)	26-Apr	1708	1907	18	900	65	Yes
8806526278	Seamless Carbon Pipe 4 inch (Plant-Pune)	26-May	1888	1486	20	900	65	No
8806526278	Seamless Carbon Pipe 4 inch (Plant-Chakan)	26-May	926	607	18	900	65	No
8806526278	Seamless Carbon Pipe 4 inch (Plant-Talegaon)	26-May	1989	1625	16	900	65	No
8806526278	Seamless Carbon Pipe 4 inch (Plant-Nashik)	26-May	2548	2469	17	900	65	No
8806526278	Seamless Carbon Pipe 4 inch (Plant-Aurangabad)	26-May	1686	960	19	900	65	No
8806526278	Seamless Carbon Pipe 4 inch (Plant-Nagpur)	26-May	941	1063	21	900	65	No
8806526278	Seamless Carbon Pipe 4 inch (Plant-Mumbai)	26-May	1295	1389	21	900	65	No
8806526278	Seamless Carbon Pipe 4 inch (Plant-Gujarat)	26-May	2901	3463	17	900	65	Yes
8806526278	Seamless Carbon Pipe 4 inch (Plant-Chennai)	26-May	1775	938	19	900	65	No
8806526278	Seamless Carbon Pipe 4 inch (Plant-Bengaluru)	26-May	755	425	17	900	65	No
8806526278	Seamless Carbon Pipe 4 inch (Plant-Pune)	26-Jun	2922	2566	16	900	65	No
8806526278	Seamless Carbon Pipe 4 inch (Plant-Chakan)	26-Jun	1291	764	21	900	65	No
8806526278	Seamless Carbon Pipe 4 inch (Plant-Talegaon)	26-Jun	2938	1586	19	900	65	No
8806526278	Seamless Carbon Pipe 4 inch (Plant-Nashik)	26-Jun	1716	1825	18	900	65	No
8806526278	Seamless Carbon Pipe 4 inch (Plant-Aurangabad)	26-Jun	3037	1756	18	900	65	No
8806526278	Seamless Carbon Pipe 4 inch (Plant-Nagpur)	26-Jun	821	734	18	900	65	No
8806526278	Seamless Carbon Pipe 4 inch (Plant-Mumbai)	26-Jun	1676	2036	21	900	65	Yes
8806526278	Seamless Carbon Pipe 4 inch (Plant-Gujarat)	26-Jun	1629	1389	17	900	65	No
8806526278	Seamless Carbon Pipe 4 inch (Plant-Chennai)	26-Jun	1030	982	19	900	65	No
8806526278	Seamless Carbon Pipe 4 inch (Plant-Bengaluru)	26-Jun	805	606	17	900	65	No
8806526279	Industrial Copper Wire 10mm (Plant-Pune)	25-Jan	7778	8527	10	2500	25	Yes
8806526279	Industrial Copper Wire 10mm (Plant-Chakan)	25-Jan	6517	4853	10	2500	25	No
8806526279	Industrial Copper Wire 10mm (Plant-Talegaon)	25-Jan	4975	5857	13	2500	25	Yes
8806526279	Industrial Copper Wire 10mm (Plant-Nashik)	25-Jan	7368	6807	10	2500	25	No
8806526279	Industrial Copper Wire 10mm (Plant-Aurangabad)	25-Jan	3688	2205	13	2500	25	No
8806526279	Industrial Copper Wire 10mm (Plant-Nagpur)	25-Jan	7348	6908	8	2500	25	No
8806526279	Industrial Copper Wire 10mm (Plant-Mumbai)	25-Jan	3671	2927	8	2500	25	No
8806526279	Industrial Copper Wire 10mm (Plant-Gujarat)	25-Jan	2469	1434	8	2500	25	No
8806526279	Industrial Copper Wire 10mm (Plant-Chennai)	25-Jan	7373	5749	11	2500	25	No
8806526279	Industrial Copper Wire 10mm (Plant-Bengaluru)	25-Jan	5483	2946	12	2500	25	No
8806526279	Industrial Copper Wire 10mm (Plant-Pune)	25-Feb	2654	1536	12	2500	25	No
8806526279	Industrial Copper Wire 10mm (Plant-Chakan)	25-Feb	4636	2519	10	2500	25	No
8806526279	Industrial Copper Wire 10mm (Plant-Talegaon)	25-Feb	7341	4829	12	2500	25	No
8806526279	Industrial Copper Wire 10mm (Plant-Nashik)	25-Feb	4318	3350	9	2500	25	No
8806526279	Industrial Copper Wire 10mm (Plant-Aurangabad)	25-Feb	5444	3020	9	2500	25	No
8806526279	Industrial Copper Wire 10mm (Plant-Nagpur)	25-Feb	6958	7011	8	2500	25	No
8806526279	Industrial Copper Wire 10mm (Plant-Mumbai)	25-Feb	6211	6464	8	2500	25	No
8806526279	Industrial Copper Wire 10mm (Plant-Gujarat)	25-Feb	7531	5123	13	2500	25	No
8806526279	Industrial Copper Wire 10mm (Plant-Chennai)	25-Feb	5012	4809	9	2500	25	No
8806526279	Industrial Copper Wire 10mm (Plant-Bengaluru)	25-Feb	6778	3910	8	2500	25	No
8806526279	Industrial Copper Wire 10mm (Plant-Pune)	25-Mar	3408	3984	9	2500	25	Yes
8806526279	Industrial Copper Wire 10mm (Plant-Chakan)	25-Mar	5481	5283	10	2500	25	No
8806526279	Industrial Copper Wire 10mm (Plant-Talegaon)	25-Mar	8395	5652	8	2500	25	No
8806526279	Industrial Copper Wire 10mm (Plant-Nashik)	25-Mar	2818	2790	11	2500	25	No
8806526279	Industrial Copper Wire 10mm (Plant-Aurangabad)	25-Mar	3591	4281	13	2500	25	Yes
8806526279	Industrial Copper Wire 10mm (Plant-Nagpur)	25-Mar	4092	2750	8	2500	25	No
8806526279	Industrial Copper Wire 10mm (Plant-Mumbai)	25-Mar	2466	2318	11	2500	25	No
8806526279	Industrial Copper Wire 10mm (Plant-Gujarat)	25-Mar	7147	4018	10	2500	25	No
8806526279	Industrial Copper Wire 10mm (Plant-Chennai)	25-Mar	7401	6816	12	2500	25	No
8806526279	Industrial Copper Wire 10mm (Plant-Bengaluru)	25-Mar	5805	3757	8	2500	25	No
8806526279	Industrial Copper Wire 10mm (Plant-Pune)	25-Apr	5690	3297	11	2500	25	No
8806526279	Industrial Copper Wire 10mm (Plant-Chakan)	25-Apr	6386	5985	12	2500	25	No
8806526279	Industrial Copper Wire 10mm (Plant-Talegaon)	25-Apr	3640	2640	8	2500	25	No
8806526279	Industrial Copper Wire 10mm (Plant-Nashik)	25-Apr	7770	4989	10	2500	25	No
8806526279	Industrial Copper Wire 10mm (Plant-Aurangabad)	25-Apr	3889	3939	12	2500	25	No
8806526279	Industrial Copper Wire 10mm (Plant-Nagpur)	25-Apr	5181	4112	13	2500	25	No
8806526279	Industrial Copper Wire 10mm (Plant-Mumbai)	25-Apr	5003	4215	10	2500	25	No
8806526279	Industrial Copper Wire 10mm (Plant-Gujarat)	25-Apr	8643	8678	10	2500	25	No
8806526279	Industrial Copper Wire 10mm (Plant-Chennai)	25-Apr	6416	5689	11	2500	25	No
8806526279	Industrial Copper Wire 10mm (Plant-Bengaluru)	25-Apr	6664	8097	8	2500	25	Yes
8806526279	Industrial Copper Wire 10mm (Plant-Pune)	25-May	4590	4287	11	2500	25	No
8806526279	Industrial Copper Wire 10mm (Plant-Chakan)	25-May	6399	7783	11	2500	25	Yes
8806526279	Industrial Copper Wire 10mm (Plant-Talegaon)	25-May	6055	3265	13	2500	25	No
8806526279	Industrial Copper Wire 10mm (Plant-Nashik)	25-May	2458	1249	13	2500	25	No
8806526279	Industrial Copper Wire 10mm (Plant-Aurangabad)	25-May	6077	6652	10	2500	25	Yes
8806526279	Industrial Copper Wire 10mm (Plant-Nagpur)	25-May	7857	4173	11	2500	25	No
8806526279	Industrial Copper Wire 10mm (Plant-Mumbai)	25-May	3285	2803	12	2500	25	No
8806526279	Industrial Copper Wire 10mm (Plant-Gujarat)	25-May	5054	4624	9	2500	25	No
8806526279	Industrial Copper Wire 10mm (Plant-Chennai)	25-May	8073	9009	12	2500	25	Yes
8806526279	Industrial Copper Wire 10mm (Plant-Bengaluru)	25-May	8719	6626	8	2500	25	No
8806526279	Industrial Copper Wire 10mm (Plant-Pune)	25-Jun	2428	1795	11	2500	25	No
8806526279	Industrial Copper Wire 10mm (Plant-Chakan)	25-Jun	8197	7593	9	2500	25	No
8806526279	Industrial Copper Wire 10mm (Plant-Talegaon)	25-Jun	8376	6657	12	2500	25	No
8806526279	Industrial Copper Wire 10mm (Plant-Nashik)	25-Jun	2265	2347	12	2500	25	No
8806526279	Industrial Copper Wire 10mm (Plant-Aurangabad)	25-Jun	4038	2816	11	2500	25	No
8806526279	Industrial Copper Wire 10mm (Plant-Nagpur)	25-Jun	3681	3052	12	2500	25	No
8806526279	Industrial Copper Wire 10mm (Plant-Mumbai)	25-Jun	6667	8199	8	2500	25	Yes
8806526279	Industrial Copper Wire 10mm (Plant-Gujarat)	25-Jun	5669	4805	8	2500	25	No
8806526279	Industrial Copper Wire 10mm (Plant-Chennai)	25-Jun	6137	4857	10	2500	25	No
8806526279	Industrial Copper Wire 10mm (Plant-Bengaluru)	25-Jun	4358	2873	13	2500	25	No
8806526279	Industrial Copper Wire 10mm (Plant-Pune)	25-Jul	3622	4340	13	2500	25	Yes
8806526279	Industrial Copper Wire 10mm (Plant-Chakan)	25-Jul	8529	4655	12	2500	25	No
8806526279	Industrial Copper Wire 10mm (Plant-Talegaon)	25-Jul	8190	6199	8	2500	25	No
8806526279	Industrial Copper Wire 10mm (Plant-Nashik)	25-Jul	3656	4495	12	2500	25	Yes
8806526279	Industrial Copper Wire 10mm (Plant-Aurangabad)	25-Jul	4469	2885	13	2500	25	No
8806526279	Industrial Copper Wire 10mm (Plant-Nagpur)	25-Jul	4906	4731	10	2500	25	No
8806526279	Industrial Copper Wire 10mm (Plant-Mumbai)	25-Jul	5106	5960	9	2500	25	Yes
8806526279	Industrial Copper Wire 10mm (Plant-Gujarat)	25-Jul	7130	7039	12	2500	25	No
8806526279	Industrial Copper Wire 10mm (Plant-Chennai)	25-Jul	8449	4713	10	2500	25	No
8806526279	Industrial Copper Wire 10mm (Plant-Bengaluru)	25-Jul	2030	2498	13	2500	25	No
8806526279	Industrial Copper Wire 10mm (Plant-Pune)	25-Aug	4910	3572	9	2500	25	No
8806526279	Industrial Copper Wire 10mm (Plant-Chakan)	25-Aug	6933	6148	10	2500	25	No
8806526279	Industrial Copper Wire 10mm (Plant-Talegaon)	25-Aug	5398	4122	10	2500	25	No
8806526279	Industrial Copper Wire 10mm (Plant-Nashik)	25-Aug	5578	5900	9	2500	25	No
8806526279	Industrial Copper Wire 10mm (Plant-Aurangabad)	25-Aug	2948	3528	10	2500	25	Yes
8806526279	Industrial Copper Wire 10mm (Plant-Nagpur)	25-Aug	2801	2298	12	2500	25	No
8806526279	Industrial Copper Wire 10mm (Plant-Mumbai)	25-Aug	2448	1389	12	2500	25	No
8806526279	Industrial Copper Wire 10mm (Plant-Gujarat)	25-Aug	4442	3437	12	2500	25	No
8806526279	Industrial Copper Wire 10mm (Plant-Chennai)	25-Aug	8308	6009	8	2500	25	No
8806526279	Industrial Copper Wire 10mm (Plant-Bengaluru)	25-Aug	5165	5320	8	2500	25	No
8806526279	Industrial Copper Wire 10mm (Plant-Pune)	25-Sep	2828	2892	8	2500	25	No
8806526279	Industrial Copper Wire 10mm (Plant-Chakan)	25-Sep	7931	9709	12	2500	25	Yes
8806526279	Industrial Copper Wire 10mm (Plant-Talegaon)	25-Sep	3977	2735	8	2500	25	No
8806526279	Industrial Copper Wire 10mm (Plant-Nashik)	25-Sep	6891	4208	13	2500	25	No
8806526279	Industrial Copper Wire 10mm (Plant-Aurangabad)	25-Sep	6804	7133	9	2500	25	No
8806526279	Industrial Copper Wire 10mm (Plant-Nagpur)	25-Sep	6951	4887	11	2500	25	No
8806526279	Industrial Copper Wire 10mm (Plant-Mumbai)	25-Sep	4408	4327	10	2500	25	No
8806526279	Industrial Copper Wire 10mm (Plant-Gujarat)	25-Sep	6221	7534	12	2500	25	Yes
8806526279	Industrial Copper Wire 10mm (Plant-Chennai)	25-Sep	6960	6114	13	2500	25	No
8806526279	Industrial Copper Wire 10mm (Plant-Bengaluru)	25-Sep	7320	5286	13	2500	25	No
8806526279	Industrial Copper Wire 10mm (Plant-Pune)	25-Oct	7731	6743	8	2500	25	No
8806526279	Industrial Copper Wire 10mm (Plant-Chakan)	25-Oct	6314	6649	10	2500	25	No
8806526279	Industrial Copper Wire 10mm (Plant-Talegaon)	25-Oct	3517	4097	8	2500	25	Yes
8806526279	Industrial Copper Wire 10mm (Plant-Nashik)	25-Oct	4468	2329	11	2500	25	No
8806526279	Industrial Copper Wire 10mm (Plant-Aurangabad)	25-Oct	7089	7126	9	2500	25	No
8806526279	Industrial Copper Wire 10mm (Plant-Nagpur)	25-Oct	3489	4156	8	2500	25	Yes
8806526279	Industrial Copper Wire 10mm (Plant-Mumbai)	25-Oct	6833	8034	12	2500	25	Yes
8806526279	Industrial Copper Wire 10mm (Plant-Gujarat)	25-Oct	2419	1969	13	2500	25	No
8806526279	Industrial Copper Wire 10mm (Plant-Chennai)	25-Oct	2763	3015	13	2500	25	No
8806526279	Industrial Copper Wire 10mm (Plant-Bengaluru)	25-Oct	3114	3261	11	2500	25	No
8806526279	Industrial Copper Wire 10mm (Plant-Pune)	25-Nov	2148	1427	11	2500	25	No
8806526279	Industrial Copper Wire 10mm (Plant-Chakan)	25-Nov	8523	10469	9	2500	25	Yes
8806526279	Industrial Copper Wire 10mm (Plant-Talegaon)	25-Nov	4770	2906	13	2500	25	No
8806526279	Industrial Copper Wire 10mm (Plant-Nashik)	25-Nov	3249	3347	10	2500	25	No
8806526279	Industrial Copper Wire 10mm (Plant-Aurangabad)	25-Nov	8452	4886	10	2500	25	No
8806526279	Industrial Copper Wire 10mm (Plant-Nagpur)	25-Nov	3698	4452	11	2500	25	Yes
8806526279	Industrial Copper Wire 10mm (Plant-Mumbai)	25-Nov	5653	6112	11	2500	25	No
8806526279	Industrial Copper Wire 10mm (Plant-Gujarat)	25-Nov	6456	4411	8	2500	25	No
8806526279	Industrial Copper Wire 10mm (Plant-Chennai)	25-Nov	2156	1886	13	2500	25	No
8806526279	Industrial Copper Wire 10mm (Plant-Bengaluru)	25-Nov	7018	8248	12	2500	25	Yes
8806526279	Industrial Copper Wire 10mm (Plant-Pune)	25-Dec	4648	5765	11	2500	25	Yes
8806526279	Industrial Copper Wire 10mm (Plant-Chakan)	25-Dec	5564	3197	11	2500	25	No
8806526279	Industrial Copper Wire 10mm (Plant-Talegaon)	25-Dec	4601	4440	10	2500	25	No
8806526279	Industrial Copper Wire 10mm (Plant-Nashik)	25-Dec	3065	3344	11	2500	25	No
8806526279	Industrial Copper Wire 10mm (Plant-Aurangabad)	25-Dec	3129	2620	9	2500	25	No
8806526279	Industrial Copper Wire 10mm (Plant-Nagpur)	25-Dec	6344	3613	9	2500	25	No
8806526279	Industrial Copper Wire 10mm (Plant-Mumbai)	25-Dec	2035	1362	9	2500	25	No
8806526279	Industrial Copper Wire 10mm (Plant-Gujarat)	25-Dec	3524	3474	9	2500	25	No
8806526279	Industrial Copper Wire 10mm (Plant-Chennai)	25-Dec	3214	1726	8	2500	25	No
8806526279	Industrial Copper Wire 10mm (Plant-Bengaluru)	25-Dec	8282	4150	11	2500	25	No
8806526279	Industrial Copper Wire 10mm (Plant-Pune)	26-Jan	5756	4060	13	2500	25	No
8806526279	Industrial Copper Wire 10mm (Plant-Chakan)	26-Jan	6591	5454	9	2500	25	No
8806526279	Industrial Copper Wire 10mm (Plant-Talegaon)	26-Jan	4574	2681	10	2500	25	No
8806526279	Industrial Copper Wire 10mm (Plant-Nashik)	26-Jan	4515	2524	13	2500	25	No
8806526279	Industrial Copper Wire 10mm (Plant-Aurangabad)	26-Jan	7867	9196	13	2500	25	Yes
8806526279	Industrial Copper Wire 10mm (Plant-Nagpur)	26-Jan	5758	6794	11	2500	25	Yes
8806526279	Industrial Copper Wire 10mm (Plant-Mumbai)	26-Jan	3572	2699	8	2500	25	No
8806526279	Industrial Copper Wire 10mm (Plant-Gujarat)	26-Jan	7004	5119	8	2500	25	No
8806526279	Industrial Copper Wire 10mm (Plant-Chennai)	26-Jan	8572	9607	10	2500	25	Yes
8806526279	Industrial Copper Wire 10mm (Plant-Bengaluru)	26-Jan	8605	4617	8	2500	25	No
8806526279	Industrial Copper Wire 10mm (Plant-Pune)	26-Feb	6167	4790	11	2500	25	No
8806526279	Industrial Copper Wire 10mm (Plant-Chakan)	26-Feb	8704	5546	8	2500	25	No
8806526279	Industrial Copper Wire 10mm (Plant-Talegaon)	26-Feb	3632	2934	12	2500	25	No
8806526279	Industrial Copper Wire 10mm (Plant-Nashik)	26-Feb	2375	2615	12	2500	25	No
8806526279	Industrial Copper Wire 10mm (Plant-Aurangabad)	26-Feb	8699	6385	11	2500	25	No
8806526279	Industrial Copper Wire 10mm (Plant-Nagpur)	26-Feb	3087	2777	13	2500	25	No
8806526279	Industrial Copper Wire 10mm (Plant-Mumbai)	26-Feb	6299	7369	12	2500	25	Yes
8806526279	Industrial Copper Wire 10mm (Plant-Gujarat)	26-Feb	6718	5967	11	2500	25	No
8806526279	Industrial Copper Wire 10mm (Plant-Chennai)	26-Feb	2435	1331	8	2500	25	No
8806526279	Industrial Copper Wire 10mm (Plant-Bengaluru)	26-Feb	6999	5943	12	2500	25	No
8806526279	Industrial Copper Wire 10mm (Plant-Pune)	26-Mar	6171	6112	8	2500	25	No
8806526279	Industrial Copper Wire 10mm (Plant-Chakan)	26-Mar	3866	2129	11	2500	25	No
8806526279	Industrial Copper Wire 10mm (Plant-Talegaon)	26-Mar	7392	5937	13	2500	25	No
8806526279	Industrial Copper Wire 10mm (Plant-Nashik)	26-Mar	6264	6635	9	2500	25	No
8806526279	Industrial Copper Wire 10mm (Plant-Aurangabad)	26-Mar	7594	7182	9	2500	25	No
8806526279	Industrial Copper Wire 10mm (Plant-Nagpur)	26-Mar	2032	1435	11	2500	25	No
8806526279	Industrial Copper Wire 10mm (Plant-Mumbai)	26-Mar	6182	4046	11	2500	25	No
8806526279	Industrial Copper Wire 10mm (Plant-Gujarat)	26-Mar	3521	2716	10	2500	25	No
8806526279	Industrial Copper Wire 10mm (Plant-Chennai)	26-Mar	4975	4427	8	2500	25	No
8806526279	Industrial Copper Wire 10mm (Plant-Bengaluru)	26-Mar	8614	5243	9	2500	25	No
8806526279	Industrial Copper Wire 10mm (Plant-Pune)	26-Apr	8544	9699	12	2500	25	Yes
8806526279	Industrial Copper Wire 10mm (Plant-Chakan)	26-Apr	7330	5627	8	2500	25	No
8806526279	Industrial Copper Wire 10mm (Plant-Talegaon)	26-Apr	2504	1434	9	2500	25	No
8806526279	Industrial Copper Wire 10mm (Plant-Nashik)	26-Apr	6721	5075	13	2500	25	No
8806526279	Industrial Copper Wire 10mm (Plant-Aurangabad)	26-Apr	7199	4787	13	2500	25	No
8806526279	Industrial Copper Wire 10mm (Plant-Nagpur)	26-Apr	6688	7887	8	2500	25	Yes
8806526279	Industrial Copper Wire 10mm (Plant-Mumbai)	26-Apr	8665	4799	13	2500	25	No
8806526279	Industrial Copper Wire 10mm (Plant-Gujarat)	26-Apr	2746	2666	8	2500	25	No
8806526279	Industrial Copper Wire 10mm (Plant-Chennai)	26-Apr	5100	3725	10	2500	25	No
8806526279	Industrial Copper Wire 10mm (Plant-Bengaluru)	26-Apr	5546	4999	10	2500	25	No
8806526279	Industrial Copper Wire 10mm (Plant-Pune)	26-May	4998	4197	9	2500	25	No
8806526279	Industrial Copper Wire 10mm (Plant-Chakan)	26-May	6356	4917	8	2500	25	No
8806526279	Industrial Copper Wire 10mm (Plant-Talegaon)	26-May	4078	4207	9	2500	25	No
8806526279	Industrial Copper Wire 10mm (Plant-Nashik)	26-May	4517	3895	8	2500	25	No
8806526279	Industrial Copper Wire 10mm (Plant-Aurangabad)	26-May	8308	9617	8	2500	25	Yes
8806526279	Industrial Copper Wire 10mm (Plant-Nagpur)	26-May	6933	7219	8	2500	25	No
8806526279	Industrial Copper Wire 10mm (Plant-Mumbai)	26-May	4289	3299	9	2500	25	No
8806526279	Industrial Copper Wire 10mm (Plant-Gujarat)	26-May	8615	9654	8	2500	25	Yes
8806526279	Industrial Copper Wire 10mm (Plant-Chennai)	26-May	6575	7710	9	2500	25	Yes
8806526279	Industrial Copper Wire 10mm (Plant-Bengaluru)	26-May	5014	4990	13	2500	25	No
8806526279	Industrial Copper Wire 10mm (Plant-Pune)	26-Jun	5296	6185	12	2500	25	Yes
8806526279	Industrial Copper Wire 10mm (Plant-Chakan)	26-Jun	4809	3303	8	2500	25	No
8806526279	Industrial Copper Wire 10mm (Plant-Talegaon)	26-Jun	2680	2182	9	2500	25	No
8806526279	Industrial Copper Wire 10mm (Plant-Nashik)	26-Jun	2408	2476	12	2500	25	No
8806526279	Industrial Copper Wire 10mm (Plant-Aurangabad)	26-Jun	7010	4819	8	2500	25	No
8806526279	Industrial Copper Wire 10mm (Plant-Nagpur)	26-Jun	3320	2490	12	2500	25	No
8806526279	Industrial Copper Wire 10mm (Plant-Mumbai)	26-Jun	2642	2325	13	2500	25	No
8806526279	Industrial Copper Wire 10mm (Plant-Gujarat)	26-Jun	7765	9595	13	2500	25	Yes
8806526279	Industrial Copper Wire 10mm (Plant-Chennai)	26-Jun	8198	7924	12	2500	25	No
8806526279	Industrial Copper Wire 10mm (Plant-Bengaluru)	26-Jun	5788	5551	11	2500	25	No
8806526280	Aluminum Alloy Sheet 6061 (Plant-Pune)	25-Jan	1125	1325	12	1000	70	No
8806526280	Aluminum Alloy Sheet 6061 (Plant-Chakan)	25-Jan	2156	1478	17	1000	70	No
8806526280	Aluminum Alloy Sheet 6061 (Plant-Talegaon)	25-Jan	3453	1790	15	1000	70	No
8806526280	Aluminum Alloy Sheet 6061 (Plant-Nashik)	25-Jan	1230	1370	13	1000	70	No
8806526280	Aluminum Alloy Sheet 6061 (Plant-Aurangabad)	25-Jan	1960	2117	12	1000	70	No
8806526280	Aluminum Alloy Sheet 6061 (Plant-Nagpur)	25-Jan	3285	3249	12	1000	70	No
8806526280	Aluminum Alloy Sheet 6061 (Plant-Mumbai)	25-Jan	1410	1472	13	1000	70	No
8806526280	Aluminum Alloy Sheet 6061 (Plant-Gujarat)	25-Jan	894	1054	13	1000	70	No
8806526280	Aluminum Alloy Sheet 6061 (Plant-Chennai)	25-Jan	1965	1289	15	1000	70	No
8806526280	Aluminum Alloy Sheet 6061 (Plant-Bengaluru)	25-Jan	3017	2707	15	1000	70	No
8806526280	Aluminum Alloy Sheet 6061 (Plant-Pune)	25-Feb	3029	2974	16	1000	70	No
8806526280	Aluminum Alloy Sheet 6061 (Plant-Chakan)	25-Feb	1244	1181	13	1000	70	No
8806526280	Aluminum Alloy Sheet 6061 (Plant-Talegaon)	25-Feb	2191	2428	14	1000	70	Yes
8806526280	Aluminum Alloy Sheet 6061 (Plant-Nashik)	25-Feb	2913	2056	17	1000	70	No
8806526280	Aluminum Alloy Sheet 6061 (Plant-Aurangabad)	25-Feb	3122	2757	17	1000	70	No
8806526280	Aluminum Alloy Sheet 6061 (Plant-Nagpur)	25-Feb	1660	1336	14	1000	70	No
8806526280	Aluminum Alloy Sheet 6061 (Plant-Mumbai)	25-Feb	3430	2252	13	1000	70	No
8806526280	Aluminum Alloy Sheet 6061 (Plant-Gujarat)	25-Feb	2482	2268	16	1000	70	No
8806526280	Aluminum Alloy Sheet 6061 (Plant-Chennai)	25-Feb	1991	2482	13	1000	70	Yes
8806526280	Aluminum Alloy Sheet 6061 (Plant-Bengaluru)	25-Feb	2536	1356	16	1000	70	No
8806526280	Aluminum Alloy Sheet 6061 (Plant-Pune)	25-Mar	2413	1335	12	1000	70	No
8806526280	Aluminum Alloy Sheet 6061 (Plant-Chakan)	25-Mar	1199	1056	16	1000	70	No
8806526280	Aluminum Alloy Sheet 6061 (Plant-Talegaon)	25-Mar	2234	2375	15	1000	70	No
8806526280	Aluminum Alloy Sheet 6061 (Plant-Nashik)	25-Mar	3134	1728	13	1000	70	No
8806526280	Aluminum Alloy Sheet 6061 (Plant-Aurangabad)	25-Mar	1721	877	13	1000	70	No
8806526280	Aluminum Alloy Sheet 6061 (Plant-Nagpur)	25-Mar	2840	2192	12	1000	70	No
8806526280	Aluminum Alloy Sheet 6061 (Plant-Mumbai)	25-Mar	2552	2577	15	1000	70	No
8806526280	Aluminum Alloy Sheet 6061 (Plant-Gujarat)	25-Mar	2240	1876	17	1000	70	No
8806526280	Aluminum Alloy Sheet 6061 (Plant-Chennai)	25-Mar	2229	1789	16	1000	70	No
8806526280	Aluminum Alloy Sheet 6061 (Plant-Bengaluru)	25-Mar	3350	2387	17	1000	70	No
8806526280	Aluminum Alloy Sheet 6061 (Plant-Pune)	25-Apr	2007	1918	17	1000	70	No
8806526280	Aluminum Alloy Sheet 6061 (Plant-Chakan)	25-Apr	2204	2314	17	1000	70	No
8806526280	Aluminum Alloy Sheet 6061 (Plant-Talegaon)	25-Apr	1319	1046	16	1000	70	No
8806526280	Aluminum Alloy Sheet 6061 (Plant-Nashik)	25-Apr	1006	1034	13	1000	70	No
8806526280	Aluminum Alloy Sheet 6061 (Plant-Aurangabad)	25-Apr	1473	1459	16	1000	70	No
8806526280	Aluminum Alloy Sheet 6061 (Plant-Nagpur)	25-Apr	2524	2326	17	1000	70	No
8806526280	Aluminum Alloy Sheet 6061 (Plant-Mumbai)	25-Apr	2231	2558	12	1000	70	Yes
8806526280	Aluminum Alloy Sheet 6061 (Plant-Gujarat)	25-Apr	2978	3094	12	1000	70	No
8806526280	Aluminum Alloy Sheet 6061 (Plant-Chennai)	25-Apr	2468	2588	16	1000	70	No
8806526280	Aluminum Alloy Sheet 6061 (Plant-Bengaluru)	25-Apr	1345	1419	16	1000	70	No
8806526280	Aluminum Alloy Sheet 6061 (Plant-Pune)	25-May	881	786	16	1000	70	No
8806526280	Aluminum Alloy Sheet 6061 (Plant-Chakan)	25-May	1422	1763	12	1000	70	Yes
8806526280	Aluminum Alloy Sheet 6061 (Plant-Talegaon)	25-May	917	830	15	1000	70	No
8806526280	Aluminum Alloy Sheet 6061 (Plant-Nashik)	25-May	912	658	14	1000	70	No
8806526280	Aluminum Alloy Sheet 6061 (Plant-Aurangabad)	25-May	823	734	12	1000	70	No
8806526280	Aluminum Alloy Sheet 6061 (Plant-Nagpur)	25-May	2665	1834	14	1000	70	No
8806526280	Aluminum Alloy Sheet 6061 (Plant-Mumbai)	25-May	1313	1283	14	1000	70	No
8806526280	Aluminum Alloy Sheet 6061 (Plant-Gujarat)	25-May	2117	1373	16	1000	70	No
8806526280	Aluminum Alloy Sheet 6061 (Plant-Chennai)	25-May	1503	823	14	1000	70	No
8806526280	Aluminum Alloy Sheet 6061 (Plant-Bengaluru)	25-May	1210	995	12	1000	70	No
8806526280	Aluminum Alloy Sheet 6061 (Plant-Pune)	25-Jun	3452	2309	13	1000	70	No
8806526280	Aluminum Alloy Sheet 6061 (Plant-Chakan)	25-Jun	2768	3184	13	1000	70	Yes
8806526280	Aluminum Alloy Sheet 6061 (Plant-Talegaon)	25-Jun	1775	2010	13	1000	70	Yes
8806526280	Aluminum Alloy Sheet 6061 (Plant-Nashik)	25-Jun	1352	1086	13	1000	70	No
8806526280	Aluminum Alloy Sheet 6061 (Plant-Aurangabad)	25-Jun	1889	2090	15	1000	70	Yes
8806526280	Aluminum Alloy Sheet 6061 (Plant-Nagpur)	25-Jun	1451	1553	13	1000	70	No
8806526280	Aluminum Alloy Sheet 6061 (Plant-Mumbai)	25-Jun	1676	1625	16	1000	70	No
8806526280	Aluminum Alloy Sheet 6061 (Plant-Gujarat)	25-Jun	3230	1653	16	1000	70	No
8806526280	Aluminum Alloy Sheet 6061 (Plant-Chennai)	25-Jun	2562	2566	15	1000	70	No
8806526280	Aluminum Alloy Sheet 6061 (Plant-Bengaluru)	25-Jun	1381	824	14	1000	70	No
8806526280	Aluminum Alloy Sheet 6061 (Plant-Pune)	25-Jul	2364	2429	12	1000	70	No
8806526280	Aluminum Alloy Sheet 6061 (Plant-Chakan)	25-Jul	1314	816	16	1000	70	No
8806526280	Aluminum Alloy Sheet 6061 (Plant-Talegaon)	25-Jul	1343	1572	17	1000	70	Yes
8806526280	Aluminum Alloy Sheet 6061 (Plant-Nashik)	25-Jul	1227	711	13	1000	70	No
8806526280	Aluminum Alloy Sheet 6061 (Plant-Aurangabad)	25-Jul	2636	2327	13	1000	70	No
8806526280	Aluminum Alloy Sheet 6061 (Plant-Nagpur)	25-Jul	2753	1760	17	1000	70	No
8806526280	Aluminum Alloy Sheet 6061 (Plant-Mumbai)	25-Jul	2786	3083	13	1000	70	Yes
8806526280	Aluminum Alloy Sheet 6061 (Plant-Gujarat)	25-Jul	1981	1250	16	1000	70	No
8806526280	Aluminum Alloy Sheet 6061 (Plant-Chennai)	25-Jul	3197	1777	12	1000	70	No
8806526280	Aluminum Alloy Sheet 6061 (Plant-Bengaluru)	25-Jul	3240	2960	16	1000	70	No
8806526280	Aluminum Alloy Sheet 6061 (Plant-Pune)	25-Aug	3132	2866	17	1000	70	No
8806526280	Aluminum Alloy Sheet 6061 (Plant-Chakan)	25-Aug	2888	2026	13	1000	70	No
8806526280	Aluminum Alloy Sheet 6061 (Plant-Talegaon)	25-Aug	2357	1872	17	1000	70	No
8806526280	Aluminum Alloy Sheet 6061 (Plant-Nashik)	25-Aug	1325	665	17	1000	70	No
8806526280	Aluminum Alloy Sheet 6061 (Plant-Aurangabad)	25-Aug	2192	2228	14	1000	70	No
8806526280	Aluminum Alloy Sheet 6061 (Plant-Nagpur)	25-Aug	1368	1295	14	1000	70	No
8806526280	Aluminum Alloy Sheet 6061 (Plant-Mumbai)	25-Aug	1791	1247	14	1000	70	No
8806526280	Aluminum Alloy Sheet 6061 (Plant-Gujarat)	25-Aug	963	714	16	1000	70	No
8806526280	Aluminum Alloy Sheet 6061 (Plant-Chennai)	25-Aug	2121	2137	16	1000	70	No
8806526280	Aluminum Alloy Sheet 6061 (Plant-Bengaluru)	25-Aug	1675	1296	17	1000	70	No
8806526280	Aluminum Alloy Sheet 6061 (Plant-Pune)	25-Sep	2788	2452	16	1000	70	No
8806526280	Aluminum Alloy Sheet 6061 (Plant-Chakan)	25-Sep	915	1042	17	1000	70	No
8806526280	Aluminum Alloy Sheet 6061 (Plant-Talegaon)	25-Sep	3154	3217	12	1000	70	No
8806526280	Aluminum Alloy Sheet 6061 (Plant-Nashik)	25-Sep	3389	3464	12	1000	70	No
8806526280	Aluminum Alloy Sheet 6061 (Plant-Aurangabad)	25-Sep	1516	863	15	1000	70	No
8806526280	Aluminum Alloy Sheet 6061 (Plant-Nagpur)	25-Sep	813	913	13	1000	70	No
8806526280	Aluminum Alloy Sheet 6061 (Plant-Mumbai)	25-Sep	2635	2006	17	1000	70	No
8806526280	Aluminum Alloy Sheet 6061 (Plant-Gujarat)	25-Sep	3276	1776	13	1000	70	No
8806526280	Aluminum Alloy Sheet 6061 (Plant-Chennai)	25-Sep	2177	1909	14	1000	70	No
8806526280	Aluminum Alloy Sheet 6061 (Plant-Bengaluru)	25-Sep	3227	2145	15	1000	70	No
8806526280	Aluminum Alloy Sheet 6061 (Plant-Pune)	25-Oct	1023	836	17	1000	70	No
8806526280	Aluminum Alloy Sheet 6061 (Plant-Chakan)	25-Oct	1205	608	16	1000	70	No
8806526280	Aluminum Alloy Sheet 6061 (Plant-Talegaon)	25-Oct	1471	1054	17	1000	70	No
8806526280	Aluminum Alloy Sheet 6061 (Plant-Nashik)	25-Oct	908	503	13	1000	70	No
8806526280	Aluminum Alloy Sheet 6061 (Plant-Aurangabad)	25-Oct	2992	3226	13	1000	70	Yes
8806526280	Aluminum Alloy Sheet 6061 (Plant-Nagpur)	25-Oct	3426	2631	15	1000	70	No
8806526280	Aluminum Alloy Sheet 6061 (Plant-Mumbai)	25-Oct	2352	1937	13	1000	70	No
8806526280	Aluminum Alloy Sheet 6061 (Plant-Gujarat)	25-Oct	1662	1107	13	1000	70	No
8806526280	Aluminum Alloy Sheet 6061 (Plant-Chennai)	25-Oct	3414	3764	15	1000	70	Yes
8806526280	Aluminum Alloy Sheet 6061 (Plant-Bengaluru)	25-Oct	2819	2683	14	1000	70	No
8806526280	Aluminum Alloy Sheet 6061 (Plant-Pune)	25-Nov	1887	1091	12	1000	70	No
8806526280	Aluminum Alloy Sheet 6061 (Plant-Chakan)	25-Nov	2216	2562	14	1000	70	Yes
8806526280	Aluminum Alloy Sheet 6061 (Plant-Talegaon)	25-Nov	2088	1535	12	1000	70	No
8806526280	Aluminum Alloy Sheet 6061 (Plant-Nashik)	25-Nov	982	1023	16	1000	70	No
8806526280	Aluminum Alloy Sheet 6061 (Plant-Aurangabad)	25-Nov	1465	1236	13	1000	70	No
8806526280	Aluminum Alloy Sheet 6061 (Plant-Nagpur)	25-Nov	1591	1159	15	1000	70	No
8806526280	Aluminum Alloy Sheet 6061 (Plant-Mumbai)	25-Nov	2185	1537	12	1000	70	No
8806526280	Aluminum Alloy Sheet 6061 (Plant-Gujarat)	25-Nov	1070	837	13	1000	70	No
8806526280	Aluminum Alloy Sheet 6061 (Plant-Chennai)	25-Nov	2659	2801	17	1000	70	No
8806526280	Aluminum Alloy Sheet 6061 (Plant-Bengaluru)	25-Nov	1475	893	17	1000	70	No
8806526280	Aluminum Alloy Sheet 6061 (Plant-Pune)	25-Dec	3448	4072	13	1000	70	Yes
8806526280	Aluminum Alloy Sheet 6061 (Plant-Chakan)	25-Dec	3412	2710	13	1000	70	No
8806526280	Aluminum Alloy Sheet 6061 (Plant-Talegaon)	25-Dec	2325	2236	12	1000	70	No
8806526280	Aluminum Alloy Sheet 6061 (Plant-Nashik)	25-Dec	1849	1092	17	1000	70	No
8806526280	Aluminum Alloy Sheet 6061 (Plant-Aurangabad)	25-Dec	2042	1557	14	1000	70	No
8806526280	Aluminum Alloy Sheet 6061 (Plant-Nagpur)	25-Dec	1196	1407	14	1000	70	Yes
8806526280	Aluminum Alloy Sheet 6061 (Plant-Mumbai)	25-Dec	1171	1069	16	1000	70	No
8806526280	Aluminum Alloy Sheet 6061 (Plant-Gujarat)	25-Dec	1788	1820	14	1000	70	No
8806526280	Aluminum Alloy Sheet 6061 (Plant-Chennai)	25-Dec	1422	780	13	1000	70	No
8806526280	Aluminum Alloy Sheet 6061 (Plant-Bengaluru)	25-Dec	2290	1824	12	1000	70	No
8806526280	Aluminum Alloy Sheet 6061 (Plant-Pune)	26-Jan	901	552	12	1000	70	No
8806526280	Aluminum Alloy Sheet 6061 (Plant-Chakan)	26-Jan	3326	2311	17	1000	70	No
8806526280	Aluminum Alloy Sheet 6061 (Plant-Talegaon)	26-Jan	2575	1473	12	1000	70	No
8806526280	Aluminum Alloy Sheet 6061 (Plant-Nashik)	26-Jan	2587	2734	16	1000	70	No
8806526280	Aluminum Alloy Sheet 6061 (Plant-Aurangabad)	26-Jan	1730	1370	17	1000	70	No
8806526280	Aluminum Alloy Sheet 6061 (Plant-Nagpur)	26-Jan	2720	3239	15	1000	70	Yes
8806526280	Aluminum Alloy Sheet 6061 (Plant-Mumbai)	26-Jan	845	844	14	1000	70	No
8806526280	Aluminum Alloy Sheet 6061 (Plant-Gujarat)	26-Jan	1282	1235	12	1000	70	No
8806526280	Aluminum Alloy Sheet 6061 (Plant-Chennai)	26-Jan	2175	1415	16	1000	70	No
8806526280	Aluminum Alloy Sheet 6061 (Plant-Bengaluru)	26-Jan	828	890	12	1000	70	No
8806526280	Aluminum Alloy Sheet 6061 (Plant-Pune)	26-Feb	2638	1999	13	1000	70	No
8806526280	Aluminum Alloy Sheet 6061 (Plant-Chakan)	26-Feb	1294	983	12	1000	70	No
8806526280	Aluminum Alloy Sheet 6061 (Plant-Talegaon)	26-Feb	3409	1816	15	1000	70	No
8806526280	Aluminum Alloy Sheet 6061 (Plant-Nashik)	26-Feb	937	597	17	1000	70	No
8806526280	Aluminum Alloy Sheet 6061 (Plant-Aurangabad)	26-Feb	2087	1393	16	1000	70	No
8806526280	Aluminum Alloy Sheet 6061 (Plant-Nagpur)	26-Feb	3014	2109	12	1000	70	No
8806526280	Aluminum Alloy Sheet 6061 (Plant-Mumbai)	26-Feb	2433	2082	15	1000	70	No
8806526280	Aluminum Alloy Sheet 6061 (Plant-Gujarat)	26-Feb	2421	1441	14	1000	70	No
8806526280	Aluminum Alloy Sheet 6061 (Plant-Chennai)	26-Feb	2255	2210	12	1000	70	No
8806526280	Aluminum Alloy Sheet 6061 (Plant-Bengaluru)	26-Feb	2081	1339	12	1000	70	No
8806526280	Aluminum Alloy Sheet 6061 (Plant-Pune)	26-Mar	2365	2908	12	1000	70	Yes
8806526280	Aluminum Alloy Sheet 6061 (Plant-Chakan)	26-Mar	1531	1586	14	1000	70	No
8806526280	Aluminum Alloy Sheet 6061 (Plant-Talegaon)	26-Mar	1386	1114	16	1000	70	No
8806526280	Aluminum Alloy Sheet 6061 (Plant-Nashik)	26-Mar	1624	1374	15	1000	70	No
8806526280	Aluminum Alloy Sheet 6061 (Plant-Aurangabad)	26-Mar	2647	2406	12	1000	70	No
8806526280	Aluminum Alloy Sheet 6061 (Plant-Nagpur)	26-Mar	2875	3132	12	1000	70	Yes
8806526280	Aluminum Alloy Sheet 6061 (Plant-Mumbai)	26-Mar	2461	2164	17	1000	70	No
8806526280	Aluminum Alloy Sheet 6061 (Plant-Gujarat)	26-Mar	3385	2937	13	1000	70	No
8806526280	Aluminum Alloy Sheet 6061 (Plant-Chennai)	26-Mar	2760	2162	12	1000	70	No
8806526280	Aluminum Alloy Sheet 6061 (Plant-Bengaluru)	26-Mar	2710	3373	13	1000	70	Yes
8806526280	Aluminum Alloy Sheet 6061 (Plant-Pune)	26-Apr	1418	859	17	1000	70	No
8806526280	Aluminum Alloy Sheet 6061 (Plant-Chakan)	26-Apr	3023	2647	14	1000	70	No
8806526280	Aluminum Alloy Sheet 6061 (Plant-Talegaon)	26-Apr	2837	3523	12	1000	70	Yes
8806526280	Aluminum Alloy Sheet 6061 (Plant-Nashik)	26-Apr	1223	996	15	1000	70	No
8806526280	Aluminum Alloy Sheet 6061 (Plant-Aurangabad)	26-Apr	1971	1130	15	1000	70	No
8806526280	Aluminum Alloy Sheet 6061 (Plant-Nagpur)	26-Apr	1569	1797	12	1000	70	Yes
8806526280	Aluminum Alloy Sheet 6061 (Plant-Mumbai)	26-Apr	2342	2417	15	1000	70	No
8806526280	Aluminum Alloy Sheet 6061 (Plant-Gujarat)	26-Apr	877	840	16	1000	70	No
8806526280	Aluminum Alloy Sheet 6061 (Plant-Chennai)	26-Apr	1324	1372	17	1000	70	No
8806526280	Aluminum Alloy Sheet 6061 (Plant-Bengaluru)	26-Apr	2225	2726	17	1000	70	Yes
8806526280	Aluminum Alloy Sheet 6061 (Plant-Pune)	26-May	2625	2710	16	1000	70	No
8806526280	Aluminum Alloy Sheet 6061 (Plant-Chakan)	26-May	1547	1824	12	1000	70	Yes
8806526280	Aluminum Alloy Sheet 6061 (Plant-Talegaon)	26-May	3322	3019	17	1000	70	No
8806526280	Aluminum Alloy Sheet 6061 (Plant-Nashik)	26-May	1481	1183	15	1000	70	No
8806526280	Aluminum Alloy Sheet 6061 (Plant-Aurangabad)	26-May	2570	1896	17	1000	70	No
8806526280	Aluminum Alloy Sheet 6061 (Plant-Nagpur)	26-May	2269	1211	14	1000	70	No
8806526280	Aluminum Alloy Sheet 6061 (Plant-Mumbai)	26-May	3253	3464	12	1000	70	Yes
8806526280	Aluminum Alloy Sheet 6061 (Plant-Gujarat)	26-May	3038	3324	14	1000	70	Yes
8806526280	Aluminum Alloy Sheet 6061 (Plant-Chennai)	26-May	2906	2054	16	1000	70	No
8806526280	Aluminum Alloy Sheet 6061 (Plant-Bengaluru)	26-May	3281	3768	15	1000	70	Yes
8806526280	Aluminum Alloy Sheet 6061 (Plant-Pune)	26-Jun	1674	1857	14	1000	70	No
8806526280	Aluminum Alloy Sheet 6061 (Plant-Chakan)	26-Jun	2630	2991	15	1000	70	Yes
8806526280	Aluminum Alloy Sheet 6061 (Plant-Talegaon)	26-Jun	2227	2017	15	1000	70	No
8806526280	Aluminum Alloy Sheet 6061 (Plant-Nashik)	26-Jun	2881	2400	15	1000	70	No
8806526280	Aluminum Alloy Sheet 6061 (Plant-Aurangabad)	26-Jun	857	565	12	1000	70	No
8806526280	Aluminum Alloy Sheet 6061 (Plant-Nagpur)	26-Jun	1901	2210	17	1000	70	Yes
8806526280	Aluminum Alloy Sheet 6061 (Plant-Mumbai)	26-Jun	1744	1787	15	1000	70	No
8806526280	Aluminum Alloy Sheet 6061 (Plant-Gujarat)	26-Jun	2831	1600	14	1000	70	No
8806526280	Aluminum Alloy Sheet 6061 (Plant-Chennai)	26-Jun	2182	1608	15	1000	70	No
8806526280	Aluminum Alloy Sheet 6061 (Plant-Bengaluru)	26-Jun	2442	2302	16	1000	70	No
8806526281	Structural I-Beam ISMB 300 (Plant-Pune)	25-Jan	297	170	23	300	400	No
8806526281	Structural I-Beam ISMB 300 (Plant-Chakan)	25-Jan	937	860	24	300	400	No
8806526281	Structural I-Beam ISMB 300 (Plant-Talegaon)	25-Jan	722	472	25	300	400	No
8806526281	Structural I-Beam ISMB 300 (Plant-Nashik)	25-Jan	868	630	23	300	400	No
8806526281	Structural I-Beam ISMB 300 (Plant-Aurangabad)	25-Jan	474	357	27	300	400	No
8806526281	Structural I-Beam ISMB 300 (Plant-Nagpur)	25-Jan	467	554	25	300	400	Yes
8806526281	Structural I-Beam ISMB 300 (Plant-Mumbai)	25-Jan	637	364	23	300	400	No
8806526281	Structural I-Beam ISMB 300 (Plant-Gujarat)	25-Jan	254	190	25	300	400	No
8806526281	Structural I-Beam ISMB 300 (Plant-Chennai)	25-Jan	996	1046	25	300	400	No
8806526281	Structural I-Beam ISMB 300 (Plant-Bengaluru)	25-Jan	298	362	23	300	400	Yes
8806526281	Structural I-Beam ISMB 300 (Plant-Pune)	25-Feb	472	280	27	300	400	No
8806526281	Structural I-Beam ISMB 300 (Plant-Chakan)	25-Feb	500	355	25	300	400	No
8806526281	Structural I-Beam ISMB 300 (Plant-Talegaon)	25-Feb	459	357	23	300	400	No
8806526281	Structural I-Beam ISMB 300 (Plant-Nashik)	25-Feb	312	232	24	300	400	No
8806526281	Structural I-Beam ISMB 300 (Plant-Aurangabad)	25-Feb	585	376	26	300	400	No
8806526281	Structural I-Beam ISMB 300 (Plant-Nagpur)	25-Feb	549	416	28	300	400	No
8806526281	Structural I-Beam ISMB 300 (Plant-Mumbai)	25-Feb	253	246	25	300	400	No
8806526281	Structural I-Beam ISMB 300 (Plant-Gujarat)	25-Feb	1026	1262	23	300	400	Yes
8806526281	Structural I-Beam ISMB 300 (Plant-Chennai)	25-Feb	892	816	26	300	400	No
8806526281	Structural I-Beam ISMB 300 (Plant-Bengaluru)	25-Feb	1005	1013	24	300	400	No
8806526281	Structural I-Beam ISMB 300 (Plant-Pune)	25-Mar	596	670	25	300	400	Yes
8806526281	Structural I-Beam ISMB 300 (Plant-Chakan)	25-Mar	421	447	25	300	400	No
8806526281	Structural I-Beam ISMB 300 (Plant-Talegaon)	25-Mar	412	319	23	300	400	No
8806526281	Structural I-Beam ISMB 300 (Plant-Nashik)	25-Mar	814	463	25	300	400	No
8806526281	Structural I-Beam ISMB 300 (Plant-Aurangabad)	25-Mar	692	417	24	300	400	No
8806526281	Structural I-Beam ISMB 300 (Plant-Nagpur)	25-Mar	979	854	26	300	400	No
8806526281	Structural I-Beam ISMB 300 (Plant-Mumbai)	25-Mar	1048	964	23	300	400	No
8806526281	Structural I-Beam ISMB 300 (Plant-Gujarat)	25-Mar	651	619	27	300	400	No
8806526281	Structural I-Beam ISMB 300 (Plant-Chennai)	25-Mar	818	882	24	300	400	Yes
8806526281	Structural I-Beam ISMB 300 (Plant-Bengaluru)	25-Mar	287	250	28	300	400	No
8806526281	Structural I-Beam ISMB 300 (Plant-Pune)	25-Apr	486	378	26	300	400	No
8806526281	Structural I-Beam ISMB 300 (Plant-Chakan)	25-Apr	571	427	28	300	400	No
8806526281	Structural I-Beam ISMB 300 (Plant-Talegaon)	25-Apr	262	142	24	300	400	No
8806526281	Structural I-Beam ISMB 300 (Plant-Nashik)	25-Apr	520	610	26	300	400	Yes
8806526281	Structural I-Beam ISMB 300 (Plant-Aurangabad)	25-Apr	701	680	23	300	400	No
8806526281	Structural I-Beam ISMB 300 (Plant-Nagpur)	25-Apr	646	735	28	300	400	Yes
8806526281	Structural I-Beam ISMB 300 (Plant-Mumbai)	25-Apr	428	490	27	300	400	Yes
8806526281	Structural I-Beam ISMB 300 (Plant-Gujarat)	25-Apr	363	374	28	300	400	No
8806526281	Structural I-Beam ISMB 300 (Plant-Chennai)	25-Apr	877	841	28	300	400	No
8806526281	Structural I-Beam ISMB 300 (Plant-Bengaluru)	25-Apr	377	336	25	300	400	No
8806526281	Structural I-Beam ISMB 300 (Plant-Pune)	25-May	916	1121	26	300	400	Yes
8806526281	Structural I-Beam ISMB 300 (Plant-Chakan)	25-May	839	544	26	300	400	No
8806526281	Structural I-Beam ISMB 300 (Plant-Talegaon)	25-May	638	459	26	300	400	No
8806526281	Structural I-Beam ISMB 300 (Plant-Nashik)	25-May	409	293	24	300	400	No
8806526281	Structural I-Beam ISMB 300 (Plant-Aurangabad)	25-May	919	465	24	300	400	No
8806526281	Structural I-Beam ISMB 300 (Plant-Nagpur)	25-May	281	235	25	300	400	No
8806526281	Structural I-Beam ISMB 300 (Plant-Mumbai)	25-May	974	908	23	300	400	No
8806526281	Structural I-Beam ISMB 300 (Plant-Gujarat)	25-May	528	570	26	300	400	No
8806526281	Structural I-Beam ISMB 300 (Plant-Chennai)	25-May	623	575	25	300	400	No
8806526281	Structural I-Beam ISMB 300 (Plant-Bengaluru)	25-May	924	470	25	300	400	No
8806526281	Structural I-Beam ISMB 300 (Plant-Pune)	25-Jun	244	174	25	300	400	No
8806526281	Structural I-Beam ISMB 300 (Plant-Chakan)	25-Jun	617	651	23	300	400	No
8806526281	Structural I-Beam ISMB 300 (Plant-Talegaon)	25-Jun	545	555	26	300	400	No
8806526281	Structural I-Beam ISMB 300 (Plant-Nashik)	25-Jun	450	357	28	300	400	No
8806526281	Structural I-Beam ISMB 300 (Plant-Aurangabad)	25-Jun	1028	936	27	300	400	No
8806526281	Structural I-Beam ISMB 300 (Plant-Nagpur)	25-Jun	263	135	23	300	400	No
8806526281	Structural I-Beam ISMB 300 (Plant-Mumbai)	25-Jun	439	460	24	300	400	No
8806526281	Structural I-Beam ISMB 300 (Plant-Gujarat)	25-Jun	948	691	26	300	400	No
8806526281	Structural I-Beam ISMB 300 (Plant-Chennai)	25-Jun	764	589	23	300	400	No
8806526281	Structural I-Beam ISMB 300 (Plant-Bengaluru)	25-Jun	429	323	27	300	400	No
8806526281	Structural I-Beam ISMB 300 (Plant-Pune)	25-Jul	732	898	24	300	400	Yes
8806526281	Structural I-Beam ISMB 300 (Plant-Chakan)	25-Jul	352	371	27	300	400	No
8806526281	Structural I-Beam ISMB 300 (Plant-Talegaon)	25-Jul	1003	1134	27	300	400	Yes
8806526281	Structural I-Beam ISMB 300 (Plant-Nashik)	25-Jul	852	989	23	300	400	Yes
8806526281	Structural I-Beam ISMB 300 (Plant-Aurangabad)	25-Jul	396	323	28	300	400	No
8806526281	Structural I-Beam ISMB 300 (Plant-Nagpur)	25-Jul	258	159	23	300	400	No
8806526281	Structural I-Beam ISMB 300 (Plant-Mumbai)	25-Jul	422	294	27	300	400	No
8806526281	Structural I-Beam ISMB 300 (Plant-Gujarat)	25-Jul	750	451	26	300	400	No
8806526281	Structural I-Beam ISMB 300 (Plant-Chennai)	25-Jul	693	817	25	300	400	Yes
8806526281	Structural I-Beam ISMB 300 (Plant-Bengaluru)	25-Jul	735	660	25	300	400	No
8806526281	Structural I-Beam ISMB 300 (Plant-Pune)	25-Aug	488	506	27	300	400	No
8806526281	Structural I-Beam ISMB 300 (Plant-Chakan)	25-Aug	413	296	27	300	400	No
8806526281	Structural I-Beam ISMB 300 (Plant-Talegaon)	25-Aug	972	706	27	300	400	No
8806526281	Structural I-Beam ISMB 300 (Plant-Nashik)	25-Aug	799	723	28	300	400	No
8806526281	Structural I-Beam ISMB 300 (Plant-Aurangabad)	25-Aug	809	742	28	300	400	No
8806526281	Structural I-Beam ISMB 300 (Plant-Nagpur)	25-Aug	869	613	23	300	400	No
8806526281	Structural I-Beam ISMB 300 (Plant-Mumbai)	25-Aug	902	732	25	300	400	No
8806526281	Structural I-Beam ISMB 300 (Plant-Gujarat)	25-Aug	827	727	24	300	400	No
8806526281	Structural I-Beam ISMB 300 (Plant-Chennai)	25-Aug	787	572	27	300	400	No
8806526281	Structural I-Beam ISMB 300 (Plant-Bengaluru)	25-Aug	990	542	28	300	400	No
8806526281	Structural I-Beam ISMB 300 (Plant-Pune)	25-Sep	854	996	28	300	400	Yes
8806526281	Structural I-Beam ISMB 300 (Plant-Chakan)	25-Sep	596	353	24	300	400	No
8806526281	Structural I-Beam ISMB 300 (Plant-Talegaon)	25-Sep	818	954	27	300	400	Yes
8806526281	Structural I-Beam ISMB 300 (Plant-Nashik)	25-Sep	344	382	26	300	400	No
8806526281	Structural I-Beam ISMB 300 (Plant-Aurangabad)	25-Sep	661	739	28	300	400	Yes
8806526281	Structural I-Beam ISMB 300 (Plant-Nagpur)	25-Sep	373	190	28	300	400	No
8806526281	Structural I-Beam ISMB 300 (Plant-Mumbai)	25-Sep	1009	951	25	300	400	No
8806526281	Structural I-Beam ISMB 300 (Plant-Gujarat)	25-Sep	940	475	26	300	400	No
8806526281	Structural I-Beam ISMB 300 (Plant-Chennai)	25-Sep	453	297	24	300	400	No
8806526281	Structural I-Beam ISMB 300 (Plant-Bengaluru)	25-Sep	324	334	23	300	400	No
8806526281	Structural I-Beam ISMB 300 (Plant-Pune)	25-Oct	786	531	25	300	400	No
8806526281	Structural I-Beam ISMB 300 (Plant-Chakan)	25-Oct	797	513	23	300	400	No
8806526281	Structural I-Beam ISMB 300 (Plant-Talegaon)	25-Oct	769	432	26	300	400	No
8806526281	Structural I-Beam ISMB 300 (Plant-Nashik)	25-Oct	606	556	28	300	400	No
8806526281	Structural I-Beam ISMB 300 (Plant-Aurangabad)	25-Oct	904	581	28	300	400	No
8806526281	Structural I-Beam ISMB 300 (Plant-Nagpur)	25-Oct	538	643	26	300	400	Yes
8806526281	Structural I-Beam ISMB 300 (Plant-Mumbai)	25-Oct	693	833	23	300	400	Yes
8806526281	Structural I-Beam ISMB 300 (Plant-Gujarat)	25-Oct	286	244	27	300	400	No
8806526281	Structural I-Beam ISMB 300 (Plant-Chennai)	25-Oct	719	768	27	300	400	No
8806526281	Structural I-Beam ISMB 300 (Plant-Bengaluru)	25-Oct	957	678	27	300	400	No
8806526281	Structural I-Beam ISMB 300 (Plant-Pune)	25-Nov	337	401	27	300	400	Yes
8806526281	Structural I-Beam ISMB 300 (Plant-Chakan)	25-Nov	641	583	24	300	400	No
8806526281	Structural I-Beam ISMB 300 (Plant-Talegaon)	25-Nov	897	742	25	300	400	No
8806526281	Structural I-Beam ISMB 300 (Plant-Nashik)	25-Nov	893	688	24	300	400	No
8806526281	Structural I-Beam ISMB 300 (Plant-Aurangabad)	25-Nov	448	355	23	300	400	No
8806526281	Structural I-Beam ISMB 300 (Plant-Nagpur)	25-Nov	245	162	23	300	400	No
8806526281	Structural I-Beam ISMB 300 (Plant-Mumbai)	25-Nov	954	513	27	300	400	No
8806526281	Structural I-Beam ISMB 300 (Plant-Gujarat)	25-Nov	757	662	27	300	400	No
8806526281	Structural I-Beam ISMB 300 (Plant-Chennai)	25-Nov	961	1032	25	300	400	Yes
8806526281	Structural I-Beam ISMB 300 (Plant-Bengaluru)	25-Nov	944	897	25	300	400	No
8806526281	Structural I-Beam ISMB 300 (Plant-Pune)	25-Dec	912	841	27	300	400	No
8806526281	Structural I-Beam ISMB 300 (Plant-Chakan)	25-Dec	619	741	27	300	400	Yes
8806526281	Structural I-Beam ISMB 300 (Plant-Talegaon)	25-Dec	667	387	24	300	400	No
8806526281	Structural I-Beam ISMB 300 (Plant-Nashik)	25-Dec	397	310	24	300	400	No
8806526281	Structural I-Beam ISMB 300 (Plant-Aurangabad)	25-Dec	790	650	26	300	400	No
8806526281	Structural I-Beam ISMB 300 (Plant-Nagpur)	25-Dec	791	973	28	300	400	Yes
8806526281	Structural I-Beam ISMB 300 (Plant-Mumbai)	25-Dec	1046	1307	25	300	400	Yes
8806526281	Structural I-Beam ISMB 300 (Plant-Gujarat)	25-Dec	254	253	24	300	400	No
8806526281	Structural I-Beam ISMB 300 (Plant-Chennai)	25-Dec	390	481	23	300	400	Yes
8806526281	Structural I-Beam ISMB 300 (Plant-Bengaluru)	25-Dec	626	688	27	300	400	Yes
8806526281	Structural I-Beam ISMB 300 (Plant-Pune)	26-Jan	911	459	28	300	400	No
8806526281	Structural I-Beam ISMB 300 (Plant-Chakan)	26-Jan	876	642	27	300	400	No
8806526281	Structural I-Beam ISMB 300 (Plant-Talegaon)	26-Jan	999	1162	23	300	400	Yes
8806526281	Structural I-Beam ISMB 300 (Plant-Nashik)	26-Jan	574	462	24	300	400	No
8806526281	Structural I-Beam ISMB 300 (Plant-Aurangabad)	26-Jan	910	922	24	300	400	No
8806526281	Structural I-Beam ISMB 300 (Plant-Nagpur)	26-Jan	746	857	27	300	400	Yes
8806526281	Structural I-Beam ISMB 300 (Plant-Mumbai)	26-Jan	669	434	28	300	400	No
8806526281	Structural I-Beam ISMB 300 (Plant-Gujarat)	26-Jan	714	763	25	300	400	No
8806526281	Structural I-Beam ISMB 300 (Plant-Chennai)	26-Jan	284	330	26	300	400	No
8806526281	Structural I-Beam ISMB 300 (Plant-Bengaluru)	26-Jan	543	522	24	300	400	No
8806526281	Structural I-Beam ISMB 300 (Plant-Pune)	26-Feb	777	758	26	300	400	No
8806526281	Structural I-Beam ISMB 300 (Plant-Chakan)	26-Feb	309	254	26	300	400	No
8806526281	Structural I-Beam ISMB 300 (Plant-Talegaon)	26-Feb	841	983	25	300	400	Yes
8806526281	Structural I-Beam ISMB 300 (Plant-Nashik)	26-Feb	680	709	27	300	400	No
8806526281	Structural I-Beam ISMB 300 (Plant-Aurangabad)	26-Feb	519	473	27	300	400	No
8806526281	Structural I-Beam ISMB 300 (Plant-Nagpur)	26-Feb	584	364	25	300	400	No
8806526281	Structural I-Beam ISMB 300 (Plant-Mumbai)	26-Feb	545	288	28	300	400	No
8806526281	Structural I-Beam ISMB 300 (Plant-Gujarat)	26-Feb	492	611	27	300	400	Yes
8806526281	Structural I-Beam ISMB 300 (Plant-Chennai)	26-Feb	251	244	27	300	400	No
8806526281	Structural I-Beam ISMB 300 (Plant-Bengaluru)	26-Feb	766	773	24	300	400	No
8806526281	Structural I-Beam ISMB 300 (Plant-Pune)	26-Mar	754	489	26	300	400	No
8806526281	Structural I-Beam ISMB 300 (Plant-Chakan)	26-Mar	683	702	23	300	400	No
8806526281	Structural I-Beam ISMB 300 (Plant-Talegaon)	26-Mar	661	417	28	300	400	No
8806526281	Structural I-Beam ISMB 300 (Plant-Nashik)	26-Mar	505	524	28	300	400	No
8806526281	Structural I-Beam ISMB 300 (Plant-Aurangabad)	26-Mar	1000	735	27	300	400	No
8806526281	Structural I-Beam ISMB 300 (Plant-Nagpur)	26-Mar	661	629	26	300	400	No
8806526281	Structural I-Beam ISMB 300 (Plant-Mumbai)	26-Mar	339	384	25	300	400	No
8806526281	Structural I-Beam ISMB 300 (Plant-Gujarat)	26-Mar	933	1061	25	300	400	Yes
8806526281	Structural I-Beam ISMB 300 (Plant-Chennai)	26-Mar	887	546	23	300	400	No
8806526281	Structural I-Beam ISMB 300 (Plant-Bengaluru)	26-Mar	412	349	24	300	400	No
8806526281	Structural I-Beam ISMB 300 (Plant-Pune)	26-Apr	788	725	26	300	400	No
8806526281	Structural I-Beam ISMB 300 (Plant-Chakan)	26-Apr	538	560	27	300	400	No
8806526281	Structural I-Beam ISMB 300 (Plant-Talegaon)	26-Apr	249	227	23	300	400	No
8806526281	Structural I-Beam ISMB 300 (Plant-Nashik)	26-Apr	637	324	26	300	400	No
8806526281	Structural I-Beam ISMB 300 (Plant-Aurangabad)	26-Apr	454	420	24	300	400	No
8806526281	Structural I-Beam ISMB 300 (Plant-Nagpur)	26-Apr	754	803	25	300	400	No
8806526281	Structural I-Beam ISMB 300 (Plant-Mumbai)	26-Apr	323	255	25	300	400	No
8806526281	Structural I-Beam ISMB 300 (Plant-Gujarat)	26-Apr	721	817	27	300	400	Yes
8806526281	Structural I-Beam ISMB 300 (Plant-Chennai)	26-Apr	595	453	25	300	400	No
8806526281	Structural I-Beam ISMB 300 (Plant-Bengaluru)	26-Apr	909	656	28	300	400	No
8806526281	Structural I-Beam ISMB 300 (Plant-Pune)	26-May	751	456	28	300	400	No
8806526281	Structural I-Beam ISMB 300 (Plant-Chakan)	26-May	523	348	23	300	400	No
8806526281	Structural I-Beam ISMB 300 (Plant-Talegaon)	26-May	928	571	23	300	400	No
8806526281	Structural I-Beam ISMB 300 (Plant-Nashik)	26-May	965	671	27	300	400	No
8806526281	Structural I-Beam ISMB 300 (Plant-Aurangabad)	26-May	533	298	26	300	400	No
8806526281	Structural I-Beam ISMB 300 (Plant-Nagpur)	26-May	776	726	26	300	400	No
8806526281	Structural I-Beam ISMB 300 (Plant-Mumbai)	26-May	269	248	28	300	400	No
8806526281	Structural I-Beam ISMB 300 (Plant-Gujarat)	26-May	1011	748	23	300	400	No
8806526281	Structural I-Beam ISMB 300 (Plant-Chennai)	26-May	667	371	23	300	400	No
8806526281	Structural I-Beam ISMB 300 (Plant-Bengaluru)	26-May	681	450	24	300	400	No
8806526281	Structural I-Beam ISMB 300 (Plant-Pune)	26-Jun	710	707	26	300	400	No
8806526281	Structural I-Beam ISMB 300 (Plant-Chakan)	26-Jun	289	273	24	300	400	No
8806526281	Structural I-Beam ISMB 300 (Plant-Talegaon)	26-Jun	820	543	23	300	400	No
8806526281	Structural I-Beam ISMB 300 (Plant-Nashik)	26-Jun	242	264	25	300	400	No
8806526281	Structural I-Beam ISMB 300 (Plant-Aurangabad)	26-Jun	328	207	27	300	400	No
8806526281	Structural I-Beam ISMB 300 (Plant-Nagpur)	26-Jun	887	991	23	300	400	Yes
8806526281	Structural I-Beam ISMB 300 (Plant-Mumbai)	26-Jun	1039	664	26	300	400	No
8806526281	Structural I-Beam ISMB 300 (Plant-Gujarat)	26-Jun	1048	1038	28	300	400	No
8806526281	Structural I-Beam ISMB 300 (Plant-Chennai)	26-Jun	628	615	25	300	400	No
8806526281	Structural I-Beam ISMB 300 (Plant-Bengaluru)	26-Jun	462	334	25	300	400	No
8806526282	High Pressure Rubber Hose (Plant-Pune)	25-Jan	3281	2738	14	1500	18	No
8806526282	High Pressure Rubber Hose (Plant-Chakan)	25-Jan	5038	5600	11	1500	18	Yes
8806526282	High Pressure Rubber Hose (Plant-Talegaon)	25-Jan	2329	1930	12	1500	18	No
8806526282	High Pressure Rubber Hose (Plant-Nashik)	25-Jan	1971	1450	10	1500	18	No
8806526282	High Pressure Rubber Hose (Plant-Aurangabad)	25-Jan	3242	3811	10	1500	18	Yes
8806526282	High Pressure Rubber Hose (Plant-Nagpur)	25-Jan	4488	3221	11	1500	18	No
8806526282	High Pressure Rubber Hose (Plant-Mumbai)	25-Jan	2138	2037	14	1500	18	No
8806526282	High Pressure Rubber Hose (Plant-Gujarat)	25-Jan	3452	2045	14	1500	18	No
8806526282	High Pressure Rubber Hose (Plant-Chennai)	25-Jan	4794	4771	14	1500	18	No
8806526282	High Pressure Rubber Hose (Plant-Bengaluru)	25-Jan	2173	1939	15	1500	18	No
8806526282	High Pressure Rubber Hose (Plant-Pune)	25-Feb	4387	3612	10	1500	18	No
8806526282	High Pressure Rubber Hose (Plant-Chakan)	25-Feb	4008	3464	11	1500	18	No
8806526282	High Pressure Rubber Hose (Plant-Talegaon)	25-Feb	1463	1386	11	1500	18	No
8806526282	High Pressure Rubber Hose (Plant-Nashik)	25-Feb	3192	1648	14	1500	18	No
8806526282	High Pressure Rubber Hose (Plant-Aurangabad)	25-Feb	1438	1011	12	1500	18	No
8806526282	High Pressure Rubber Hose (Plant-Nagpur)	25-Feb	1300	1474	15	1500	18	No
8806526282	High Pressure Rubber Hose (Plant-Mumbai)	25-Feb	1886	1475	15	1500	18	No
8806526282	High Pressure Rubber Hose (Plant-Gujarat)	25-Feb	4850	4249	10	1500	18	No
8806526282	High Pressure Rubber Hose (Plant-Chennai)	25-Feb	3395	2076	12	1500	18	No
8806526282	High Pressure Rubber Hose (Plant-Bengaluru)	25-Feb	1893	1239	14	1500	18	No
8806526282	High Pressure Rubber Hose (Plant-Pune)	25-Mar	2927	3427	11	1500	18	Yes
8806526282	High Pressure Rubber Hose (Plant-Chakan)	25-Mar	4439	2267	13	1500	18	No
8806526282	High Pressure Rubber Hose (Plant-Talegaon)	25-Mar	4143	3936	13	1500	18	No
8806526282	High Pressure Rubber Hose (Plant-Nashik)	25-Mar	2765	2762	10	1500	18	No
8806526282	High Pressure Rubber Hose (Plant-Aurangabad)	25-Mar	4470	5295	12	1500	18	Yes
8806526282	High Pressure Rubber Hose (Plant-Nagpur)	25-Mar	3041	3379	13	1500	18	Yes
8806526282	High Pressure Rubber Hose (Plant-Mumbai)	25-Mar	2481	1360	13	1500	18	No
8806526282	High Pressure Rubber Hose (Plant-Gujarat)	25-Mar	2055	1076	14	1500	18	No
8806526282	High Pressure Rubber Hose (Plant-Chennai)	25-Mar	1327	1196	13	1500	18	No
8806526282	High Pressure Rubber Hose (Plant-Bengaluru)	25-Mar	2495	2390	10	1500	18	No
8806526282	High Pressure Rubber Hose (Plant-Pune)	25-Apr	3812	3926	10	1500	18	No
8806526282	High Pressure Rubber Hose (Plant-Chakan)	25-Apr	2684	2001	15	1500	18	No
8806526282	High Pressure Rubber Hose (Plant-Talegaon)	25-Apr	4029	4472	10	1500	18	Yes
8806526282	High Pressure Rubber Hose (Plant-Nashik)	25-Apr	3207	2113	15	1500	18	No
8806526282	High Pressure Rubber Hose (Plant-Aurangabad)	25-Apr	2885	2586	12	1500	18	No
8806526282	High Pressure Rubber Hose (Plant-Nagpur)	25-Apr	3123	3681	11	1500	18	Yes
8806526282	High Pressure Rubber Hose (Plant-Mumbai)	25-Apr	3696	3070	13	1500	18	No
8806526282	High Pressure Rubber Hose (Plant-Gujarat)	25-Apr	4220	4550	11	1500	18	Yes
8806526282	High Pressure Rubber Hose (Plant-Chennai)	25-Apr	2669	2156	12	1500	18	No
8806526282	High Pressure Rubber Hose (Plant-Bengaluru)	25-Apr	4191	5214	14	1500	18	Yes
8806526282	High Pressure Rubber Hose (Plant-Pune)	25-May	3709	3994	15	1500	18	No
8806526282	High Pressure Rubber Hose (Plant-Chakan)	25-May	1824	1006	15	1500	18	No
8806526282	High Pressure Rubber Hose (Plant-Talegaon)	25-May	4406	3772	11	1500	18	No
8806526282	High Pressure Rubber Hose (Plant-Nashik)	25-May	2257	2626	10	1500	18	Yes
8806526282	High Pressure Rubber Hose (Plant-Aurangabad)	25-May	1907	1647	11	1500	18	No
8806526282	High Pressure Rubber Hose (Plant-Nagpur)	25-May	4851	4316	13	1500	18	No
8806526282	High Pressure Rubber Hose (Plant-Mumbai)	25-May	1751	1196	12	1500	18	No
8806526282	High Pressure Rubber Hose (Plant-Gujarat)	25-May	2314	1458	11	1500	18	No
8806526282	High Pressure Rubber Hose (Plant-Chennai)	25-May	2631	2097	14	1500	18	No
8806526282	High Pressure Rubber Hose (Plant-Bengaluru)	25-May	4308	2677	13	1500	18	No
8806526282	High Pressure Rubber Hose (Plant-Pune)	25-Jun	1647	891	12	1500	18	No
8806526282	High Pressure Rubber Hose (Plant-Chakan)	25-Jun	2792	2557	14	1500	18	No
8806526282	High Pressure Rubber Hose (Plant-Talegaon)	25-Jun	2636	2802	10	1500	18	No
8806526282	High Pressure Rubber Hose (Plant-Nashik)	25-Jun	2054	2324	12	1500	18	No
8806526282	High Pressure Rubber Hose (Plant-Aurangabad)	25-Jun	4321	2532	13	1500	18	No
8806526282	High Pressure Rubber Hose (Plant-Nagpur)	25-Jun	2462	2208	12	1500	18	No
8806526282	High Pressure Rubber Hose (Plant-Mumbai)	25-Jun	4296	5031	10	1500	18	Yes
8806526282	High Pressure Rubber Hose (Plant-Gujarat)	25-Jun	3105	2417	12	1500	18	No
8806526282	High Pressure Rubber Hose (Plant-Chennai)	25-Jun	3402	2512	14	1500	18	No
8806526282	High Pressure Rubber Hose (Plant-Bengaluru)	25-Jun	4641	5279	11	1500	18	Yes
8806526282	High Pressure Rubber Hose (Plant-Pune)	25-Jul	4247	3839	13	1500	18	No
8806526282	High Pressure Rubber Hose (Plant-Chakan)	25-Jul	1555	1688	15	1500	18	No
8806526282	High Pressure Rubber Hose (Plant-Talegaon)	25-Jul	2679	2094	13	1500	18	No
8806526282	High Pressure Rubber Hose (Plant-Nashik)	25-Jul	4868	2969	12	1500	18	No
8806526282	High Pressure Rubber Hose (Plant-Aurangabad)	25-Jul	5132	3410	10	1500	18	No
8806526282	High Pressure Rubber Hose (Plant-Nagpur)	25-Jul	3100	3200	12	1500	18	No
8806526282	High Pressure Rubber Hose (Plant-Mumbai)	25-Jul	5205	3485	12	1500	18	No
8806526282	High Pressure Rubber Hose (Plant-Gujarat)	25-Jul	3949	3752	15	1500	18	No
8806526282	High Pressure Rubber Hose (Plant-Chennai)	25-Jul	1747	1944	13	1500	18	No
8806526282	High Pressure Rubber Hose (Plant-Bengaluru)	25-Jul	3328	2366	15	1500	18	No
8806526282	High Pressure Rubber Hose (Plant-Pune)	25-Aug	3659	3661	10	1500	18	No
8806526282	High Pressure Rubber Hose (Plant-Chakan)	25-Aug	2366	2624	15	1500	18	No
8806526282	High Pressure Rubber Hose (Plant-Talegaon)	25-Aug	3807	3745	10	1500	18	No
8806526282	High Pressure Rubber Hose (Plant-Nashik)	25-Aug	4972	5659	13	1500	18	Yes
8806526282	High Pressure Rubber Hose (Plant-Aurangabad)	25-Aug	3544	2144	12	1500	18	No
8806526282	High Pressure Rubber Hose (Plant-Nagpur)	25-Aug	2229	1383	11	1500	18	No
8806526282	High Pressure Rubber Hose (Plant-Mumbai)	25-Aug	1207	1215	10	1500	18	No
8806526282	High Pressure Rubber Hose (Plant-Gujarat)	25-Aug	3651	4525	10	1500	18	Yes
8806526282	High Pressure Rubber Hose (Plant-Chennai)	25-Aug	1212	757	13	1500	18	No
8806526282	High Pressure Rubber Hose (Plant-Bengaluru)	25-Aug	1449	918	12	1500	18	No
8806526282	High Pressure Rubber Hose (Plant-Pune)	25-Sep	1801	1093	12	1500	18	No
8806526282	High Pressure Rubber Hose (Plant-Chakan)	25-Sep	3034	3400	12	1500	18	Yes
8806526282	High Pressure Rubber Hose (Plant-Talegaon)	25-Sep	1444	1664	11	1500	18	No
8806526282	High Pressure Rubber Hose (Plant-Nashik)	25-Sep	2760	2082	15	1500	18	No
8806526282	High Pressure Rubber Hose (Plant-Aurangabad)	25-Sep	3924	2103	12	1500	18	No
8806526282	High Pressure Rubber Hose (Plant-Nagpur)	25-Sep	2945	1711	12	1500	18	No
8806526282	High Pressure Rubber Hose (Plant-Mumbai)	25-Sep	3132	3077	13	1500	18	No
8806526282	High Pressure Rubber Hose (Plant-Gujarat)	25-Sep	3250	2609	15	1500	18	No
8806526282	High Pressure Rubber Hose (Plant-Chennai)	25-Sep	2529	1781	10	1500	18	No
8806526282	High Pressure Rubber Hose (Plant-Bengaluru)	25-Sep	3383	3783	14	1500	18	Yes
8806526282	High Pressure Rubber Hose (Plant-Pune)	25-Oct	4280	3271	10	1500	18	No
8806526282	High Pressure Rubber Hose (Plant-Chakan)	25-Oct	1946	1843	13	1500	18	No
8806526282	High Pressure Rubber Hose (Plant-Talegaon)	25-Oct	4593	3916	14	1500	18	No
8806526282	High Pressure Rubber Hose (Plant-Nashik)	25-Oct	4676	5379	12	1500	18	Yes
8806526282	High Pressure Rubber Hose (Plant-Aurangabad)	25-Oct	2464	1567	11	1500	18	No
8806526282	High Pressure Rubber Hose (Plant-Nagpur)	25-Oct	3104	3514	15	1500	18	Yes
8806526282	High Pressure Rubber Hose (Plant-Mumbai)	25-Oct	1867	1402	11	1500	18	No
8806526282	High Pressure Rubber Hose (Plant-Gujarat)	25-Oct	2182	2062	15	1500	18	No
8806526282	High Pressure Rubber Hose (Plant-Chennai)	25-Oct	4546	3862	12	1500	18	No
8806526282	High Pressure Rubber Hose (Plant-Bengaluru)	25-Oct	2595	1450	14	1500	18	No
8806526282	High Pressure Rubber Hose (Plant-Pune)	25-Nov	1508	1188	12	1500	18	No
8806526282	High Pressure Rubber Hose (Plant-Chakan)	25-Nov	3758	3962	14	1500	18	No
8806526282	High Pressure Rubber Hose (Plant-Talegaon)	25-Nov	3130	2817	12	1500	18	No
8806526282	High Pressure Rubber Hose (Plant-Nashik)	25-Nov	1641	1424	14	1500	18	No
8806526282	High Pressure Rubber Hose (Plant-Aurangabad)	25-Nov	1323	1303	10	1500	18	No
8806526282	High Pressure Rubber Hose (Plant-Nagpur)	25-Nov	5073	4662	15	1500	18	No
8806526282	High Pressure Rubber Hose (Plant-Mumbai)	25-Nov	2824	2504	10	1500	18	No
8806526282	High Pressure Rubber Hose (Plant-Gujarat)	25-Nov	5044	4017	14	1500	18	No
8806526282	High Pressure Rubber Hose (Plant-Chennai)	25-Nov	3772	3136	10	1500	18	No
8806526282	High Pressure Rubber Hose (Plant-Bengaluru)	25-Nov	2733	2960	10	1500	18	No
8806526282	High Pressure Rubber Hose (Plant-Pune)	25-Dec	3987	3152	14	1500	18	No
8806526282	High Pressure Rubber Hose (Plant-Chakan)	25-Dec	4218	2528	15	1500	18	No
8806526282	High Pressure Rubber Hose (Plant-Talegaon)	25-Dec	2766	2671	13	1500	18	No
8806526282	High Pressure Rubber Hose (Plant-Nashik)	25-Dec	2668	2861	15	1500	18	No
8806526282	High Pressure Rubber Hose (Plant-Aurangabad)	25-Dec	3594	3421	10	1500	18	No
8806526282	High Pressure Rubber Hose (Plant-Nagpur)	25-Dec	4210	3703	13	1500	18	No
8806526282	High Pressure Rubber Hose (Plant-Mumbai)	25-Dec	1911	2241	13	1500	18	Yes
8806526282	High Pressure Rubber Hose (Plant-Gujarat)	25-Dec	2537	1867	11	1500	18	No
8806526282	High Pressure Rubber Hose (Plant-Chennai)	25-Dec	3077	1811	15	1500	18	No
8806526282	High Pressure Rubber Hose (Plant-Bengaluru)	25-Dec	3951	3121	15	1500	18	No
8806526282	High Pressure Rubber Hose (Plant-Pune)	26-Jan	4956	2659	10	1500	18	No
8806526282	High Pressure Rubber Hose (Plant-Chakan)	26-Jan	4444	3931	11	1500	18	No
8806526282	High Pressure Rubber Hose (Plant-Talegaon)	26-Jan	4249	5153	13	1500	18	Yes
8806526282	High Pressure Rubber Hose (Plant-Nashik)	26-Jan	3821	3245	15	1500	18	No
8806526282	High Pressure Rubber Hose (Plant-Aurangabad)	26-Jan	1492	1468	10	1500	18	No
8806526282	High Pressure Rubber Hose (Plant-Nagpur)	26-Jan	3884	4418	10	1500	18	Yes
8806526282	High Pressure Rubber Hose (Plant-Mumbai)	26-Jan	2196	1762	11	1500	18	No
8806526282	High Pressure Rubber Hose (Plant-Gujarat)	26-Jan	3109	2381	10	1500	18	No
8806526282	High Pressure Rubber Hose (Plant-Chennai)	26-Jan	4614	4423	15	1500	18	No
8806526282	High Pressure Rubber Hose (Plant-Bengaluru)	26-Jan	1881	2237	11	1500	18	Yes
8806526282	High Pressure Rubber Hose (Plant-Pune)	26-Feb	1868	1621	14	1500	18	No
8806526282	High Pressure Rubber Hose (Plant-Chakan)	26-Feb	4388	2319	13	1500	18	No
8806526282	High Pressure Rubber Hose (Plant-Talegaon)	26-Feb	2583	2245	10	1500	18	No
8806526282	High Pressure Rubber Hose (Plant-Nashik)	26-Feb	4197	4855	10	1500	18	Yes
8806526282	High Pressure Rubber Hose (Plant-Aurangabad)	26-Feb	3420	3930	12	1500	18	Yes
8806526282	High Pressure Rubber Hose (Plant-Nagpur)	26-Feb	4719	3667	14	1500	18	No
8806526282	High Pressure Rubber Hose (Plant-Mumbai)	26-Feb	5194	6136	11	1500	18	Yes
8806526282	High Pressure Rubber Hose (Plant-Gujarat)	26-Feb	4657	3443	14	1500	18	No
8806526282	High Pressure Rubber Hose (Plant-Chennai)	26-Feb	2584	3220	15	1500	18	Yes
8806526282	High Pressure Rubber Hose (Plant-Bengaluru)	26-Feb	4650	4101	12	1500	18	No
8806526282	High Pressure Rubber Hose (Plant-Pune)	26-Mar	1249	1023	10	1500	18	No
8806526282	High Pressure Rubber Hose (Plant-Chakan)	26-Mar	1704	2043	12	1500	18	Yes
8806526282	High Pressure Rubber Hose (Plant-Talegaon)	26-Mar	4617	5052	11	1500	18	Yes
8806526282	High Pressure Rubber Hose (Plant-Nashik)	26-Mar	1726	2117	11	1500	18	Yes
8806526282	High Pressure Rubber Hose (Plant-Aurangabad)	26-Mar	2779	2599	15	1500	18	No
8806526282	High Pressure Rubber Hose (Plant-Nagpur)	26-Mar	3325	3706	15	1500	18	Yes
8806526282	High Pressure Rubber Hose (Plant-Mumbai)	26-Mar	2678	2660	15	1500	18	No
8806526282	High Pressure Rubber Hose (Plant-Gujarat)	26-Mar	3323	2879	15	1500	18	No
8806526282	High Pressure Rubber Hose (Plant-Chennai)	26-Mar	1456	1042	13	1500	18	No
8806526282	High Pressure Rubber Hose (Plant-Bengaluru)	26-Mar	2036	1298	12	1500	18	No
8806526282	High Pressure Rubber Hose (Plant-Pune)	26-Apr	3946	3586	12	1500	18	No
8806526282	High Pressure Rubber Hose (Plant-Chakan)	26-Apr	3367	2109	13	1500	18	No
8806526282	High Pressure Rubber Hose (Plant-Talegaon)	26-Apr	2277	2188	12	1500	18	No
8806526282	High Pressure Rubber Hose (Plant-Nashik)	26-Apr	3701	3791	11	1500	18	No
8806526282	High Pressure Rubber Hose (Plant-Aurangabad)	26-Apr	1746	2062	12	1500	18	Yes
8806526282	High Pressure Rubber Hose (Plant-Nagpur)	26-Apr	3088	1622	10	1500	18	No
8806526282	High Pressure Rubber Hose (Plant-Mumbai)	26-Apr	4508	4800	15	1500	18	No
8806526282	High Pressure Rubber Hose (Plant-Gujarat)	26-Apr	2064	1934	12	1500	18	No
8806526282	High Pressure Rubber Hose (Plant-Chennai)	26-Apr	4874	5930	13	1500	18	Yes
8806526282	High Pressure Rubber Hose (Plant-Bengaluru)	26-Apr	1354	1491	13	1500	18	No
8806526282	High Pressure Rubber Hose (Plant-Pune)	26-May	4349	4688	13	1500	18	Yes
8806526282	High Pressure Rubber Hose (Plant-Chakan)	26-May	1905	2242	15	1500	18	Yes
8806526282	High Pressure Rubber Hose (Plant-Talegaon)	26-May	1388	752	15	1500	18	No
8806526282	High Pressure Rubber Hose (Plant-Nashik)	26-May	1321	1079	13	1500	18	No
8806526282	High Pressure Rubber Hose (Plant-Aurangabad)	26-May	2129	2126	15	1500	18	No
8806526282	High Pressure Rubber Hose (Plant-Nagpur)	26-May	4373	4211	11	1500	18	No
8806526282	High Pressure Rubber Hose (Plant-Mumbai)	26-May	1809	994	13	1500	18	No
8806526282	High Pressure Rubber Hose (Plant-Gujarat)	26-May	5206	4059	11	1500	18	No
8806526282	High Pressure Rubber Hose (Plant-Chennai)	26-May	3211	2422	14	1500	18	No
8806526282	High Pressure Rubber Hose (Plant-Bengaluru)	26-May	2033	1728	15	1500	18	No
8806526282	High Pressure Rubber Hose (Plant-Pune)	26-Jun	4210	4290	14	1500	18	No
8806526282	High Pressure Rubber Hose (Plant-Chakan)	26-Jun	3733	2962	13	1500	18	No
8806526282	High Pressure Rubber Hose (Plant-Talegaon)	26-Jun	1552	1367	10	1500	18	No
8806526282	High Pressure Rubber Hose (Plant-Nashik)	26-Jun	4100	3806	11	1500	18	No
8806526282	High Pressure Rubber Hose (Plant-Aurangabad)	26-Jun	3658	3246	10	1500	18	No
8806526282	High Pressure Rubber Hose (Plant-Nagpur)	26-Jun	3383	1875	11	1500	18	No
8806526282	High Pressure Rubber Hose (Plant-Mumbai)	26-Jun	2418	2463	11	1500	18	No
8806526282	High Pressure Rubber Hose (Plant-Gujarat)	26-Jun	2320	2503	13	1500	18	No
8806526282	High Pressure Rubber Hose (Plant-Chennai)	26-Jun	1279	1589	10	1500	18	Yes
8806526282	High Pressure Rubber Hose (Plant-Bengaluru)	26-Jun	4385	3950	15	1500	18	No
8806526283	Pneumatic Cylinder 50mm (Plant-Pune)	25-Jan	837	772	22	350	90	No
8806526283	Pneumatic Cylinder 50mm (Plant-Chakan)	25-Jan	666	617	23	350	90	No
8806526283	Pneumatic Cylinder 50mm (Plant-Talegaon)	25-Jan	1149	739	18	350	90	No
8806526283	Pneumatic Cylinder 50mm (Plant-Nashik)	25-Jan	1063	1254	19	350	90	Yes
8806526283	Pneumatic Cylinder 50mm (Plant-Aurangabad)	25-Jan	765	897	21	350	90	Yes
8806526283	Pneumatic Cylinder 50mm (Plant-Nagpur)	25-Jan	1008	533	21	350	90	No
8806526283	Pneumatic Cylinder 50mm (Plant-Mumbai)	25-Jan	767	848	22	350	90	Yes
8806526283	Pneumatic Cylinder 50mm (Plant-Gujarat)	25-Jan	964	542	22	350	90	No
8806526283	Pneumatic Cylinder 50mm (Plant-Chennai)	25-Jan	1170	1242	21	350	90	Yes
8806526283	Pneumatic Cylinder 50mm (Plant-Bengaluru)	25-Jan	473	517	18	350	90	No
8806526283	Pneumatic Cylinder 50mm (Plant-Pune)	25-Feb	1140	922	21	350	90	No
8806526283	Pneumatic Cylinder 50mm (Plant-Chakan)	25-Feb	771	502	23	350	90	No
8806526283	Pneumatic Cylinder 50mm (Plant-Talegaon)	25-Feb	1211	1167	18	350	90	No
8806526283	Pneumatic Cylinder 50mm (Plant-Nashik)	25-Feb	1033	987	21	350	90	No
8806526283	Pneumatic Cylinder 50mm (Plant-Aurangabad)	25-Feb	1049	1047	22	350	90	No
8806526283	Pneumatic Cylinder 50mm (Plant-Nagpur)	25-Feb	759	871	23	350	90	Yes
8806526283	Pneumatic Cylinder 50mm (Plant-Mumbai)	25-Feb	628	459	22	350	90	No
8806526283	Pneumatic Cylinder 50mm (Plant-Gujarat)	25-Feb	1093	1233	18	350	90	Yes
8806526283	Pneumatic Cylinder 50mm (Plant-Chennai)	25-Feb	1168	1014	19	350	90	No
8806526283	Pneumatic Cylinder 50mm (Plant-Bengaluru)	25-Feb	583	724	22	350	90	Yes
8806526283	Pneumatic Cylinder 50mm (Plant-Pune)	25-Mar	483	484	21	350	90	No
8806526283	Pneumatic Cylinder 50mm (Plant-Chakan)	25-Mar	876	713	18	350	90	No
8806526283	Pneumatic Cylinder 50mm (Plant-Talegaon)	25-Mar	736	785	19	350	90	No
8806526283	Pneumatic Cylinder 50mm (Plant-Nashik)	25-Mar	1026	618	23	350	90	No
8806526283	Pneumatic Cylinder 50mm (Plant-Aurangabad)	25-Mar	1134	1056	22	350	90	No
8806526283	Pneumatic Cylinder 50mm (Plant-Nagpur)	25-Mar	711	429	19	350	90	No
8806526283	Pneumatic Cylinder 50mm (Plant-Mumbai)	25-Mar	495	391	21	350	90	No
8806526283	Pneumatic Cylinder 50mm (Plant-Gujarat)	25-Mar	334	396	21	350	90	No
8806526283	Pneumatic Cylinder 50mm (Plant-Chennai)	25-Mar	587	647	21	350	90	No
8806526283	Pneumatic Cylinder 50mm (Plant-Bengaluru)	25-Mar	1041	974	19	350	90	No
8806526283	Pneumatic Cylinder 50mm (Plant-Pune)	25-Apr	828	1004	22	350	90	Yes
8806526283	Pneumatic Cylinder 50mm (Plant-Chakan)	25-Apr	454	464	21	350	90	No
8806526283	Pneumatic Cylinder 50mm (Plant-Talegaon)	25-Apr	473	581	18	350	90	Yes
8806526283	Pneumatic Cylinder 50mm (Plant-Nashik)	25-Apr	617	599	23	350	90	No
8806526283	Pneumatic Cylinder 50mm (Plant-Aurangabad)	25-Apr	841	810	20	350	90	No
8806526283	Pneumatic Cylinder 50mm (Plant-Nagpur)	25-Apr	422	349	23	350	90	No
8806526283	Pneumatic Cylinder 50mm (Plant-Mumbai)	25-Apr	1116	1131	18	350	90	No
8806526283	Pneumatic Cylinder 50mm (Plant-Gujarat)	25-Apr	635	563	20	350	90	No
8806526283	Pneumatic Cylinder 50mm (Plant-Chennai)	25-Apr	363	420	20	350	90	No
8806526283	Pneumatic Cylinder 50mm (Plant-Bengaluru)	25-Apr	362	359	19	350	90	No
8806526283	Pneumatic Cylinder 50mm (Plant-Pune)	25-May	857	799	19	350	90	No
8806526283	Pneumatic Cylinder 50mm (Plant-Chakan)	25-May	690	705	23	350	90	No
8806526283	Pneumatic Cylinder 50mm (Plant-Talegaon)	25-May	495	426	21	350	90	No
8806526283	Pneumatic Cylinder 50mm (Plant-Nashik)	25-May	1032	1090	19	350	90	No
8806526283	Pneumatic Cylinder 50mm (Plant-Aurangabad)	25-May	413	296	22	350	90	No
8806526283	Pneumatic Cylinder 50mm (Plant-Nagpur)	25-May	923	928	19	350	90	No
8806526283	Pneumatic Cylinder 50mm (Plant-Mumbai)	25-May	805	802	18	350	90	No
8806526283	Pneumatic Cylinder 50mm (Plant-Gujarat)	25-May	330	296	22	350	90	No
8806526283	Pneumatic Cylinder 50mm (Plant-Chennai)	25-May	1147	938	23	350	90	No
8806526283	Pneumatic Cylinder 50mm (Plant-Bengaluru)	25-May	866	486	21	350	90	No
8806526283	Pneumatic Cylinder 50mm (Plant-Pune)	25-Jun	807	857	19	350	90	No
8806526283	Pneumatic Cylinder 50mm (Plant-Chakan)	25-Jun	637	417	18	350	90	No
8806526283	Pneumatic Cylinder 50mm (Plant-Talegaon)	25-Jun	1158	798	22	350	90	No
8806526283	Pneumatic Cylinder 50mm (Plant-Nashik)	25-Jun	742	411	20	350	90	No
8806526283	Pneumatic Cylinder 50mm (Plant-Aurangabad)	25-Jun	999	921	23	350	90	No
8806526283	Pneumatic Cylinder 50mm (Plant-Nagpur)	25-Jun	1174	732	23	350	90	No
8806526283	Pneumatic Cylinder 50mm (Plant-Mumbai)	25-Jun	319	371	22	350	90	No
8806526283	Pneumatic Cylinder 50mm (Plant-Gujarat)	25-Jun	922	923	19	350	90	No
8806526283	Pneumatic Cylinder 50mm (Plant-Chennai)	25-Jun	608	401	18	350	90	No
8806526283	Pneumatic Cylinder 50mm (Plant-Bengaluru)	25-Jun	453	431	22	350	90	No
8806526283	Pneumatic Cylinder 50mm (Plant-Pune)	25-Jul	769	874	19	350	90	Yes
8806526283	Pneumatic Cylinder 50mm (Plant-Chakan)	25-Jul	329	366	22	350	90	No
8806526283	Pneumatic Cylinder 50mm (Plant-Talegaon)	25-Jul	1006	603	21	350	90	No
8806526283	Pneumatic Cylinder 50mm (Plant-Nashik)	25-Jul	881	821	23	350	90	No
8806526283	Pneumatic Cylinder 50mm (Plant-Aurangabad)	25-Jul	454	457	22	350	90	No
8806526283	Pneumatic Cylinder 50mm (Plant-Nagpur)	25-Jul	535	393	20	350	90	No
8806526283	Pneumatic Cylinder 50mm (Plant-Mumbai)	25-Jul	864	746	21	350	90	No
8806526283	Pneumatic Cylinder 50mm (Plant-Gujarat)	25-Jul	696	600	20	350	90	No
8806526283	Pneumatic Cylinder 50mm (Plant-Chennai)	25-Jul	898	709	23	350	90	No
8806526283	Pneumatic Cylinder 50mm (Plant-Bengaluru)	25-Jul	755	664	20	350	90	No
8806526283	Pneumatic Cylinder 50mm (Plant-Pune)	25-Aug	703	647	21	350	90	No
8806526283	Pneumatic Cylinder 50mm (Plant-Chakan)	25-Aug	324	319	21	350	90	No
8806526283	Pneumatic Cylinder 50mm (Plant-Talegaon)	25-Aug	697	673	20	350	90	No
8806526283	Pneumatic Cylinder 50mm (Plant-Nashik)	25-Aug	383	442	21	350	90	No
8806526283	Pneumatic Cylinder 50mm (Plant-Aurangabad)	25-Aug	744	481	19	350	90	No
8806526283	Pneumatic Cylinder 50mm (Plant-Nagpur)	25-Aug	668	688	22	350	90	No
8806526283	Pneumatic Cylinder 50mm (Plant-Mumbai)	25-Aug	804	507	20	350	90	No
8806526283	Pneumatic Cylinder 50mm (Plant-Gujarat)	25-Aug	614	494	22	350	90	No
8806526283	Pneumatic Cylinder 50mm (Plant-Chennai)	25-Aug	884	999	18	350	90	Yes
8806526283	Pneumatic Cylinder 50mm (Plant-Bengaluru)	25-Aug	296	222	20	350	90	No
8806526283	Pneumatic Cylinder 50mm (Plant-Pune)	25-Sep	660	744	23	350	90	Yes
8806526283	Pneumatic Cylinder 50mm (Plant-Chakan)	25-Sep	689	707	21	350	90	No
8806526283	Pneumatic Cylinder 50mm (Plant-Talegaon)	25-Sep	983	803	21	350	90	No
8806526283	Pneumatic Cylinder 50mm (Plant-Nashik)	25-Sep	346	372	19	350	90	No
8806526283	Pneumatic Cylinder 50mm (Plant-Aurangabad)	25-Sep	364	284	21	350	90	No
8806526283	Pneumatic Cylinder 50mm (Plant-Nagpur)	25-Sep	910	833	20	350	90	No
8806526283	Pneumatic Cylinder 50mm (Plant-Mumbai)	25-Sep	949	533	22	350	90	No
8806526283	Pneumatic Cylinder 50mm (Plant-Gujarat)	25-Sep	546	343	21	350	90	No
8806526283	Pneumatic Cylinder 50mm (Plant-Chennai)	25-Sep	471	358	19	350	90	No
8806526283	Pneumatic Cylinder 50mm (Plant-Bengaluru)	25-Sep	545	437	20	350	90	No
8806526283	Pneumatic Cylinder 50mm (Plant-Pune)	25-Oct	540	622	23	350	90	Yes
8806526283	Pneumatic Cylinder 50mm (Plant-Chakan)	25-Oct	867	1065	21	350	90	Yes
8806526283	Pneumatic Cylinder 50mm (Plant-Talegaon)	25-Oct	1174	1360	19	350	90	Yes
8806526283	Pneumatic Cylinder 50mm (Plant-Nashik)	25-Oct	550	547	20	350	90	No
8806526283	Pneumatic Cylinder 50mm (Plant-Aurangabad)	25-Oct	761	678	19	350	90	No
8806526283	Pneumatic Cylinder 50mm (Plant-Nagpur)	25-Oct	667	388	19	350	90	No
8806526283	Pneumatic Cylinder 50mm (Plant-Mumbai)	25-Oct	1113	706	18	350	90	No
8806526283	Pneumatic Cylinder 50mm (Plant-Gujarat)	25-Oct	1107	631	20	350	90	No
8806526283	Pneumatic Cylinder 50mm (Plant-Chennai)	25-Oct	892	1101	22	350	90	Yes
8806526283	Pneumatic Cylinder 50mm (Plant-Bengaluru)	25-Oct	1114	744	18	350	90	No
8806526283	Pneumatic Cylinder 50mm (Plant-Pune)	25-Nov	438	260	22	350	90	No
8806526283	Pneumatic Cylinder 50mm (Plant-Chakan)	25-Nov	836	621	22	350	90	No
8806526283	Pneumatic Cylinder 50mm (Plant-Talegaon)	25-Nov	724	620	20	350	90	No
8806526283	Pneumatic Cylinder 50mm (Plant-Nashik)	25-Nov	779	898	22	350	90	Yes
8806526283	Pneumatic Cylinder 50mm (Plant-Aurangabad)	25-Nov	408	386	19	350	90	No
8806526283	Pneumatic Cylinder 50mm (Plant-Nagpur)	25-Nov	674	775	22	350	90	Yes
8806526283	Pneumatic Cylinder 50mm (Plant-Mumbai)	25-Nov	436	244	21	350	90	No
8806526283	Pneumatic Cylinder 50mm (Plant-Gujarat)	25-Nov	317	308	23	350	90	No
8806526283	Pneumatic Cylinder 50mm (Plant-Chennai)	25-Nov	292	266	22	350	90	No
8806526283	Pneumatic Cylinder 50mm (Plant-Bengaluru)	25-Nov	307	182	19	350	90	No
8806526283	Pneumatic Cylinder 50mm (Plant-Pune)	25-Dec	605	416	20	350	90	No
8806526283	Pneumatic Cylinder 50mm (Plant-Chakan)	25-Dec	553	407	19	350	90	No
8806526283	Pneumatic Cylinder 50mm (Plant-Talegaon)	25-Dec	789	764	18	350	90	No
8806526283	Pneumatic Cylinder 50mm (Plant-Nashik)	25-Dec	1131	1182	21	350	90	No
8806526283	Pneumatic Cylinder 50mm (Plant-Aurangabad)	25-Dec	585	376	20	350	90	No
8806526283	Pneumatic Cylinder 50mm (Plant-Nagpur)	25-Dec	989	736	19	350	90	No
8806526283	Pneumatic Cylinder 50mm (Plant-Mumbai)	25-Dec	1145	1163	19	350	90	No
8806526283	Pneumatic Cylinder 50mm (Plant-Gujarat)	25-Dec	760	497	19	350	90	No
8806526283	Pneumatic Cylinder 50mm (Plant-Chennai)	25-Dec	351	250	23	350	90	No
8806526283	Pneumatic Cylinder 50mm (Plant-Bengaluru)	25-Dec	783	938	23	350	90	Yes
8806526283	Pneumatic Cylinder 50mm (Plant-Pune)	26-Jan	1040	641	19	350	90	No
8806526283	Pneumatic Cylinder 50mm (Plant-Chakan)	26-Jan	623	402	21	350	90	No
8806526283	Pneumatic Cylinder 50mm (Plant-Talegaon)	26-Jan	1071	987	20	350	90	No
8806526283	Pneumatic Cylinder 50mm (Plant-Nashik)	26-Jan	517	571	18	350	90	No
8806526283	Pneumatic Cylinder 50mm (Plant-Aurangabad)	26-Jan	827	901	23	350	90	Yes
8806526283	Pneumatic Cylinder 50mm (Plant-Nagpur)	26-Jan	883	823	19	350	90	No
8806526283	Pneumatic Cylinder 50mm (Plant-Mumbai)	26-Jan	362	308	23	350	90	No
8806526283	Pneumatic Cylinder 50mm (Plant-Gujarat)	26-Jan	1010	876	18	350	90	No
8806526283	Pneumatic Cylinder 50mm (Plant-Chennai)	26-Jan	623	377	18	350	90	No
8806526283	Pneumatic Cylinder 50mm (Plant-Bengaluru)	26-Jan	833	573	21	350	90	No
8806526283	Pneumatic Cylinder 50mm (Plant-Pune)	26-Feb	650	434	23	350	90	No
8806526283	Pneumatic Cylinder 50mm (Plant-Chakan)	26-Feb	667	811	21	350	90	Yes
8806526283	Pneumatic Cylinder 50mm (Plant-Talegaon)	26-Feb	952	710	22	350	90	No
8806526283	Pneumatic Cylinder 50mm (Plant-Nashik)	26-Feb	952	749	21	350	90	No
8806526283	Pneumatic Cylinder 50mm (Plant-Aurangabad)	26-Feb	637	343	21	350	90	No
8806526283	Pneumatic Cylinder 50mm (Plant-Nagpur)	26-Feb	1007	791	18	350	90	No
8806526283	Pneumatic Cylinder 50mm (Plant-Mumbai)	26-Feb	669	652	23	350	90	No
8806526283	Pneumatic Cylinder 50mm (Plant-Gujarat)	26-Feb	639	421	22	350	90	No
8806526283	Pneumatic Cylinder 50mm (Plant-Chennai)	26-Feb	338	314	20	350	90	No
8806526283	Pneumatic Cylinder 50mm (Plant-Bengaluru)	26-Feb	803	730	21	350	90	No
8806526283	Pneumatic Cylinder 50mm (Plant-Pune)	26-Mar	864	918	19	350	90	No
8806526283	Pneumatic Cylinder 50mm (Plant-Chakan)	26-Mar	808	946	19	350	90	Yes
8806526283	Pneumatic Cylinder 50mm (Plant-Talegaon)	26-Mar	393	267	20	350	90	No
8806526283	Pneumatic Cylinder 50mm (Plant-Nashik)	26-Mar	1102	1001	23	350	90	No
8806526283	Pneumatic Cylinder 50mm (Plant-Aurangabad)	26-Mar	1135	1020	19	350	90	No
8806526283	Pneumatic Cylinder 50mm (Plant-Nagpur)	26-Mar	770	609	19	350	90	No
8806526283	Pneumatic Cylinder 50mm (Plant-Mumbai)	26-Mar	892	1107	18	350	90	Yes
8806526283	Pneumatic Cylinder 50mm (Plant-Gujarat)	26-Mar	1164	1123	20	350	90	No
8806526283	Pneumatic Cylinder 50mm (Plant-Chennai)	26-Mar	1165	875	22	350	90	No
8806526283	Pneumatic Cylinder 50mm (Plant-Bengaluru)	26-Mar	988	631	21	350	90	No
8806526283	Pneumatic Cylinder 50mm (Plant-Pune)	26-Apr	384	451	18	350	90	No
8806526283	Pneumatic Cylinder 50mm (Plant-Chakan)	26-Apr	740	764	23	350	90	No
8806526283	Pneumatic Cylinder 50mm (Plant-Talegaon)	26-Apr	746	573	18	350	90	No
8806526283	Pneumatic Cylinder 50mm (Plant-Nashik)	26-Apr	938	864	21	350	90	No
8806526283	Pneumatic Cylinder 50mm (Plant-Aurangabad)	26-Apr	855	481	21	350	90	No
8806526283	Pneumatic Cylinder 50mm (Plant-Nagpur)	26-Apr	494	605	22	350	90	Yes
8806526283	Pneumatic Cylinder 50mm (Plant-Mumbai)	26-Apr	509	431	18	350	90	No
8806526283	Pneumatic Cylinder 50mm (Plant-Gujarat)	26-Apr	1130	907	18	350	90	No
8806526283	Pneumatic Cylinder 50mm (Plant-Chennai)	26-Apr	1086	593	18	350	90	No
8806526283	Pneumatic Cylinder 50mm (Plant-Bengaluru)	26-Apr	1032	894	22	350	90	No
8806526283	Pneumatic Cylinder 50mm (Plant-Pune)	26-May	752	456	20	350	90	No
8806526283	Pneumatic Cylinder 50mm (Plant-Chakan)	26-May	847	1054	23	350	90	Yes
8806526283	Pneumatic Cylinder 50mm (Plant-Talegaon)	26-May	1122	1027	23	350	90	No
8806526283	Pneumatic Cylinder 50mm (Plant-Nashik)	26-May	585	627	21	350	90	No
8806526283	Pneumatic Cylinder 50mm (Plant-Aurangabad)	26-May	382	192	20	350	90	No
8806526283	Pneumatic Cylinder 50mm (Plant-Nagpur)	26-May	1029	1284	18	350	90	Yes
8806526283	Pneumatic Cylinder 50mm (Plant-Mumbai)	26-May	306	203	23	350	90	No
8806526283	Pneumatic Cylinder 50mm (Plant-Gujarat)	26-May	1123	1263	22	350	90	Yes
8806526283	Pneumatic Cylinder 50mm (Plant-Chennai)	26-May	1041	1233	22	350	90	Yes
8806526283	Pneumatic Cylinder 50mm (Plant-Bengaluru)	26-May	686	354	18	350	90	No
8806526283	Pneumatic Cylinder 50mm (Plant-Pune)	26-Jun	403	337	20	350	90	No
8806526283	Pneumatic Cylinder 50mm (Plant-Chakan)	26-Jun	342	212	21	350	90	No
8806526283	Pneumatic Cylinder 50mm (Plant-Talegaon)	26-Jun	864	1014	20	350	90	Yes
8806526283	Pneumatic Cylinder 50mm (Plant-Nashik)	26-Jun	784	728	22	350	90	No
8806526283	Pneumatic Cylinder 50mm (Plant-Aurangabad)	26-Jun	1138	595	21	350	90	No
8806526283	Pneumatic Cylinder 50mm (Plant-Nagpur)	26-Jun	1005	1105	19	350	90	Yes
8806526283	Pneumatic Cylinder 50mm (Plant-Mumbai)	26-Jun	701	434	22	350	90	No
8806526283	Pneumatic Cylinder 50mm (Plant-Gujarat)	26-Jun	298	293	20	350	90	No
8806526283	Pneumatic Cylinder 50mm (Plant-Chennai)	26-Jun	748	923	22	350	90	Yes
8806526283	Pneumatic Cylinder 50mm (Plant-Bengaluru)	26-Jun	449	376	18	350	90	No
8806526284	Flange Class 150 ANSI (Plant-Pune)	25-Jan	3029	1659	13	1100	35	No
8806526284	Flange Class 150 ANSI (Plant-Chakan)	25-Jan	1454	730	13	1100	35	No
8806526284	Flange Class 150 ANSI (Plant-Talegaon)	25-Jan	2721	3214	16	1100	35	Yes
8806526284	Flange Class 150 ANSI (Plant-Nashik)	25-Jan	2249	1842	13	1100	35	No
8806526284	Flange Class 150 ANSI (Plant-Aurangabad)	25-Jan	2332	2401	17	1100	35	No
8806526284	Flange Class 150 ANSI (Plant-Nagpur)	25-Jan	2648	2296	18	1100	35	No
8806526284	Flange Class 150 ANSI (Plant-Mumbai)	25-Jan	2488	2691	18	1100	35	No
8806526284	Flange Class 150 ANSI (Plant-Gujarat)	25-Jan	2388	1224	15	1100	35	No
8806526284	Flange Class 150 ANSI (Plant-Chennai)	25-Jan	1334	1466	14	1100	35	No
8806526284	Flange Class 150 ANSI (Plant-Bengaluru)	25-Jan	3774	4016	13	1100	35	Yes
8806526284	Flange Class 150 ANSI (Plant-Pune)	25-Feb	979	681	14	1100	35	No
8806526284	Flange Class 150 ANSI (Plant-Chakan)	25-Feb	2466	2387	15	1100	35	No
8806526284	Flange Class 150 ANSI (Plant-Talegaon)	25-Feb	2798	2870	18	1100	35	No
8806526284	Flange Class 150 ANSI (Plant-Nashik)	25-Feb	1643	1480	14	1100	35	No
8806526284	Flange Class 150 ANSI (Plant-Aurangabad)	25-Feb	1735	1314	13	1100	35	No
8806526284	Flange Class 150 ANSI (Plant-Nagpur)	25-Feb	1767	1082	18	1100	35	No
8806526284	Flange Class 150 ANSI (Plant-Mumbai)	25-Feb	2219	1827	18	1100	35	No
8806526284	Flange Class 150 ANSI (Plant-Gujarat)	25-Feb	1196	987	15	1100	35	No
8806526284	Flange Class 150 ANSI (Plant-Chennai)	25-Feb	1700	1925	14	1100	35	Yes
8806526284	Flange Class 150 ANSI (Plant-Bengaluru)	25-Feb	3187	1741	15	1100	35	No
8806526284	Flange Class 150 ANSI (Plant-Pune)	25-Mar	3124	3526	17	1100	35	Yes
8806526284	Flange Class 150 ANSI (Plant-Chakan)	25-Mar	2918	1874	18	1100	35	No
8806526284	Flange Class 150 ANSI (Plant-Talegaon)	25-Mar	2620	1787	17	1100	35	No
8806526284	Flange Class 150 ANSI (Plant-Nashik)	25-Mar	3487	4251	18	1100	35	Yes
8806526284	Flange Class 150 ANSI (Plant-Aurangabad)	25-Mar	3369	2338	17	1100	35	No
8806526284	Flange Class 150 ANSI (Plant-Nagpur)	25-Mar	2219	2217	17	1100	35	No
8806526284	Flange Class 150 ANSI (Plant-Mumbai)	25-Mar	1104	973	15	1100	35	No
8806526284	Flange Class 150 ANSI (Plant-Gujarat)	25-Mar	1003	833	16	1100	35	No
8806526284	Flange Class 150 ANSI (Plant-Chennai)	25-Mar	1929	2378	17	1100	35	Yes
8806526284	Flange Class 150 ANSI (Plant-Bengaluru)	25-Mar	1706	1551	18	1100	35	No
8806526284	Flange Class 150 ANSI (Plant-Pune)	25-Apr	1867	1943	18	1100	35	No
8806526284	Flange Class 150 ANSI (Plant-Chakan)	25-Apr	2523	1668	13	1100	35	No
8806526284	Flange Class 150 ANSI (Plant-Talegaon)	25-Apr	1624	892	15	1100	35	No
8806526284	Flange Class 150 ANSI (Plant-Nashik)	25-Apr	2665	3130	14	1100	35	Yes
8806526284	Flange Class 150 ANSI (Plant-Aurangabad)	25-Apr	2047	2544	17	1100	35	Yes
8806526284	Flange Class 150 ANSI (Plant-Nagpur)	25-Apr	3431	2001	17	1100	35	No
8806526284	Flange Class 150 ANSI (Plant-Mumbai)	25-Apr	3010	2624	14	1100	35	No
8806526284	Flange Class 150 ANSI (Plant-Gujarat)	25-Apr	3378	2421	14	1100	35	No
8806526284	Flange Class 150 ANSI (Plant-Chennai)	25-Apr	1275	1429	15	1100	35	No
8806526284	Flange Class 150 ANSI (Plant-Bengaluru)	25-Apr	2678	2835	16	1100	35	No
8806526284	Flange Class 150 ANSI (Plant-Pune)	25-May	1274	1155	17	1100	35	No
8806526284	Flange Class 150 ANSI (Plant-Chakan)	25-May	1883	1526	16	1100	35	No
8806526284	Flange Class 150 ANSI (Plant-Talegaon)	25-May	2412	2459	18	1100	35	No
8806526284	Flange Class 150 ANSI (Plant-Nashik)	25-May	2865	3323	16	1100	35	Yes
8806526284	Flange Class 150 ANSI (Plant-Aurangabad)	25-May	1318	1098	17	1100	35	No
8806526284	Flange Class 150 ANSI (Plant-Nagpur)	25-May	3812	4137	13	1100	35	Yes
8806526284	Flange Class 150 ANSI (Plant-Mumbai)	25-May	1359	1101	14	1100	35	No
8806526284	Flange Class 150 ANSI (Plant-Gujarat)	25-May	3217	2783	13	1100	35	No
8806526284	Flange Class 150 ANSI (Plant-Chennai)	25-May	2587	1647	14	1100	35	No
8806526284	Flange Class 150 ANSI (Plant-Bengaluru)	25-May	3258	1935	14	1100	35	No
8806526284	Flange Class 150 ANSI (Plant-Pune)	25-Jun	3230	2078	14	1100	35	No
8806526284	Flange Class 150 ANSI (Plant-Chakan)	25-Jun	2468	2644	13	1100	35	No
8806526284	Flange Class 150 ANSI (Plant-Talegaon)	25-Jun	2835	1999	17	1100	35	No
8806526284	Flange Class 150 ANSI (Plant-Nashik)	25-Jun	1204	1113	14	1100	35	No
8806526284	Flange Class 150 ANSI (Plant-Aurangabad)	25-Jun	3337	2007	18	1100	35	No
8806526284	Flange Class 150 ANSI (Plant-Nagpur)	25-Jun	1366	1690	16	1100	35	Yes
8806526284	Flange Class 150 ANSI (Plant-Mumbai)	25-Jun	3451	4012	15	1100	35	Yes
8806526284	Flange Class 150 ANSI (Plant-Gujarat)	25-Jun	2432	1281	16	1100	35	No
8806526284	Flange Class 150 ANSI (Plant-Chennai)	25-Jun	3435	2398	15	1100	35	No
8806526284	Flange Class 150 ANSI (Plant-Bengaluru)	25-Jun	2670	2844	15	1100	35	No
8806526284	Flange Class 150 ANSI (Plant-Pune)	25-Jul	1083	981	13	1100	35	No
8806526284	Flange Class 150 ANSI (Plant-Chakan)	25-Jul	963	634	17	1100	35	No
8806526284	Flange Class 150 ANSI (Plant-Talegaon)	25-Jul	1353	1166	16	1100	35	No
8806526284	Flange Class 150 ANSI (Plant-Nashik)	25-Jul	911	793	13	1100	35	No
8806526284	Flange Class 150 ANSI (Plant-Aurangabad)	25-Jul	1706	1718	17	1100	35	No
8806526284	Flange Class 150 ANSI (Plant-Nagpur)	25-Jul	2351	1257	14	1100	35	No
8806526284	Flange Class 150 ANSI (Plant-Mumbai)	25-Jul	1938	1542	17	1100	35	No
8806526284	Flange Class 150 ANSI (Plant-Gujarat)	25-Jul	1826	1146	13	1100	35	No
8806526284	Flange Class 150 ANSI (Plant-Chennai)	25-Jul	1662	1464	16	1100	35	No
8806526284	Flange Class 150 ANSI (Plant-Bengaluru)	25-Jul	2433	2459	14	1100	35	No
8806526284	Flange Class 150 ANSI (Plant-Pune)	25-Aug	1530	931	16	1100	35	No
8806526284	Flange Class 150 ANSI (Plant-Chakan)	25-Aug	1645	1514	16	1100	35	No
8806526284	Flange Class 150 ANSI (Plant-Talegaon)	25-Aug	2407	1216	17	1100	35	No
8806526284	Flange Class 150 ANSI (Plant-Nashik)	25-Aug	2507	1545	15	1100	35	No
8806526284	Flange Class 150 ANSI (Plant-Aurangabad)	25-Aug	1262	884	14	1100	35	No
8806526284	Flange Class 150 ANSI (Plant-Nagpur)	25-Aug	3054	1753	16	1100	35	No
8806526284	Flange Class 150 ANSI (Plant-Mumbai)	25-Aug	994	891	16	1100	35	No
8806526284	Flange Class 150 ANSI (Plant-Gujarat)	25-Aug	3507	3601	13	1100	35	No
8806526284	Flange Class 150 ANSI (Plant-Chennai)	25-Aug	3646	4552	17	1100	35	Yes
8806526284	Flange Class 150 ANSI (Plant-Bengaluru)	25-Aug	968	557	15	1100	35	No
8806526284	Flange Class 150 ANSI (Plant-Pune)	25-Sep	2891	1846	16	1100	35	No
8806526284	Flange Class 150 ANSI (Plant-Chakan)	25-Sep	2566	3125	16	1100	35	Yes
8806526284	Flange Class 150 ANSI (Plant-Talegaon)	25-Sep	1900	1452	15	1100	35	No
8806526284	Flange Class 150 ANSI (Plant-Nashik)	25-Sep	2206	2185	17	1100	35	No
8806526284	Flange Class 150 ANSI (Plant-Aurangabad)	25-Sep	2874	1978	16	1100	35	No
8806526284	Flange Class 150 ANSI (Plant-Nagpur)	25-Sep	3741	2752	17	1100	35	No
8806526284	Flange Class 150 ANSI (Plant-Mumbai)	25-Sep	2171	2097	14	1100	35	No
8806526284	Flange Class 150 ANSI (Plant-Gujarat)	25-Sep	3074	1974	13	1100	35	No
8806526284	Flange Class 150 ANSI (Plant-Chennai)	25-Sep	2476	1640	14	1100	35	No
8806526284	Flange Class 150 ANSI (Plant-Bengaluru)	25-Sep	3131	2105	13	1100	35	No
8806526284	Flange Class 150 ANSI (Plant-Pune)	25-Oct	3210	3408	17	1100	35	No
8806526284	Flange Class 150 ANSI (Plant-Chakan)	25-Oct	3738	4533	15	1100	35	Yes
8806526284	Flange Class 150 ANSI (Plant-Talegaon)	25-Oct	2089	2530	13	1100	35	Yes
8806526284	Flange Class 150 ANSI (Plant-Nashik)	25-Oct	905	1105	18	1100	35	No
8806526284	Flange Class 150 ANSI (Plant-Aurangabad)	25-Oct	1209	1471	13	1100	35	Yes
8806526284	Flange Class 150 ANSI (Plant-Nagpur)	25-Oct	2129	2418	18	1100	35	Yes
8806526284	Flange Class 150 ANSI (Plant-Mumbai)	25-Oct	2492	2211	13	1100	35	No
8806526284	Flange Class 150 ANSI (Plant-Gujarat)	25-Oct	906	554	13	1100	35	No
8806526284	Flange Class 150 ANSI (Plant-Chennai)	25-Oct	1202	1289	16	1100	35	No
8806526284	Flange Class 150 ANSI (Plant-Bengaluru)	25-Oct	1493	1376	18	1100	35	No
8806526284	Flange Class 150 ANSI (Plant-Pune)	25-Nov	2682	2580	17	1100	35	No
8806526284	Flange Class 150 ANSI (Plant-Chakan)	25-Nov	3467	4034	16	1100	35	Yes
8806526284	Flange Class 150 ANSI (Plant-Talegaon)	25-Nov	2855	1729	14	1100	35	No
8806526284	Flange Class 150 ANSI (Plant-Nashik)	25-Nov	1970	2204	16	1100	35	Yes
8806526284	Flange Class 150 ANSI (Plant-Aurangabad)	25-Nov	3821	4709	17	1100	35	Yes
8806526284	Flange Class 150 ANSI (Plant-Nagpur)	25-Nov	2269	1206	13	1100	35	No
8806526284	Flange Class 150 ANSI (Plant-Mumbai)	25-Nov	2936	2913	18	1100	35	No
8806526284	Flange Class 150 ANSI (Plant-Gujarat)	25-Nov	2670	1889	16	1100	35	No
8806526284	Flange Class 150 ANSI (Plant-Chennai)	25-Nov	3512	2516	17	1100	35	No
8806526284	Flange Class 150 ANSI (Plant-Bengaluru)	25-Nov	1426	1172	16	1100	35	No
8806526284	Flange Class 150 ANSI (Plant-Pune)	25-Dec	3727	2969	18	1100	35	No
8806526284	Flange Class 150 ANSI (Plant-Chakan)	25-Dec	3767	3109	15	1100	35	No
8806526284	Flange Class 150 ANSI (Plant-Talegaon)	25-Dec	2749	3185	15	1100	35	Yes
8806526284	Flange Class 150 ANSI (Plant-Nashik)	25-Dec	2990	2193	13	1100	35	No
8806526284	Flange Class 150 ANSI (Plant-Aurangabad)	25-Dec	3697	3337	17	1100	35	No
8806526284	Flange Class 150 ANSI (Plant-Nagpur)	25-Dec	3127	1617	13	1100	35	No
8806526284	Flange Class 150 ANSI (Plant-Mumbai)	25-Dec	2507	1916	14	1100	35	No
8806526284	Flange Class 150 ANSI (Plant-Gujarat)	25-Dec	1802	1846	17	1100	35	No
8806526284	Flange Class 150 ANSI (Plant-Chennai)	25-Dec	1776	1474	16	1100	35	No
8806526284	Flange Class 150 ANSI (Plant-Bengaluru)	25-Dec	1830	1860	14	1100	35	No
8806526284	Flange Class 150 ANSI (Plant-Pune)	26-Jan	2136	2630	16	1100	35	Yes
8806526284	Flange Class 150 ANSI (Plant-Chakan)	26-Jan	2582	1715	18	1100	35	No
8806526284	Flange Class 150 ANSI (Plant-Talegaon)	26-Jan	2451	2450	15	1100	35	No
8806526284	Flange Class 150 ANSI (Plant-Nashik)	26-Jan	2306	2441	14	1100	35	No
8806526284	Flange Class 150 ANSI (Plant-Aurangabad)	26-Jan	3605	2602	15	1100	35	No
8806526284	Flange Class 150 ANSI (Plant-Nagpur)	26-Jan	2290	2712	13	1100	35	Yes
8806526284	Flange Class 150 ANSI (Plant-Mumbai)	26-Jan	2788	2650	15	1100	35	No
8806526284	Flange Class 150 ANSI (Plant-Gujarat)	26-Jan	3312	3956	14	1100	35	Yes
8806526284	Flange Class 150 ANSI (Plant-Chennai)	26-Jan	1498	1180	14	1100	35	No
8806526284	Flange Class 150 ANSI (Plant-Bengaluru)	26-Jan	3140	1573	17	1100	35	No
8806526284	Flange Class 150 ANSI (Plant-Pune)	26-Feb	2306	2307	14	1100	35	No
8806526284	Flange Class 150 ANSI (Plant-Chakan)	26-Feb	2831	3329	14	1100	35	Yes
8806526284	Flange Class 150 ANSI (Plant-Talegaon)	26-Feb	1369	1677	16	1100	35	Yes
8806526284	Flange Class 150 ANSI (Plant-Nashik)	26-Feb	3842	4645	17	1100	35	Yes
8806526284	Flange Class 150 ANSI (Plant-Aurangabad)	26-Feb	986	1216	15	1100	35	Yes
8806526284	Flange Class 150 ANSI (Plant-Nagpur)	26-Feb	2788	2613	13	1100	35	No
8806526284	Flange Class 150 ANSI (Plant-Mumbai)	26-Feb	2351	1656	13	1100	35	No
8806526284	Flange Class 150 ANSI (Plant-Gujarat)	26-Feb	1519	1595	15	1100	35	No
8806526284	Flange Class 150 ANSI (Plant-Chennai)	26-Feb	3513	4246	14	1100	35	Yes
8806526284	Flange Class 150 ANSI (Plant-Bengaluru)	26-Feb	1344	1208	18	1100	35	No
8806526284	Flange Class 150 ANSI (Plant-Pune)	26-Mar	2801	2090	15	1100	35	No
8806526284	Flange Class 150 ANSI (Plant-Chakan)	26-Mar	1216	1139	17	1100	35	No
8806526284	Flange Class 150 ANSI (Plant-Talegaon)	26-Mar	3540	1900	18	1100	35	No
8806526284	Flange Class 150 ANSI (Plant-Nashik)	26-Mar	2872	2530	18	1100	35	No
8806526284	Flange Class 150 ANSI (Plant-Aurangabad)	26-Mar	3417	3853	13	1100	35	Yes
8806526284	Flange Class 150 ANSI (Plant-Nagpur)	26-Mar	2108	1424	16	1100	35	No
8806526284	Flange Class 150 ANSI (Plant-Mumbai)	26-Mar	2949	2577	13	1100	35	No
8806526284	Flange Class 150 ANSI (Plant-Gujarat)	26-Mar	2601	1941	18	1100	35	No
8806526284	Flange Class 150 ANSI (Plant-Chennai)	26-Mar	1532	784	16	1100	35	No
8806526284	Flange Class 150 ANSI (Plant-Bengaluru)	26-Mar	3376	3613	18	1100	35	Yes
8806526284	Flange Class 150 ANSI (Plant-Pune)	26-Apr	1773	1948	15	1100	35	No
8806526284	Flange Class 150 ANSI (Plant-Chakan)	26-Apr	3267	3893	15	1100	35	Yes
8806526284	Flange Class 150 ANSI (Plant-Talegaon)	26-Apr	1283	718	13	1100	35	No
8806526284	Flange Class 150 ANSI (Plant-Nashik)	26-Apr	2850	1755	15	1100	35	No
8806526284	Flange Class 150 ANSI (Plant-Aurangabad)	26-Apr	3737	2201	13	1100	35	No
8806526284	Flange Class 150 ANSI (Plant-Nagpur)	26-Apr	1034	1277	13	1100	35	Yes
8806526284	Flange Class 150 ANSI (Plant-Mumbai)	26-Apr	3447	2630	18	1100	35	No
8806526284	Flange Class 150 ANSI (Plant-Gujarat)	26-Apr	1116	1133	14	1100	35	No
8806526284	Flange Class 150 ANSI (Plant-Chennai)	26-Apr	886	953	14	1100	35	No
8806526284	Flange Class 150 ANSI (Plant-Bengaluru)	26-Apr	1091	1047	13	1100	35	No
8806526284	Flange Class 150 ANSI (Plant-Pune)	26-May	3508	2066	16	1100	35	No
8806526284	Flange Class 150 ANSI (Plant-Chakan)	26-May	2246	2363	16	1100	35	No
8806526284	Flange Class 150 ANSI (Plant-Talegaon)	26-May	1402	946	17	1100	35	No
8806526284	Flange Class 150 ANSI (Plant-Nashik)	26-May	3032	2999	14	1100	35	No
8806526284	Flange Class 150 ANSI (Plant-Aurangabad)	26-May	2621	2168	13	1100	35	No
8806526284	Flange Class 150 ANSI (Plant-Nagpur)	26-May	3773	4573	18	1100	35	Yes
8806526284	Flange Class 150 ANSI (Plant-Mumbai)	26-May	1161	979	16	1100	35	No
8806526284	Flange Class 150 ANSI (Plant-Gujarat)	26-May	968	537	15	1100	35	No
8806526284	Flange Class 150 ANSI (Plant-Chennai)	26-May	1819	1678	14	1100	35	No
8806526284	Flange Class 150 ANSI (Plant-Bengaluru)	26-May	1471	1470	18	1100	35	No
8806526284	Flange Class 150 ANSI (Plant-Pune)	26-Jun	3357	4178	13	1100	35	Yes
8806526284	Flange Class 150 ANSI (Plant-Chakan)	26-Jun	3133	1723	15	1100	35	No
8806526284	Flange Class 150 ANSI (Plant-Talegaon)	26-Jun	2655	1753	17	1100	35	No
8806526284	Flange Class 150 ANSI (Plant-Nashik)	26-Jun	1214	1489	14	1100	35	Yes
8806526284	Flange Class 150 ANSI (Plant-Aurangabad)	26-Jun	3073	1765	14	1100	35	No
8806526284	Flange Class 150 ANSI (Plant-Nagpur)	26-Jun	1856	1637	15	1100	35	No
8806526284	Flange Class 150 ANSI (Plant-Mumbai)	26-Jun	2259	1240	18	1100	35	No
8806526284	Flange Class 150 ANSI (Plant-Gujarat)	26-Jun	3098	2880	15	1100	35	No
8806526284	Flange Class 150 ANSI (Plant-Chennai)	26-Jun	1947	2237	16	1100	35	Yes
8806526284	Flange Class 150 ANSI (Plant-Bengaluru)	26-Jun	2699	2294	17	1100	35	No
8806526285	Industrial Gasket Non-Asbestos (Plant-Pune)	25-Jan	7512	8876	7	6000	8	Yes
8806526285	Industrial Gasket Non-Asbestos (Plant-Chakan)	25-Jan	13254	14781	6	6000	8	Yes
8806526285	Industrial Gasket Non-Asbestos (Plant-Talegaon)	25-Jan	15145	17360	5	6000	8	Yes
8806526285	Industrial Gasket Non-Asbestos (Plant-Nashik)	25-Jan	20038	10139	6	6000	8	No
8806526285	Industrial Gasket Non-Asbestos (Plant-Aurangabad)	25-Jan	15501	14494	8	6000	8	No
8806526285	Industrial Gasket Non-Asbestos (Plant-Nagpur)	25-Jan	19142	9809	8	6000	8	No
8806526285	Industrial Gasket Non-Asbestos (Plant-Mumbai)	25-Jan	18751	11546	8	6000	8	No
8806526285	Industrial Gasket Non-Asbestos (Plant-Gujarat)	25-Jan	20333	24916	8	6000	8	Yes
8806526285	Industrial Gasket Non-Asbestos (Plant-Chennai)	25-Jan	11823	6117	5	6000	8	No
8806526285	Industrial Gasket Non-Asbestos (Plant-Bengaluru)	25-Jan	6880	7802	6	6000	8	No
8806526285	Industrial Gasket Non-Asbestos (Plant-Pune)	25-Feb	7559	9107	6	6000	8	Yes
8806526285	Industrial Gasket Non-Asbestos (Plant-Chakan)	25-Feb	5086	3363	6	6000	8	No
8806526285	Industrial Gasket Non-Asbestos (Plant-Talegaon)	25-Feb	9979	7809	4	6000	8	No
8806526285	Industrial Gasket Non-Asbestos (Plant-Nashik)	25-Feb	20329	25298	3	6000	8	Yes
8806526285	Industrial Gasket Non-Asbestos (Plant-Aurangabad)	25-Feb	18841	15570	5	6000	8	No
8806526285	Industrial Gasket Non-Asbestos (Plant-Nagpur)	25-Feb	20905	25093	6	6000	8	Yes
8806526285	Industrial Gasket Non-Asbestos (Plant-Mumbai)	25-Feb	14136	16523	8	6000	8	Yes
8806526285	Industrial Gasket Non-Asbestos (Plant-Gujarat)	25-Feb	17634	16101	5	6000	8	No
8806526285	Industrial Gasket Non-Asbestos (Plant-Chennai)	25-Feb	19950	19267	4	6000	8	No
8806526285	Industrial Gasket Non-Asbestos (Plant-Bengaluru)	25-Feb	11614	7734	3	6000	8	No
8806526285	Industrial Gasket Non-Asbestos (Plant-Pune)	25-Mar	5107	6140	6	6000	8	No
8806526285	Industrial Gasket Non-Asbestos (Plant-Chakan)	25-Mar	11722	6731	4	6000	8	No
8806526285	Industrial Gasket Non-Asbestos (Plant-Talegaon)	25-Mar	19823	24023	5	6000	8	Yes
8806526285	Industrial Gasket Non-Asbestos (Plant-Nashik)	25-Mar	8448	4350	8	6000	8	No
8806526285	Industrial Gasket Non-Asbestos (Plant-Aurangabad)	25-Mar	6394	3391	5	6000	8	No
8806526285	Industrial Gasket Non-Asbestos (Plant-Nagpur)	25-Mar	7229	8388	7	6000	8	No
8806526285	Industrial Gasket Non-Asbestos (Plant-Mumbai)	25-Mar	12395	7645	8	6000	8	No
8806526285	Industrial Gasket Non-Asbestos (Plant-Gujarat)	25-Mar	5734	3195	8	6000	8	No
8806526285	Industrial Gasket Non-Asbestos (Plant-Chennai)	25-Mar	9020	6797	3	6000	8	No
8806526285	Industrial Gasket Non-Asbestos (Plant-Bengaluru)	25-Mar	19236	15934	5	6000	8	No
8806526285	Industrial Gasket Non-Asbestos (Plant-Pune)	25-Apr	16101	8801	8	6000	8	No
8806526285	Industrial Gasket Non-Asbestos (Plant-Chakan)	25-Apr	12147	14318	7	6000	8	Yes
8806526285	Industrial Gasket Non-Asbestos (Plant-Talegaon)	25-Apr	11735	10351	4	6000	8	No
8806526285	Industrial Gasket Non-Asbestos (Plant-Nashik)	25-Apr	17108	18962	8	6000	8	Yes
8806526285	Industrial Gasket Non-Asbestos (Plant-Aurangabad)	25-Apr	7492	5158	8	6000	8	No
8806526285	Industrial Gasket Non-Asbestos (Plant-Nagpur)	25-Apr	14839	12477	6	6000	8	No
8806526285	Industrial Gasket Non-Asbestos (Plant-Mumbai)	25-Apr	5076	3016	7	6000	8	No
8806526285	Industrial Gasket Non-Asbestos (Plant-Gujarat)	25-Apr	12853	9890	6	6000	8	No
8806526285	Industrial Gasket Non-Asbestos (Plant-Chennai)	25-Apr	15442	10693	3	6000	8	No
8806526285	Industrial Gasket Non-Asbestos (Plant-Bengaluru)	25-Apr	8935	9289	7	6000	8	No
8806526285	Industrial Gasket Non-Asbestos (Plant-Pune)	25-May	9485	5847	7	6000	8	No
8806526285	Industrial Gasket Non-Asbestos (Plant-Chakan)	25-May	7539	7298	7	6000	8	No
8806526285	Industrial Gasket Non-Asbestos (Plant-Talegaon)	25-May	12898	7384	4	6000	8	No
8806526285	Industrial Gasket Non-Asbestos (Plant-Nashik)	25-May	14616	7915	3	6000	8	No
8806526285	Industrial Gasket Non-Asbestos (Plant-Aurangabad)	25-May	11199	13357	7	6000	8	Yes
8806526285	Industrial Gasket Non-Asbestos (Plant-Nagpur)	25-May	13326	14997	8	6000	8	Yes
8806526285	Industrial Gasket Non-Asbestos (Plant-Mumbai)	25-May	11511	9162	7	6000	8	No
8806526285	Industrial Gasket Non-Asbestos (Plant-Gujarat)	25-May	5326	5216	8	6000	8	No
8806526285	Industrial Gasket Non-Asbestos (Plant-Chennai)	25-May	16853	15793	8	6000	8	No
8806526285	Industrial Gasket Non-Asbestos (Plant-Bengaluru)	25-May	20859	10449	5	6000	8	No
8806526285	Industrial Gasket Non-Asbestos (Plant-Pune)	25-Jun	14732	16088	4	6000	8	Yes
8806526285	Industrial Gasket Non-Asbestos (Plant-Chakan)	25-Jun	20034	22854	8	6000	8	Yes
8806526285	Industrial Gasket Non-Asbestos (Plant-Talegaon)	25-Jun	5770	6519	4	6000	8	No
8806526285	Industrial Gasket Non-Asbestos (Plant-Nashik)	25-Jun	15478	10587	6	6000	8	No
8806526285	Industrial Gasket Non-Asbestos (Plant-Aurangabad)	25-Jun	15081	10240	4	6000	8	No
8806526285	Industrial Gasket Non-Asbestos (Plant-Nagpur)	25-Jun	17803	9263	5	6000	8	No
8806526285	Industrial Gasket Non-Asbestos (Plant-Mumbai)	25-Jun	5773	5506	4	6000	8	No
8806526285	Industrial Gasket Non-Asbestos (Plant-Gujarat)	25-Jun	16960	20163	4	6000	8	Yes
8806526285	Industrial Gasket Non-Asbestos (Plant-Chennai)	25-Jun	12056	14483	5	6000	8	Yes
8806526285	Industrial Gasket Non-Asbestos (Plant-Bengaluru)	25-Jun	18502	22610	6	6000	8	Yes
8806526285	Industrial Gasket Non-Asbestos (Plant-Pune)	25-Jul	18755	19860	6	6000	8	No
8806526285	Industrial Gasket Non-Asbestos (Plant-Chakan)	25-Jul	18308	12994	3	6000	8	No
8806526285	Industrial Gasket Non-Asbestos (Plant-Talegaon)	25-Jul	8888	8254	7	6000	8	No
8806526285	Industrial Gasket Non-Asbestos (Plant-Nashik)	25-Jul	19799	24337	8	6000	8	Yes
8806526285	Industrial Gasket Non-Asbestos (Plant-Aurangabad)	25-Jul	9700	10869	3	6000	8	No
8806526285	Industrial Gasket Non-Asbestos (Plant-Nagpur)	25-Jul	17421	12461	7	6000	8	No
8806526285	Industrial Gasket Non-Asbestos (Plant-Mumbai)	25-Jul	9652	8553	8	6000	8	No
8806526285	Industrial Gasket Non-Asbestos (Plant-Gujarat)	25-Jul	16641	15801	6	6000	8	No
8806526285	Industrial Gasket Non-Asbestos (Plant-Chennai)	25-Jul	5769	5690	4	6000	8	No
8806526285	Industrial Gasket Non-Asbestos (Plant-Bengaluru)	25-Jul	10324	5677	5	6000	8	No
8806526285	Industrial Gasket Non-Asbestos (Plant-Pune)	25-Aug	15948	19466	7	6000	8	Yes
8806526285	Industrial Gasket Non-Asbestos (Plant-Chakan)	25-Aug	13812	15863	5	6000	8	Yes
8806526285	Industrial Gasket Non-Asbestos (Plant-Talegaon)	25-Aug	7097	6075	6	6000	8	No
8806526285	Industrial Gasket Non-Asbestos (Plant-Nashik)	25-Aug	12216	13877	6	6000	8	Yes
8806526285	Industrial Gasket Non-Asbestos (Plant-Aurangabad)	25-Aug	20886	22128	8	6000	8	Yes
8806526285	Industrial Gasket Non-Asbestos (Plant-Nagpur)	25-Aug	14418	11816	5	6000	8	No
8806526285	Industrial Gasket Non-Asbestos (Plant-Mumbai)	25-Aug	4812	3718	6	6000	8	No
8806526285	Industrial Gasket Non-Asbestos (Plant-Gujarat)	25-Aug	17981	21501	8	6000	8	Yes
8806526285	Industrial Gasket Non-Asbestos (Plant-Chennai)	25-Aug	18623	17576	6	6000	8	No
8806526285	Industrial Gasket Non-Asbestos (Plant-Bengaluru)	25-Aug	11293	6981	3	6000	8	No
8806526285	Industrial Gasket Non-Asbestos (Plant-Pune)	25-Sep	10546	8720	5	6000	8	No
8806526285	Industrial Gasket Non-Asbestos (Plant-Chakan)	25-Sep	6045	5973	4	6000	8	No
8806526285	Industrial Gasket Non-Asbestos (Plant-Talegaon)	25-Sep	13857	8295	7	6000	8	No
8806526285	Industrial Gasket Non-Asbestos (Plant-Nashik)	25-Sep	17035	11939	8	6000	8	No
8806526285	Industrial Gasket Non-Asbestos (Plant-Aurangabad)	25-Sep	15397	11701	5	6000	8	No
8806526285	Industrial Gasket Non-Asbestos (Plant-Nagpur)	25-Sep	15584	18742	6	6000	8	Yes
8806526285	Industrial Gasket Non-Asbestos (Plant-Mumbai)	25-Sep	7331	6137	8	6000	8	No
8806526285	Industrial Gasket Non-Asbestos (Plant-Gujarat)	25-Sep	14166	14235	4	6000	8	No
8806526285	Industrial Gasket Non-Asbestos (Plant-Chennai)	25-Sep	20083	15138	8	6000	8	No
8806526285	Industrial Gasket Non-Asbestos (Plant-Bengaluru)	25-Sep	16107	19089	5	6000	8	Yes
8806526285	Industrial Gasket Non-Asbestos (Plant-Pune)	25-Oct	17647	11028	6	6000	8	No
8806526285	Industrial Gasket Non-Asbestos (Plant-Chakan)	25-Oct	12545	6418	8	6000	8	No
8806526285	Industrial Gasket Non-Asbestos (Plant-Talegaon)	25-Oct	7989	9665	5	6000	8	Yes
8806526285	Industrial Gasket Non-Asbestos (Plant-Nashik)	25-Oct	15559	16043	8	6000	8	No
8806526285	Industrial Gasket Non-Asbestos (Plant-Aurangabad)	25-Oct	18699	11950	6	6000	8	No
8806526285	Industrial Gasket Non-Asbestos (Plant-Nagpur)	25-Oct	7955	5548	3	6000	8	No
8806526285	Industrial Gasket Non-Asbestos (Plant-Mumbai)	25-Oct	16777	17764	6	6000	8	No
8806526285	Industrial Gasket Non-Asbestos (Plant-Gujarat)	25-Oct	5505	4641	3	6000	8	No
8806526285	Industrial Gasket Non-Asbestos (Plant-Chennai)	25-Oct	19205	21090	7	6000	8	Yes
8806526285	Industrial Gasket Non-Asbestos (Plant-Bengaluru)	25-Oct	7492	6380	6	6000	8	No
8806526285	Industrial Gasket Non-Asbestos (Plant-Pune)	25-Nov	5957	7359	3	6000	8	Yes
8806526285	Industrial Gasket Non-Asbestos (Plant-Chakan)	25-Nov	18240	17077	5	6000	8	No
8806526285	Industrial Gasket Non-Asbestos (Plant-Talegaon)	25-Nov	16733	11825	6	6000	8	No
8806526285	Industrial Gasket Non-Asbestos (Plant-Nashik)	25-Nov	6937	5637	7	6000	8	No
8806526285	Industrial Gasket Non-Asbestos (Plant-Aurangabad)	25-Nov	5712	6496	5	6000	8	No
8806526285	Industrial Gasket Non-Asbestos (Plant-Nagpur)	25-Nov	10073	7811	3	6000	8	No
8806526285	Industrial Gasket Non-Asbestos (Plant-Mumbai)	25-Nov	5265	6502	8	6000	8	Yes
8806526285	Industrial Gasket Non-Asbestos (Plant-Gujarat)	25-Nov	8692	7451	5	6000	8	No
8806526285	Industrial Gasket Non-Asbestos (Plant-Chennai)	25-Nov	5221	2965	4	6000	8	No
8806526285	Industrial Gasket Non-Asbestos (Plant-Bengaluru)	25-Nov	5498	6868	7	6000	8	Yes
8806526285	Industrial Gasket Non-Asbestos (Plant-Pune)	25-Dec	18399	13901	3	6000	8	No
8806526285	Industrial Gasket Non-Asbestos (Plant-Chakan)	25-Dec	14982	17788	7	6000	8	Yes
8806526285	Industrial Gasket Non-Asbestos (Plant-Talegaon)	25-Dec	16255	18892	6	6000	8	Yes
8806526285	Industrial Gasket Non-Asbestos (Plant-Nashik)	25-Dec	16440	11204	8	6000	8	No
8806526285	Industrial Gasket Non-Asbestos (Plant-Aurangabad)	25-Dec	12234	13341	5	6000	8	No
8806526285	Industrial Gasket Non-Asbestos (Plant-Nagpur)	25-Dec	16744	13866	5	6000	8	No
8806526285	Industrial Gasket Non-Asbestos (Plant-Mumbai)	25-Dec	17618	21675	7	6000	8	Yes
8806526285	Industrial Gasket Non-Asbestos (Plant-Gujarat)	25-Dec	16521	13798	4	6000	8	No
8806526285	Industrial Gasket Non-Asbestos (Plant-Chennai)	25-Dec	14977	15083	8	6000	8	No
8806526285	Industrial Gasket Non-Asbestos (Plant-Bengaluru)	25-Dec	19053	21205	8	6000	8	Yes
8806526285	Industrial Gasket Non-Asbestos (Plant-Pune)	26-Jan	10029	5533	7	6000	8	No
8806526285	Industrial Gasket Non-Asbestos (Plant-Chakan)	26-Jan	19357	17054	3	6000	8	No
8806526285	Industrial Gasket Non-Asbestos (Plant-Talegaon)	26-Jan	13009	14965	8	6000	8	Yes
8806526285	Industrial Gasket Non-Asbestos (Plant-Nashik)	26-Jan	6243	3369	5	6000	8	No
8806526285	Industrial Gasket Non-Asbestos (Plant-Aurangabad)	26-Jan	13826	16006	7	6000	8	Yes
8806526285	Industrial Gasket Non-Asbestos (Plant-Nagpur)	26-Jan	11642	7412	3	6000	8	No
8806526285	Industrial Gasket Non-Asbestos (Plant-Mumbai)	26-Jan	16657	11182	5	6000	8	No
8806526285	Industrial Gasket Non-Asbestos (Plant-Gujarat)	26-Jan	4959	4389	7	6000	8	No
8806526285	Industrial Gasket Non-Asbestos (Plant-Chennai)	26-Jan	7393	7778	7	6000	8	No
8806526285	Industrial Gasket Non-Asbestos (Plant-Bengaluru)	26-Jan	8082	6241	7	6000	8	No
8806526285	Industrial Gasket Non-Asbestos (Plant-Pune)	26-Feb	8543	9507	4	6000	8	No
8806526285	Industrial Gasket Non-Asbestos (Plant-Chakan)	26-Feb	12695	14666	8	6000	8	Yes
8806526285	Industrial Gasket Non-Asbestos (Plant-Talegaon)	26-Feb	6797	7960	7	6000	8	No
8806526285	Industrial Gasket Non-Asbestos (Plant-Nashik)	26-Feb	20693	13664	5	6000	8	No
8806526285	Industrial Gasket Non-Asbestos (Plant-Aurangabad)	26-Feb	14807	8890	4	6000	8	No
8806526285	Industrial Gasket Non-Asbestos (Plant-Nagpur)	26-Feb	20127	17737	5	6000	8	No
8806526285	Industrial Gasket Non-Asbestos (Plant-Mumbai)	26-Feb	10972	9824	3	6000	8	No
8806526285	Industrial Gasket Non-Asbestos (Plant-Gujarat)	26-Feb	15075	15907	3	6000	8	No
8806526285	Industrial Gasket Non-Asbestos (Plant-Chennai)	26-Feb	9438	5178	8	6000	8	No
8806526285	Industrial Gasket Non-Asbestos (Plant-Bengaluru)	26-Feb	18694	16007	4	6000	8	No
8806526285	Industrial Gasket Non-Asbestos (Plant-Pune)	26-Mar	16217	9776	4	6000	8	No
8806526285	Industrial Gasket Non-Asbestos (Plant-Chakan)	26-Mar	18116	9219	3	6000	8	No
8806526285	Industrial Gasket Non-Asbestos (Plant-Talegaon)	26-Mar	6462	3400	8	6000	8	No
8806526285	Industrial Gasket Non-Asbestos (Plant-Nashik)	26-Mar	8517	8093	3	6000	8	No
8806526285	Industrial Gasket Non-Asbestos (Plant-Aurangabad)	26-Mar	11640	13766	8	6000	8	Yes
8806526285	Industrial Gasket Non-Asbestos (Plant-Nagpur)	26-Mar	11597	10940	5	6000	8	No
8806526285	Industrial Gasket Non-Asbestos (Plant-Mumbai)	26-Mar	6139	6365	6	6000	8	No
8806526285	Industrial Gasket Non-Asbestos (Plant-Gujarat)	26-Mar	10423	11419	8	6000	8	No
8806526285	Industrial Gasket Non-Asbestos (Plant-Chennai)	26-Mar	5448	2956	5	6000	8	No
8806526285	Industrial Gasket Non-Asbestos (Plant-Bengaluru)	26-Mar	17729	19911	6	6000	8	Yes
8806526285	Industrial Gasket Non-Asbestos (Plant-Pune)	26-Apr	14005	13292	8	6000	8	No
8806526285	Industrial Gasket Non-Asbestos (Plant-Chakan)	26-Apr	14314	16231	8	6000	8	Yes
8806526285	Industrial Gasket Non-Asbestos (Plant-Talegaon)	26-Apr	14030	9130	4	6000	8	No
8806526285	Industrial Gasket Non-Asbestos (Plant-Nashik)	26-Apr	17740	15580	8	6000	8	No
8806526285	Industrial Gasket Non-Asbestos (Plant-Aurangabad)	26-Apr	5345	3886	7	6000	8	No
8806526285	Industrial Gasket Non-Asbestos (Plant-Nagpur)	26-Apr	19966	20846	8	6000	8	No
8806526285	Industrial Gasket Non-Asbestos (Plant-Mumbai)	26-Apr	19748	18575	6	6000	8	No
8806526285	Industrial Gasket Non-Asbestos (Plant-Gujarat)	26-Apr	13117	14585	8	6000	8	Yes
8806526285	Industrial Gasket Non-Asbestos (Plant-Chennai)	26-Apr	13881	7382	7	6000	8	No
8806526285	Industrial Gasket Non-Asbestos (Plant-Bengaluru)	26-Apr	19897	23833	4	6000	8	Yes
8806526285	Industrial Gasket Non-Asbestos (Plant-Pune)	26-May	8950	9301	5	6000	8	No
8806526285	Industrial Gasket Non-Asbestos (Plant-Chakan)	26-May	16243	19987	5	6000	8	Yes
8806526285	Industrial Gasket Non-Asbestos (Plant-Talegaon)	26-May	15538	8354	5	6000	8	No
8806526285	Industrial Gasket Non-Asbestos (Plant-Nashik)	26-May	10551	7992	4	6000	8	No
8806526285	Industrial Gasket Non-Asbestos (Plant-Aurangabad)	26-May	13749	11282	8	6000	8	No
8806526285	Industrial Gasket Non-Asbestos (Plant-Nagpur)	26-May	17298	9189	4	6000	8	No
8806526285	Industrial Gasket Non-Asbestos (Plant-Mumbai)	26-May	9216	10298	6	6000	8	No
8806526285	Industrial Gasket Non-Asbestos (Plant-Gujarat)	26-May	13681	10428	7	6000	8	No
8806526285	Industrial Gasket Non-Asbestos (Plant-Chennai)	26-May	5578	4783	8	6000	8	No
8806526285	Industrial Gasket Non-Asbestos (Plant-Bengaluru)	26-May	10506	7564	8	6000	8	No
8806526285	Industrial Gasket Non-Asbestos (Plant-Pune)	26-Jun	8617	9273	8	6000	8	No
8806526285	Industrial Gasket Non-Asbestos (Plant-Chakan)	26-Jun	10597	8181	3	6000	8	No
8806526285	Industrial Gasket Non-Asbestos (Plant-Talegaon)	26-Jun	19115	16839	4	6000	8	No
8806526285	Industrial Gasket Non-Asbestos (Plant-Nashik)	26-Jun	16045	11471	6	6000	8	No
8806526285	Industrial Gasket Non-Asbestos (Plant-Aurangabad)	26-Jun	19529	13938	5	6000	8	No
8806526285	Industrial Gasket Non-Asbestos (Plant-Nagpur)	26-Jun	20511	18959	5	6000	8	No
8806526285	Industrial Gasket Non-Asbestos (Plant-Mumbai)	26-Jun	6467	7245	4	6000	8	No
8806526285	Industrial Gasket Non-Asbestos (Plant-Gujarat)	26-Jun	7929	9536	8	6000	8	Yes
8806526285	Industrial Gasket Non-Asbestos (Plant-Chennai)	26-Jun	10432	8460	3	6000	8	No
8806526285	Industrial Gasket Non-Asbestos (Plant-Bengaluru)	26-Jun	20847	19464	4	6000	8	No
8806526286	AC Induction Motor 10HP (Plant-Pune)	25-Jan	198	222	35	80	850	Yes
8806526286	AC Induction Motor 10HP (Plant-Chakan)	25-Jan	148	163	35	80	850	No
8806526286	AC Induction Motor 10HP (Plant-Talegaon)	25-Jan	210	260	38	80	850	Yes
8806526286	AC Induction Motor 10HP (Plant-Nashik)	25-Jan	253	237	38	80	850	No
8806526286	AC Induction Motor 10HP (Plant-Aurangabad)	25-Jan	176	189	37	80	850	No
8806526286	AC Induction Motor 10HP (Plant-Nagpur)	25-Jan	72	38	34	80	850	No
8806526286	AC Induction Motor 10HP (Plant-Mumbai)	25-Jan	109	120	38	80	850	No
8806526286	AC Induction Motor 10HP (Plant-Gujarat)	25-Jan	227	135	38	80	850	No
8806526286	AC Induction Motor 10HP (Plant-Chennai)	25-Jan	279	306	37	80	850	Yes
8806526286	AC Induction Motor 10HP (Plant-Bengaluru)	25-Jan	238	176	37	80	850	No
8806526286	AC Induction Motor 10HP (Plant-Pune)	25-Feb	239	205	35	80	850	No
8806526286	AC Induction Motor 10HP (Plant-Chakan)	25-Feb	248	257	33	80	850	No
8806526286	AC Induction Motor 10HP (Plant-Talegaon)	25-Feb	247	285	34	80	850	Yes
8806526286	AC Induction Motor 10HP (Plant-Nashik)	25-Feb	117	95	38	80	850	No
8806526286	AC Induction Motor 10HP (Plant-Aurangabad)	25-Feb	95	76	37	80	850	No
8806526286	AC Induction Motor 10HP (Plant-Nagpur)	25-Feb	106	78	36	80	850	No
8806526286	AC Induction Motor 10HP (Plant-Mumbai)	25-Feb	139	133	34	80	850	No
8806526286	AC Induction Motor 10HP (Plant-Gujarat)	25-Feb	269	274	36	80	850	No
8806526286	AC Induction Motor 10HP (Plant-Chennai)	25-Feb	273	265	38	80	850	No
8806526286	AC Induction Motor 10HP (Plant-Bengaluru)	25-Feb	93	88	36	80	850	No
8806526286	AC Induction Motor 10HP (Plant-Pune)	25-Mar	249	262	36	80	850	No
8806526286	AC Induction Motor 10HP (Plant-Chakan)	25-Mar	115	112	36	80	850	No
8806526286	AC Induction Motor 10HP (Plant-Talegaon)	25-Mar	218	250	35	80	850	Yes
8806526286	AC Induction Motor 10HP (Plant-Nashik)	25-Mar	197	233	36	80	850	Yes
8806526286	AC Induction Motor 10HP (Plant-Aurangabad)	25-Mar	149	117	37	80	850	No
8806526286	AC Induction Motor 10HP (Plant-Nagpur)	25-Mar	73	37	35	80	850	No
8806526286	AC Induction Motor 10HP (Plant-Mumbai)	25-Mar	207	225	37	80	850	Yes
8806526286	AC Induction Motor 10HP (Plant-Gujarat)	25-Mar	130	109	33	80	850	No
8806526286	AC Induction Motor 10HP (Plant-Chennai)	25-Mar	243	256	33	80	850	No
8806526286	AC Induction Motor 10HP (Plant-Bengaluru)	25-Mar	181	209	35	80	850	Yes
8806526286	AC Induction Motor 10HP (Plant-Pune)	25-Apr	191	102	38	80	850	No
8806526286	AC Induction Motor 10HP (Plant-Chakan)	25-Apr	238	280	34	80	850	Yes
8806526286	AC Induction Motor 10HP (Plant-Talegaon)	25-Apr	265	264	37	80	850	No
8806526286	AC Induction Motor 10HP (Plant-Nashik)	25-Apr	149	76	36	80	850	No
8806526286	AC Induction Motor 10HP (Plant-Aurangabad)	25-Apr	138	98	33	80	850	No
8806526286	AC Induction Motor 10HP (Plant-Nagpur)	25-Apr	212	190	38	80	850	No
8806526286	AC Induction Motor 10HP (Plant-Mumbai)	25-Apr	252	263	35	80	850	No
8806526286	AC Induction Motor 10HP (Plant-Gujarat)	25-Apr	103	121	38	80	850	Yes
8806526286	AC Induction Motor 10HP (Plant-Chennai)	25-Apr	71	36	36	80	850	No
8806526286	AC Induction Motor 10HP (Plant-Bengaluru)	25-Apr	76	44	37	80	850	No
8806526286	AC Induction Motor 10HP (Plant-Pune)	25-May	153	100	33	80	850	No
8806526286	AC Induction Motor 10HP (Plant-Chakan)	25-May	93	102	38	80	850	No
8806526286	AC Induction Motor 10HP (Plant-Talegaon)	25-May	72	38	36	80	850	No
8806526286	AC Induction Motor 10HP (Plant-Nashik)	25-May	64	49	38	80	850	No
8806526286	AC Induction Motor 10HP (Plant-Aurangabad)	25-May	189	188	36	80	850	No
8806526286	AC Induction Motor 10HP (Plant-Nagpur)	25-May	130	115	35	80	850	No
8806526286	AC Induction Motor 10HP (Plant-Mumbai)	25-May	248	245	38	80	850	No
8806526286	AC Induction Motor 10HP (Plant-Gujarat)	25-May	94	94	38	80	850	No
8806526286	AC Induction Motor 10HP (Plant-Chennai)	25-May	268	227	36	80	850	No
8806526286	AC Induction Motor 10HP (Plant-Bengaluru)	25-May	207	243	33	80	850	Yes
8806526286	AC Induction Motor 10HP (Plant-Pune)	25-Jun	133	125	37	80	850	No
8806526286	AC Induction Motor 10HP (Plant-Chakan)	25-Jun	177	146	33	80	850	No
8806526286	AC Induction Motor 10HP (Plant-Talegaon)	25-Jun	81	52	34	80	850	No
8806526286	AC Induction Motor 10HP (Plant-Nashik)	25-Jun	206	195	36	80	850	No
8806526286	AC Induction Motor 10HP (Plant-Aurangabad)	25-Jun	145	90	36	80	850	No
8806526286	AC Induction Motor 10HP (Plant-Nagpur)	25-Jun	250	299	35	80	850	Yes
8806526286	AC Induction Motor 10HP (Plant-Mumbai)	25-Jun	214	204	37	80	850	No
8806526286	AC Induction Motor 10HP (Plant-Gujarat)	25-Jun	116	122	36	80	850	No
8806526286	AC Induction Motor 10HP (Plant-Chennai)	25-Jun	111	124	37	80	850	No
8806526286	AC Induction Motor 10HP (Plant-Bengaluru)	25-Jun	87	76	36	80	850	No
8806526286	AC Induction Motor 10HP (Plant-Pune)	25-Jul	240	152	33	80	850	No
8806526286	AC Induction Motor 10HP (Plant-Chakan)	25-Jul	134	155	34	80	850	Yes
8806526286	AC Induction Motor 10HP (Plant-Talegaon)	25-Jul	220	258	35	80	850	Yes
8806526286	AC Induction Motor 10HP (Plant-Nashik)	25-Jul	201	193	37	80	850	No
8806526286	AC Induction Motor 10HP (Plant-Aurangabad)	25-Jul	213	175	34	80	850	No
8806526286	AC Induction Motor 10HP (Plant-Nagpur)	25-Jul	161	182	36	80	850	Yes
8806526286	AC Induction Motor 10HP (Plant-Mumbai)	25-Jul	126	89	37	80	850	No
8806526286	AC Induction Motor 10HP (Plant-Gujarat)	25-Jul	185	197	34	80	850	No
8806526286	AC Induction Motor 10HP (Plant-Chennai)	25-Jul	265	222	35	80	850	No
8806526286	AC Induction Motor 10HP (Plant-Bengaluru)	25-Jul	267	278	38	80	850	No
8806526286	AC Induction Motor 10HP (Plant-Pune)	25-Aug	249	242	37	80	850	No
8806526286	AC Induction Motor 10HP (Plant-Chakan)	25-Aug	87	56	33	80	850	No
8806526286	AC Induction Motor 10HP (Plant-Talegaon)	25-Aug	101	64	33	80	850	No
8806526286	AC Induction Motor 10HP (Plant-Nashik)	25-Aug	202	179	36	80	850	No
8806526286	AC Induction Motor 10HP (Plant-Aurangabad)	25-Aug	83	54	38	80	850	No
8806526286	AC Induction Motor 10HP (Plant-Nagpur)	25-Aug	270	169	34	80	850	No
8806526286	AC Induction Motor 10HP (Plant-Mumbai)	25-Aug	83	89	36	80	850	No
8806526286	AC Induction Motor 10HP (Plant-Gujarat)	25-Aug	131	69	34	80	850	No
8806526286	AC Induction Motor 10HP (Plant-Chennai)	25-Aug	116	142	38	80	850	Yes
8806526286	AC Induction Motor 10HP (Plant-Bengaluru)	25-Aug	75	54	38	80	850	No
8806526286	AC Induction Motor 10HP (Plant-Pune)	25-Sep	181	191	37	80	850	No
8806526286	AC Induction Motor 10HP (Plant-Chakan)	25-Sep	186	137	34	80	850	No
8806526286	AC Induction Motor 10HP (Plant-Talegaon)	25-Sep	93	59	34	80	850	No
8806526286	AC Induction Motor 10HP (Plant-Nashik)	25-Sep	180	140	38	80	850	No
8806526286	AC Induction Motor 10HP (Plant-Aurangabad)	25-Sep	252	140	38	80	850	No
8806526286	AC Induction Motor 10HP (Plant-Nagpur)	25-Sep	164	103	33	80	850	No
8806526286	AC Induction Motor 10HP (Plant-Mumbai)	25-Sep	132	147	35	80	850	No
8806526286	AC Induction Motor 10HP (Plant-Gujarat)	25-Sep	163	184	35	80	850	Yes
8806526286	AC Induction Motor 10HP (Plant-Chennai)	25-Sep	268	334	37	80	850	Yes
8806526286	AC Induction Motor 10HP (Plant-Bengaluru)	25-Sep	191	141	37	80	850	No
8806526286	AC Induction Motor 10HP (Plant-Pune)	25-Oct	89	45	33	80	850	No
8806526286	AC Induction Motor 10HP (Plant-Chakan)	25-Oct	64	51	36	80	850	No
8806526286	AC Induction Motor 10HP (Plant-Talegaon)	25-Oct	87	85	34	80	850	No
8806526286	AC Induction Motor 10HP (Plant-Nashik)	25-Oct	268	156	34	80	850	No
8806526286	AC Induction Motor 10HP (Plant-Aurangabad)	25-Oct	226	231	38	80	850	No
8806526286	AC Induction Motor 10HP (Plant-Nagpur)	25-Oct	270	169	34	80	850	No
8806526286	AC Induction Motor 10HP (Plant-Mumbai)	25-Oct	227	180	35	80	850	No
8806526286	AC Induction Motor 10HP (Plant-Gujarat)	25-Oct	231	123	34	80	850	No
8806526286	AC Induction Motor 10HP (Plant-Chennai)	25-Oct	277	143	33	80	850	No
8806526286	AC Induction Motor 10HP (Plant-Bengaluru)	25-Oct	247	264	36	80	850	Yes
8806526286	AC Induction Motor 10HP (Plant-Pune)	25-Nov	80	43	38	80	850	No
8806526286	AC Induction Motor 10HP (Plant-Chakan)	25-Nov	108	56	38	80	850	No
8806526286	AC Induction Motor 10HP (Plant-Talegaon)	25-Nov	190	210	38	80	850	Yes
8806526286	AC Induction Motor 10HP (Plant-Nashik)	25-Nov	199	120	38	80	850	No
8806526286	AC Induction Motor 10HP (Plant-Aurangabad)	25-Nov	183	119	34	80	850	No
8806526286	AC Induction Motor 10HP (Plant-Nagpur)	25-Nov	180	125	33	80	850	No
8806526286	AC Induction Motor 10HP (Plant-Mumbai)	25-Nov	261	165	33	80	850	No
8806526286	AC Induction Motor 10HP (Plant-Gujarat)	25-Nov	111	77	38	80	850	No
8806526286	AC Induction Motor 10HP (Plant-Chennai)	25-Nov	135	130	37	80	850	No
8806526286	AC Induction Motor 10HP (Plant-Bengaluru)	25-Nov	237	232	37	80	850	No
8806526286	AC Induction Motor 10HP (Plant-Pune)	25-Dec	185	194	36	80	850	No
8806526286	AC Induction Motor 10HP (Plant-Chakan)	25-Dec	233	283	36	80	850	Yes
8806526286	AC Induction Motor 10HP (Plant-Talegaon)	25-Dec	118	74	38	80	850	No
8806526286	AC Induction Motor 10HP (Plant-Nashik)	25-Dec	86	56	38	80	850	No
8806526286	AC Induction Motor 10HP (Plant-Aurangabad)	25-Dec	268	134	34	80	850	No
8806526286	AC Induction Motor 10HP (Plant-Nagpur)	25-Dec	242	232	38	80	850	No
8806526286	AC Induction Motor 10HP (Plant-Mumbai)	25-Dec	244	286	37	80	850	Yes
8806526286	AC Induction Motor 10HP (Plant-Gujarat)	25-Dec	160	101	35	80	850	No
8806526286	AC Induction Motor 10HP (Plant-Chennai)	25-Dec	146	121	38	80	850	No
8806526286	AC Induction Motor 10HP (Plant-Bengaluru)	25-Dec	66	75	36	80	850	No
8806526286	AC Induction Motor 10HP (Plant-Pune)	26-Jan	171	199	38	80	850	Yes
8806526286	AC Induction Motor 10HP (Plant-Chakan)	26-Jan	72	56	36	80	850	No
8806526286	AC Induction Motor 10HP (Plant-Talegaon)	26-Jan	76	42	38	80	850	No
8806526286	AC Induction Motor 10HP (Plant-Nashik)	26-Jan	125	123	36	80	850	No
8806526286	AC Induction Motor 10HP (Plant-Aurangabad)	26-Jan	276	270	34	80	850	No
8806526286	AC Induction Motor 10HP (Plant-Nagpur)	26-Jan	249	213	34	80	850	No
8806526286	AC Induction Motor 10HP (Plant-Mumbai)	26-Jan	272	194	38	80	850	No
8806526286	AC Induction Motor 10HP (Plant-Gujarat)	26-Jan	223	178	33	80	850	No
8806526286	AC Induction Motor 10HP (Plant-Chennai)	26-Jan	115	121	34	80	850	No
8806526286	AC Induction Motor 10HP (Plant-Bengaluru)	26-Jan	247	227	36	80	850	No
8806526286	AC Induction Motor 10HP (Plant-Pune)	26-Feb	127	117	37	80	850	No
8806526286	AC Induction Motor 10HP (Plant-Chakan)	26-Feb	172	111	33	80	850	No
8806526286	AC Induction Motor 10HP (Plant-Talegaon)	26-Feb	234	284	38	80	850	Yes
8806526286	AC Induction Motor 10HP (Plant-Nashik)	26-Feb	140	137	34	80	850	No
8806526286	AC Induction Motor 10HP (Plant-Aurangabad)	26-Feb	234	222	37	80	850	No
8806526286	AC Induction Motor 10HP (Plant-Nagpur)	26-Feb	145	96	37	80	850	No
8806526286	AC Induction Motor 10HP (Plant-Mumbai)	26-Feb	252	229	34	80	850	No
8806526286	AC Induction Motor 10HP (Plant-Gujarat)	26-Feb	221	266	36	80	850	Yes
8806526286	AC Induction Motor 10HP (Plant-Chennai)	26-Feb	226	151	36	80	850	No
8806526286	AC Induction Motor 10HP (Plant-Bengaluru)	26-Feb	183	127	37	80	850	No
8806526286	AC Induction Motor 10HP (Plant-Pune)	26-Mar	203	174	37	80	850	No
8806526286	AC Induction Motor 10HP (Plant-Chakan)	26-Mar	82	63	35	80	850	No
8806526286	AC Induction Motor 10HP (Plant-Talegaon)	26-Mar	253	142	34	80	850	No
8806526286	AC Induction Motor 10HP (Plant-Nashik)	26-Mar	246	248	34	80	850	No
8806526286	AC Induction Motor 10HP (Plant-Aurangabad)	26-Mar	103	56	38	80	850	No
8806526286	AC Induction Motor 10HP (Plant-Nagpur)	26-Mar	254	233	35	80	850	No
8806526286	AC Induction Motor 10HP (Plant-Mumbai)	26-Mar	174	128	33	80	850	No
8806526286	AC Induction Motor 10HP (Plant-Gujarat)	26-Mar	211	213	35	80	850	No
8806526286	AC Induction Motor 10HP (Plant-Chennai)	26-Mar	246	249	33	80	850	No
8806526286	AC Induction Motor 10HP (Plant-Bengaluru)	26-Mar	268	303	36	80	850	Yes
8806526286	AC Induction Motor 10HP (Plant-Pune)	26-Apr	71	47	33	80	850	No
8806526286	AC Induction Motor 10HP (Plant-Chakan)	26-Apr	250	265	37	80	850	No
8806526286	AC Induction Motor 10HP (Plant-Talegaon)	26-Apr	92	69	36	80	850	No
8806526286	AC Induction Motor 10HP (Plant-Nashik)	26-Apr	218	156	34	80	850	No
8806526286	AC Induction Motor 10HP (Plant-Aurangabad)	26-Apr	235	257	35	80	850	Yes
8806526286	AC Induction Motor 10HP (Plant-Nagpur)	26-Apr	88	91	36	80	850	No
8806526286	AC Induction Motor 10HP (Plant-Mumbai)	26-Apr	196	197	33	80	850	No
8806526286	AC Induction Motor 10HP (Plant-Gujarat)	26-Apr	275	172	38	80	850	No
8806526286	AC Induction Motor 10HP (Plant-Chennai)	26-Apr	102	56	36	80	850	No
8806526286	AC Induction Motor 10HP (Plant-Bengaluru)	26-Apr	71	52	38	80	850	No
8806526286	AC Induction Motor 10HP (Plant-Pune)	26-May	103	119	33	80	850	No
8806526286	AC Induction Motor 10HP (Plant-Chakan)	26-May	225	156	35	80	850	No
8806526286	AC Induction Motor 10HP (Plant-Talegaon)	26-May	166	163	33	80	850	No
8806526286	AC Induction Motor 10HP (Plant-Nashik)	26-May	176	206	36	80	850	Yes
8806526286	AC Induction Motor 10HP (Plant-Aurangabad)	26-May	123	123	37	80	850	No
8806526286	AC Induction Motor 10HP (Plant-Nagpur)	26-May	207	164	34	80	850	No
8806526286	AC Induction Motor 10HP (Plant-Mumbai)	26-May	160	121	34	80	850	No
8806526286	AC Induction Motor 10HP (Plant-Gujarat)	26-May	130	89	37	80	850	No
8806526286	AC Induction Motor 10HP (Plant-Chennai)	26-May	76	50	34	80	850	No
8806526286	AC Induction Motor 10HP (Plant-Bengaluru)	26-May	100	72	35	80	850	No
8806526286	AC Induction Motor 10HP (Plant-Pune)	26-Jun	212	123	35	80	850	No
8806526286	AC Induction Motor 10HP (Plant-Chakan)	26-Jun	70	57	37	80	850	No
8806526286	AC Induction Motor 10HP (Plant-Talegaon)	26-Jun	241	217	36	80	850	No
8806526286	AC Induction Motor 10HP (Plant-Nashik)	26-Jun	85	77	34	80	850	No
8806526286	AC Induction Motor 10HP (Plant-Aurangabad)	26-Jun	174	145	38	80	850	No
8806526286	AC Induction Motor 10HP (Plant-Nagpur)	26-Jun	242	160	36	80	850	No
8806526286	AC Induction Motor 10HP (Plant-Mumbai)	26-Jun	267	275	35	80	850	No
8806526286	AC Induction Motor 10HP (Plant-Gujarat)	26-Jun	218	164	34	80	850	No
8806526286	AC Induction Motor 10HP (Plant-Chennai)	26-Jun	76	88	37	80	850	No
8806526286	AC Induction Motor 10HP (Plant-Bengaluru)	26-Jun	197	136	33	80	850	No
8806526287	Cast Iron Valve Box (Plant-Pune)	25-Jan	1436	1668	30	500	60	Yes
8806526287	Cast Iron Valve Box (Plant-Chakan)	25-Jan	1366	1185	31	500	60	No
8806526287	Cast Iron Valve Box (Plant-Talegaon)	25-Jan	871	699	26	500	60	No
8806526287	Cast Iron Valve Box (Plant-Nashik)	25-Jan	460	307	29	500	60	No
8806526287	Cast Iron Valve Box (Plant-Aurangabad)	25-Jan	1586	1688	28	500	60	Yes
8806526287	Cast Iron Valve Box (Plant-Nagpur)	25-Jan	1136	584	27	500	60	No
8806526287	Cast Iron Valve Box (Plant-Mumbai)	25-Jan	1699	1949	30	500	60	Yes
8806526287	Cast Iron Valve Box (Plant-Gujarat)	25-Jan	1697	1376	30	500	60	No
8806526287	Cast Iron Valve Box (Plant-Chennai)	25-Jan	1493	1443	28	500	60	No
8806526287	Cast Iron Valve Box (Plant-Bengaluru)	25-Jan	512	379	31	500	60	No
8806526287	Cast Iron Valve Box (Plant-Pune)	25-Feb	1270	1386	27	500	60	Yes
8806526287	Cast Iron Valve Box (Plant-Chakan)	25-Feb	1158	1137	29	500	60	No
8806526287	Cast Iron Valve Box (Plant-Talegaon)	25-Feb	837	973	31	500	60	Yes
8806526287	Cast Iron Valve Box (Plant-Nashik)	25-Feb	1128	981	26	500	60	No
8806526287	Cast Iron Valve Box (Plant-Aurangabad)	25-Feb	1111	919	27	500	60	No
8806526287	Cast Iron Valve Box (Plant-Nagpur)	25-Feb	416	279	27	500	60	No
8806526287	Cast Iron Valve Box (Plant-Mumbai)	25-Feb	602	369	31	500	60	No
8806526287	Cast Iron Valve Box (Plant-Gujarat)	25-Feb	635	597	27	500	60	No
8806526287	Cast Iron Valve Box (Plant-Chennai)	25-Feb	1185	1354	31	500	60	Yes
8806526287	Cast Iron Valve Box (Plant-Bengaluru)	25-Feb	1208	901	26	500	60	No
8806526287	Cast Iron Valve Box (Plant-Pune)	25-Mar	719	538	28	500	60	No
8806526287	Cast Iron Valve Box (Plant-Chakan)	25-Mar	447	341	29	500	60	No
8806526287	Cast Iron Valve Box (Plant-Talegaon)	25-Mar	1376	1616	31	500	60	Yes
8806526287	Cast Iron Valve Box (Plant-Nashik)	25-Mar	893	948	27	500	60	No
8806526287	Cast Iron Valve Box (Plant-Aurangabad)	25-Mar	1507	1472	28	500	60	No
8806526287	Cast Iron Valve Box (Plant-Nagpur)	25-Mar	1127	1196	30	500	60	No
8806526287	Cast Iron Valve Box (Plant-Mumbai)	25-Mar	1158	1160	29	500	60	No
8806526287	Cast Iron Valve Box (Plant-Gujarat)	25-Mar	1210	1181	30	500	60	No
8806526287	Cast Iron Valve Box (Plant-Chennai)	25-Mar	416	355	26	500	60	No
8806526287	Cast Iron Valve Box (Plant-Bengaluru)	25-Mar	710	593	26	500	60	No
8806526287	Cast Iron Valve Box (Plant-Pune)	25-Apr	493	318	31	500	60	No
8806526287	Cast Iron Valve Box (Plant-Chakan)	25-Apr	518	315	26	500	60	No
8806526287	Cast Iron Valve Box (Plant-Talegaon)	25-Apr	1660	1332	31	500	60	No
8806526287	Cast Iron Valve Box (Plant-Nashik)	25-Apr	1705	1484	28	500	60	No
8806526287	Cast Iron Valve Box (Plant-Aurangabad)	25-Apr	470	494	28	500	60	No
8806526287	Cast Iron Valve Box (Plant-Nagpur)	25-Apr	784	796	27	500	60	No
8806526287	Cast Iron Valve Box (Plant-Mumbai)	25-Apr	842	618	30	500	60	No
8806526287	Cast Iron Valve Box (Plant-Gujarat)	25-Apr	939	736	27	500	60	No
8806526287	Cast Iron Valve Box (Plant-Chennai)	25-Apr	1501	1073	27	500	60	No
8806526287	Cast Iron Valve Box (Plant-Bengaluru)	25-Apr	1262	662	29	500	60	No
8806526287	Cast Iron Valve Box (Plant-Pune)	25-May	1007	609	29	500	60	No
8806526287	Cast Iron Valve Box (Plant-Chakan)	25-May	1067	931	26	500	60	No
8806526287	Cast Iron Valve Box (Plant-Talegaon)	25-May	1561	848	31	500	60	No
8806526287	Cast Iron Valve Box (Plant-Nashik)	25-May	1222	848	31	500	60	No
8806526287	Cast Iron Valve Box (Plant-Aurangabad)	25-May	1157	965	27	500	60	No
8806526287	Cast Iron Valve Box (Plant-Nagpur)	25-May	1099	1321	29	500	60	Yes
8806526287	Cast Iron Valve Box (Plant-Mumbai)	25-May	1012	822	29	500	60	No
8806526287	Cast Iron Valve Box (Plant-Gujarat)	25-May	1518	1084	28	500	60	No
8806526287	Cast Iron Valve Box (Plant-Chennai)	25-May	1618	857	29	500	60	No
8806526287	Cast Iron Valve Box (Plant-Bengaluru)	25-May	985	558	27	500	60	No
8806526287	Cast Iron Valve Box (Plant-Pune)	25-Jun	1285	808	28	500	60	No
8806526287	Cast Iron Valve Box (Plant-Chakan)	25-Jun	1455	919	29	500	60	No
8806526287	Cast Iron Valve Box (Plant-Talegaon)	25-Jun	564	393	28	500	60	No
8806526287	Cast Iron Valve Box (Plant-Nashik)	25-Jun	560	388	26	500	60	No
8806526287	Cast Iron Valve Box (Plant-Aurangabad)	25-Jun	763	811	31	500	60	No
8806526287	Cast Iron Valve Box (Plant-Nagpur)	25-Jun	548	618	31	500	60	No
8806526287	Cast Iron Valve Box (Plant-Mumbai)	25-Jun	1600	1232	30	500	60	No
8806526287	Cast Iron Valve Box (Plant-Gujarat)	25-Jun	1171	1266	26	500	60	No
8806526287	Cast Iron Valve Box (Plant-Chennai)	25-Jun	1084	602	26	500	60	No
8806526287	Cast Iron Valve Box (Plant-Bengaluru)	25-Jun	608	696	27	500	60	No
8806526287	Cast Iron Valve Box (Plant-Pune)	25-Jul	1305	1049	31	500	60	No
8806526287	Cast Iron Valve Box (Plant-Chakan)	25-Jul	1081	1184	29	500	60	Yes
8806526287	Cast Iron Valve Box (Plant-Talegaon)	25-Jul	1203	1162	31	500	60	No
8806526287	Cast Iron Valve Box (Plant-Nashik)	25-Jul	548	471	31	500	60	No
8806526287	Cast Iron Valve Box (Plant-Aurangabad)	25-Jul	499	321	27	500	60	No
8806526287	Cast Iron Valve Box (Plant-Nagpur)	25-Jul	1655	932	26	500	60	No
8806526287	Cast Iron Valve Box (Plant-Mumbai)	25-Jul	1077	856	28	500	60	No
8806526287	Cast Iron Valve Box (Plant-Gujarat)	25-Jul	1052	1063	27	500	60	No
8806526287	Cast Iron Valve Box (Plant-Chennai)	25-Jul	613	498	27	500	60	No
8806526287	Cast Iron Valve Box (Plant-Bengaluru)	25-Jul	1239	1019	29	500	60	No
8806526287	Cast Iron Valve Box (Plant-Pune)	25-Aug	1590	1085	26	500	60	No
8806526287	Cast Iron Valve Box (Plant-Chakan)	25-Aug	1192	1188	27	500	60	No
8806526287	Cast Iron Valve Box (Plant-Talegaon)	25-Aug	1636	2008	26	500	60	Yes
8806526287	Cast Iron Valve Box (Plant-Nashik)	25-Aug	1602	1115	30	500	60	No
8806526287	Cast Iron Valve Box (Plant-Aurangabad)	25-Aug	466	318	31	500	60	No
8806526287	Cast Iron Valve Box (Plant-Nagpur)	25-Aug	1014	947	31	500	60	No
8806526287	Cast Iron Valve Box (Plant-Mumbai)	25-Aug	900	651	29	500	60	No
8806526287	Cast Iron Valve Box (Plant-Gujarat)	25-Aug	1231	947	29	500	60	No
8806526287	Cast Iron Valve Box (Plant-Chennai)	25-Aug	1354	1391	26	500	60	No
8806526287	Cast Iron Valve Box (Plant-Bengaluru)	25-Aug	1495	1835	27	500	60	Yes
8806526287	Cast Iron Valve Box (Plant-Pune)	25-Sep	413	341	30	500	60	No
8806526287	Cast Iron Valve Box (Plant-Chakan)	25-Sep	1282	1005	27	500	60	No
8806526287	Cast Iron Valve Box (Plant-Talegaon)	25-Sep	1003	994	28	500	60	No
8806526287	Cast Iron Valve Box (Plant-Nashik)	25-Sep	1251	1547	30	500	60	Yes
8806526287	Cast Iron Valve Box (Plant-Aurangabad)	25-Sep	864	952	27	500	60	No
8806526287	Cast Iron Valve Box (Plant-Nagpur)	25-Sep	1434	1215	30	500	60	No
8806526287	Cast Iron Valve Box (Plant-Mumbai)	25-Sep	1458	1812	30	500	60	Yes
8806526287	Cast Iron Valve Box (Plant-Gujarat)	25-Sep	1690	1140	28	500	60	No
8806526287	Cast Iron Valve Box (Plant-Chennai)	25-Sep	415	235	31	500	60	No
8806526287	Cast Iron Valve Box (Plant-Bengaluru)	25-Sep	489	600	28	500	60	Yes
8806526287	Cast Iron Valve Box (Plant-Pune)	25-Oct	1089	934	30	500	60	No
8806526287	Cast Iron Valve Box (Plant-Chakan)	25-Oct	939	632	27	500	60	No
8806526287	Cast Iron Valve Box (Plant-Talegaon)	25-Oct	1332	1256	27	500	60	No
8806526287	Cast Iron Valve Box (Plant-Nashik)	25-Oct	1351	1106	26	500	60	No
8806526287	Cast Iron Valve Box (Plant-Aurangabad)	25-Oct	848	708	29	500	60	No
8806526287	Cast Iron Valve Box (Plant-Nagpur)	25-Oct	539	405	29	500	60	No
8806526287	Cast Iron Valve Box (Plant-Mumbai)	25-Oct	1668	1489	26	500	60	No
8806526287	Cast Iron Valve Box (Plant-Gujarat)	25-Oct	755	689	27	500	60	No
8806526287	Cast Iron Valve Box (Plant-Chennai)	25-Oct	1513	1544	29	500	60	No
8806526287	Cast Iron Valve Box (Plant-Bengaluru)	25-Oct	866	1032	29	500	60	Yes
8806526287	Cast Iron Valve Box (Plant-Pune)	25-Nov	487	574	27	500	60	No
8806526287	Cast Iron Valve Box (Plant-Chakan)	25-Nov	1626	833	27	500	60	No
8806526287	Cast Iron Valve Box (Plant-Talegaon)	25-Nov	494	535	31	500	60	No
8806526287	Cast Iron Valve Box (Plant-Nashik)	25-Nov	969	1144	28	500	60	Yes
8806526287	Cast Iron Valve Box (Plant-Aurangabad)	25-Nov	481	361	29	500	60	No
8806526287	Cast Iron Valve Box (Plant-Nagpur)	25-Nov	556	455	30	500	60	No
8806526287	Cast Iron Valve Box (Plant-Mumbai)	25-Nov	1705	2046	27	500	60	Yes
8806526287	Cast Iron Valve Box (Plant-Gujarat)	25-Nov	857	680	29	500	60	No
8806526287	Cast Iron Valve Box (Plant-Chennai)	25-Nov	619	364	28	500	60	No
8806526287	Cast Iron Valve Box (Plant-Bengaluru)	25-Nov	1675	2084	30	500	60	Yes
8806526287	Cast Iron Valve Box (Plant-Pune)	25-Dec	757	567	29	500	60	No
8806526287	Cast Iron Valve Box (Plant-Chakan)	25-Dec	1001	676	30	500	60	No
8806526287	Cast Iron Valve Box (Plant-Talegaon)	25-Dec	1226	649	29	500	60	No
8806526287	Cast Iron Valve Box (Plant-Nashik)	25-Dec	954	532	29	500	60	No
8806526287	Cast Iron Valve Box (Plant-Aurangabad)	25-Dec	1406	817	31	500	60	No
8806526287	Cast Iron Valve Box (Plant-Nagpur)	25-Dec	1051	535	28	500	60	No
8806526287	Cast Iron Valve Box (Plant-Mumbai)	25-Dec	1031	1243	28	500	60	Yes
8806526287	Cast Iron Valve Box (Plant-Gujarat)	25-Dec	537	665	27	500	60	Yes
8806526287	Cast Iron Valve Box (Plant-Chennai)	25-Dec	1178	1336	26	500	60	Yes
8806526287	Cast Iron Valve Box (Plant-Bengaluru)	25-Dec	1254	1166	28	500	60	No
8806526287	Cast Iron Valve Box (Plant-Pune)	26-Jan	1454	1738	29	500	60	Yes
8806526287	Cast Iron Valve Box (Plant-Chakan)	26-Jan	468	321	29	500	60	No
8806526287	Cast Iron Valve Box (Plant-Talegaon)	26-Jan	1655	2034	27	500	60	Yes
8806526287	Cast Iron Valve Box (Plant-Nashik)	26-Jan	445	463	26	500	60	No
8806526287	Cast Iron Valve Box (Plant-Aurangabad)	26-Jan	683	538	30	500	60	No
8806526287	Cast Iron Valve Box (Plant-Nagpur)	26-Jan	619	494	31	500	60	No
8806526287	Cast Iron Valve Box (Plant-Mumbai)	26-Jan	725	778	26	500	60	No
8806526287	Cast Iron Valve Box (Plant-Gujarat)	26-Jan	1297	730	31	500	60	No
8806526287	Cast Iron Valve Box (Plant-Chennai)	26-Jan	634	447	29	500	60	No
8806526287	Cast Iron Valve Box (Plant-Bengaluru)	26-Jan	1536	1373	29	500	60	No
8806526287	Cast Iron Valve Box (Plant-Pune)	26-Feb	1357	1012	28	500	60	No
8806526287	Cast Iron Valve Box (Plant-Chakan)	26-Feb	552	359	26	500	60	No
8806526287	Cast Iron Valve Box (Plant-Talegaon)	26-Feb	1041	1213	28	500	60	Yes
8806526287	Cast Iron Valve Box (Plant-Nashik)	26-Feb	404	357	31	500	60	No
8806526287	Cast Iron Valve Box (Plant-Aurangabad)	26-Feb	744	530	26	500	60	No
8806526287	Cast Iron Valve Box (Plant-Nagpur)	26-Feb	666	542	28	500	60	No
8806526287	Cast Iron Valve Box (Plant-Mumbai)	26-Feb	1266	912	26	500	60	No
8806526287	Cast Iron Valve Box (Plant-Gujarat)	26-Feb	1719	1519	28	500	60	No
8806526287	Cast Iron Valve Box (Plant-Chennai)	26-Feb	619	728	26	500	60	Yes
8806526287	Cast Iron Valve Box (Plant-Bengaluru)	26-Feb	544	626	28	500	60	No
8806526287	Cast Iron Valve Box (Plant-Pune)	26-Mar	1029	1233	31	500	60	Yes
8806526287	Cast Iron Valve Box (Plant-Chakan)	26-Mar	722	639	31	500	60	No
8806526287	Cast Iron Valve Box (Plant-Talegaon)	26-Mar	1208	657	31	500	60	No
8806526287	Cast Iron Valve Box (Plant-Nashik)	26-Mar	1203	1375	27	500	60	Yes
8806526287	Cast Iron Valve Box (Plant-Aurangabad)	26-Mar	606	638	27	500	60	No
8806526287	Cast Iron Valve Box (Plant-Nagpur)	26-Mar	1715	915	27	500	60	No
8806526287	Cast Iron Valve Box (Plant-Mumbai)	26-Mar	757	573	31	500	60	No
8806526287	Cast Iron Valve Box (Plant-Gujarat)	26-Mar	1267	727	26	500	60	No
8806526287	Cast Iron Valve Box (Plant-Chennai)	26-Mar	1472	789	29	500	60	No
8806526287	Cast Iron Valve Box (Plant-Bengaluru)	26-Mar	688	731	28	500	60	No
8806526287	Cast Iron Valve Box (Plant-Pune)	26-Apr	1432	942	30	500	60	No
8806526287	Cast Iron Valve Box (Plant-Chakan)	26-Apr	1415	1550	26	500	60	Yes
8806526287	Cast Iron Valve Box (Plant-Talegaon)	26-Apr	1280	899	26	500	60	No
8806526287	Cast Iron Valve Box (Plant-Nashik)	26-Apr	806	555	26	500	60	No
8806526287	Cast Iron Valve Box (Plant-Aurangabad)	26-Apr	1093	664	26	500	60	No
8806526287	Cast Iron Valve Box (Plant-Nagpur)	26-Apr	485	596	26	500	60	Yes
8806526287	Cast Iron Valve Box (Plant-Mumbai)	26-Apr	1441	1613	28	500	60	Yes
8806526287	Cast Iron Valve Box (Plant-Gujarat)	26-Apr	1548	1085	27	500	60	No
8806526287	Cast Iron Valve Box (Plant-Chennai)	26-Apr	939	1067	30	500	60	Yes
8806526287	Cast Iron Valve Box (Plant-Bengaluru)	26-Apr	1369	884	26	500	60	No
8806526287	Cast Iron Valve Box (Plant-Pune)	26-May	1481	1405	30	500	60	No
8806526287	Cast Iron Valve Box (Plant-Chakan)	26-May	510	342	26	500	60	No
8806526287	Cast Iron Valve Box (Plant-Talegaon)	26-May	657	613	26	500	60	No
8806526287	Cast Iron Valve Box (Plant-Nashik)	26-May	1361	1487	29	500	60	Yes
8806526287	Cast Iron Valve Box (Plant-Aurangabad)	26-May	1200	1298	27	500	60	No
8806526287	Cast Iron Valve Box (Plant-Nagpur)	26-May	1395	1216	29	500	60	No
8806526287	Cast Iron Valve Box (Plant-Mumbai)	26-May	1269	1519	31	500	60	Yes
8806526287	Cast Iron Valve Box (Plant-Gujarat)	26-May	881	922	30	500	60	No
8806526287	Cast Iron Valve Box (Plant-Chennai)	26-May	1036	1268	30	500	60	Yes
8806526287	Cast Iron Valve Box (Plant-Bengaluru)	26-May	1352	1688	30	500	60	Yes
8806526287	Cast Iron Valve Box (Plant-Pune)	26-Jun	1354	1159	27	500	60	No
8806526287	Cast Iron Valve Box (Plant-Chakan)	26-Jun	886	536	31	500	60	No
8806526287	Cast Iron Valve Box (Plant-Talegaon)	26-Jun	1046	926	27	500	60	No
8806526287	Cast Iron Valve Box (Plant-Nashik)	26-Jun	1667	1786	26	500	60	Yes
8806526287	Cast Iron Valve Box (Plant-Aurangabad)	26-Jun	1334	1175	26	500	60	No
8806526287	Cast Iron Valve Box (Plant-Nagpur)	26-Jun	525	653	26	500	60	Yes
8806526287	Cast Iron Valve Box (Plant-Mumbai)	26-Jun	1225	895	28	500	60	No
8806526287	Cast Iron Valve Box (Plant-Gujarat)	26-Jun	1027	1142	29	500	60	Yes
8806526287	Cast Iron Valve Box (Plant-Chennai)	26-Jun	1005	967	31	500	60	No
8806526287	Cast Iron Valve Box (Plant-Bengaluru)	26-Jun	1519	1519	28	500	60	No
8806526288	Galvanized Steel Wire Mesh (Plant-Pune)	25-Jan	6086	6181	12	1800	22	No
8806526288	Galvanized Steel Wire Mesh (Plant-Chakan)	25-Jan	5724	4614	13	1800	22	No
8806526288	Galvanized Steel Wire Mesh (Plant-Talegaon)	25-Jan	5764	6507	12	1800	22	Yes
8806526288	Galvanized Steel Wire Mesh (Plant-Nashik)	25-Jan	3826	4152	12	1800	22	No
8806526288	Galvanized Steel Wire Mesh (Plant-Aurangabad)	25-Jan	2466	1499	10	1800	22	No
8806526288	Galvanized Steel Wire Mesh (Plant-Nagpur)	25-Jan	3488	3635	13	1800	22	No
8806526288	Galvanized Steel Wire Mesh (Plant-Mumbai)	25-Jan	4603	4140	12	1800	22	No
8806526288	Galvanized Steel Wire Mesh (Plant-Gujarat)	25-Jan	4954	3038	10	1800	22	No
8806526288	Galvanized Steel Wire Mesh (Plant-Chennai)	25-Jan	6221	3267	13	1800	22	No
8806526288	Galvanized Steel Wire Mesh (Plant-Bengaluru)	25-Jan	3089	2206	9	1800	22	No
8806526288	Galvanized Steel Wire Mesh (Plant-Pune)	25-Feb	4834	2504	13	1800	22	No
8806526288	Galvanized Steel Wire Mesh (Plant-Chakan)	25-Feb	6282	6414	11	1800	22	No
8806526288	Galvanized Steel Wire Mesh (Plant-Talegaon)	25-Feb	4743	4201	8	1800	22	No
8806526288	Galvanized Steel Wire Mesh (Plant-Nashik)	25-Feb	3737	2155	9	1800	22	No
8806526288	Galvanized Steel Wire Mesh (Plant-Aurangabad)	25-Feb	4758	4926	12	1800	22	No
8806526288	Galvanized Steel Wire Mesh (Plant-Nagpur)	25-Feb	5834	7015	11	1800	22	Yes
8806526288	Galvanized Steel Wire Mesh (Plant-Mumbai)	25-Feb	2468	2101	13	1800	22	No
8806526288	Galvanized Steel Wire Mesh (Plant-Gujarat)	25-Feb	6049	5811	8	1800	22	No
8806526288	Galvanized Steel Wire Mesh (Plant-Chennai)	25-Feb	5623	2986	9	1800	22	No
8806526288	Galvanized Steel Wire Mesh (Plant-Bengaluru)	25-Feb	4742	2662	10	1800	22	No
8806526288	Galvanized Steel Wire Mesh (Plant-Pune)	25-Mar	5605	3878	13	1800	22	No
8806526288	Galvanized Steel Wire Mesh (Plant-Chakan)	25-Mar	2604	1506	8	1800	22	No
8806526288	Galvanized Steel Wire Mesh (Plant-Talegaon)	25-Mar	4925	6146	9	1800	22	Yes
8806526288	Galvanized Steel Wire Mesh (Plant-Nashik)	25-Mar	4461	2954	11	1800	22	No
8806526288	Galvanized Steel Wire Mesh (Plant-Aurangabad)	25-Mar	1966	2008	13	1800	22	No
8806526288	Galvanized Steel Wire Mesh (Plant-Nagpur)	25-Mar	4359	4003	9	1800	22	No
8806526288	Galvanized Steel Wire Mesh (Plant-Mumbai)	25-Mar	6217	6692	9	1800	22	Yes
8806526288	Galvanized Steel Wire Mesh (Plant-Gujarat)	25-Mar	5898	5127	12	1800	22	No
8806526288	Galvanized Steel Wire Mesh (Plant-Chennai)	25-Mar	5414	6478	13	1800	22	Yes
8806526288	Galvanized Steel Wire Mesh (Plant-Bengaluru)	25-Mar	6294	5714	11	1800	22	No
8806526288	Galvanized Steel Wire Mesh (Plant-Pune)	25-Apr	5593	6772	9	1800	22	Yes
8806526288	Galvanized Steel Wire Mesh (Plant-Chakan)	25-Apr	1908	1894	13	1800	22	No
8806526288	Galvanized Steel Wire Mesh (Plant-Talegaon)	25-Apr	3992	3126	11	1800	22	No
8806526288	Galvanized Steel Wire Mesh (Plant-Nashik)	25-Apr	2686	2873	11	1800	22	No
8806526288	Galvanized Steel Wire Mesh (Plant-Aurangabad)	25-Apr	5464	6206	9	1800	22	Yes
8806526288	Galvanized Steel Wire Mesh (Plant-Nagpur)	25-Apr	3278	4088	13	1800	22	Yes
8806526288	Galvanized Steel Wire Mesh (Plant-Mumbai)	25-Apr	2673	2524	9	1800	22	No
8806526288	Galvanized Steel Wire Mesh (Plant-Gujarat)	25-Apr	6082	5799	11	1800	22	No
8806526288	Galvanized Steel Wire Mesh (Plant-Chennai)	25-Apr	2628	1484	11	1800	22	No
8806526288	Galvanized Steel Wire Mesh (Plant-Bengaluru)	25-Apr	5630	5336	11	1800	22	No
8806526288	Galvanized Steel Wire Mesh (Plant-Pune)	25-May	4179	3279	8	1800	22	No
8806526288	Galvanized Steel Wire Mesh (Plant-Chakan)	25-May	2409	1918	10	1800	22	No
8806526288	Galvanized Steel Wire Mesh (Plant-Talegaon)	25-May	6289	5224	13	1800	22	No
8806526288	Galvanized Steel Wire Mesh (Plant-Nashik)	25-May	1661	1421	10	1800	22	No
8806526288	Galvanized Steel Wire Mesh (Plant-Aurangabad)	25-May	4709	5789	11	1800	22	Yes
8806526288	Galvanized Steel Wire Mesh (Plant-Nagpur)	25-May	5968	5258	12	1800	22	No
8806526288	Galvanized Steel Wire Mesh (Plant-Mumbai)	25-May	5240	2657	11	1800	22	No
8806526288	Galvanized Steel Wire Mesh (Plant-Gujarat)	25-May	3918	3723	9	1800	22	No
8806526288	Galvanized Steel Wire Mesh (Plant-Chennai)	25-May	1772	1277	8	1800	22	No
8806526288	Galvanized Steel Wire Mesh (Plant-Bengaluru)	25-May	3961	4849	8	1800	22	Yes
8806526288	Galvanized Steel Wire Mesh (Plant-Pune)	25-Jun	4831	3534	9	1800	22	No
8806526288	Galvanized Steel Wire Mesh (Plant-Chakan)	25-Jun	3504	2401	12	1800	22	No
8806526288	Galvanized Steel Wire Mesh (Plant-Talegaon)	25-Jun	1933	2157	11	1800	22	No
8806526288	Galvanized Steel Wire Mesh (Plant-Nashik)	25-Jun	2071	1550	11	1800	22	No
8806526288	Galvanized Steel Wire Mesh (Plant-Aurangabad)	25-Jun	4167	3914	13	1800	22	No
8806526288	Galvanized Steel Wire Mesh (Plant-Nagpur)	25-Jun	1709	940	11	1800	22	No
8806526288	Galvanized Steel Wire Mesh (Plant-Mumbai)	25-Jun	3398	2991	13	1800	22	No
8806526288	Galvanized Steel Wire Mesh (Plant-Gujarat)	25-Jun	2972	2282	10	1800	22	No
8806526288	Galvanized Steel Wire Mesh (Plant-Chennai)	25-Jun	2131	2441	12	1800	22	No
8806526288	Galvanized Steel Wire Mesh (Plant-Bengaluru)	25-Jun	4116	3499	13	1800	22	No
8806526288	Galvanized Steel Wire Mesh (Plant-Pune)	25-Jul	4728	4370	10	1800	22	No
8806526288	Galvanized Steel Wire Mesh (Plant-Chakan)	25-Jul	3984	2690	10	1800	22	No
8806526288	Galvanized Steel Wire Mesh (Plant-Talegaon)	25-Jul	5723	4889	12	1800	22	No
8806526288	Galvanized Steel Wire Mesh (Plant-Nashik)	25-Jul	5317	5196	12	1800	22	No
8806526288	Galvanized Steel Wire Mesh (Plant-Aurangabad)	25-Jul	4129	2319	11	1800	22	No
8806526288	Galvanized Steel Wire Mesh (Plant-Nagpur)	25-Jul	2550	2052	13	1800	22	No
8806526288	Galvanized Steel Wire Mesh (Plant-Mumbai)	25-Jul	2879	3095	10	1800	22	No
8806526288	Galvanized Steel Wire Mesh (Plant-Gujarat)	25-Jul	1666	890	8	1800	22	No
8806526288	Galvanized Steel Wire Mesh (Plant-Chennai)	25-Jul	2700	2900	10	1800	22	No
8806526288	Galvanized Steel Wire Mesh (Plant-Bengaluru)	25-Jul	5169	3039	12	1800	22	No
8806526288	Galvanized Steel Wire Mesh (Plant-Pune)	25-Aug	5898	4639	13	1800	22	No
8806526288	Galvanized Steel Wire Mesh (Plant-Chakan)	25-Aug	2262	2112	11	1800	22	No
8806526288	Galvanized Steel Wire Mesh (Plant-Talegaon)	25-Aug	5505	3524	9	1800	22	No
8806526288	Galvanized Steel Wire Mesh (Plant-Nashik)	25-Aug	4637	4466	13	1800	22	No
8806526288	Galvanized Steel Wire Mesh (Plant-Aurangabad)	25-Aug	6133	3915	13	1800	22	No
8806526288	Galvanized Steel Wire Mesh (Plant-Nagpur)	25-Aug	5208	4662	8	1800	22	No
8806526288	Galvanized Steel Wire Mesh (Plant-Mumbai)	25-Aug	6109	3092	13	1800	22	No
8806526288	Galvanized Steel Wire Mesh (Plant-Gujarat)	25-Aug	3460	1746	10	1800	22	No
8806526288	Galvanized Steel Wire Mesh (Plant-Chennai)	25-Aug	4810	2567	12	1800	22	No
8806526288	Galvanized Steel Wire Mesh (Plant-Bengaluru)	25-Aug	3264	3602	12	1800	22	No
8806526288	Galvanized Steel Wire Mesh (Plant-Pune)	25-Sep	2362	1610	12	1800	22	No
8806526288	Galvanized Steel Wire Mesh (Plant-Chakan)	25-Sep	1680	1853	9	1800	22	No
8806526288	Galvanized Steel Wire Mesh (Plant-Talegaon)	25-Sep	5520	4844	13	1800	22	No
8806526288	Galvanized Steel Wire Mesh (Plant-Nashik)	25-Sep	1941	1447	11	1800	22	No
8806526288	Galvanized Steel Wire Mesh (Plant-Aurangabad)	25-Sep	1707	1136	9	1800	22	No
8806526288	Galvanized Steel Wire Mesh (Plant-Nagpur)	25-Sep	3960	2720	8	1800	22	No
8806526288	Galvanized Steel Wire Mesh (Plant-Mumbai)	25-Sep	2590	3012	13	1800	22	Yes
8806526288	Galvanized Steel Wire Mesh (Plant-Gujarat)	25-Sep	3021	2458	10	1800	22	No
8806526288	Galvanized Steel Wire Mesh (Plant-Chennai)	25-Sep	3319	2772	10	1800	22	No
8806526288	Galvanized Steel Wire Mesh (Plant-Bengaluru)	25-Sep	2386	1309	10	1800	22	No
8806526288	Galvanized Steel Wire Mesh (Plant-Pune)	25-Oct	2470	2514	12	1800	22	No
8806526288	Galvanized Steel Wire Mesh (Plant-Chakan)	25-Oct	3059	2968	11	1800	22	No
8806526288	Galvanized Steel Wire Mesh (Plant-Talegaon)	25-Oct	4174	2467	8	1800	22	No
8806526288	Galvanized Steel Wire Mesh (Plant-Nashik)	25-Oct	4032	4790	8	1800	22	Yes
8806526288	Galvanized Steel Wire Mesh (Plant-Aurangabad)	25-Oct	5170	6082	12	1800	22	Yes
8806526288	Galvanized Steel Wire Mesh (Plant-Nagpur)	25-Oct	1921	1810	10	1800	22	No
8806526288	Galvanized Steel Wire Mesh (Plant-Mumbai)	25-Oct	2532	1767	11	1800	22	No
8806526288	Galvanized Steel Wire Mesh (Plant-Gujarat)	25-Oct	4575	4416	9	1800	22	No
8806526288	Galvanized Steel Wire Mesh (Plant-Chennai)	25-Oct	5254	2850	8	1800	22	No
8806526288	Galvanized Steel Wire Mesh (Plant-Bengaluru)	25-Oct	4740	4711	9	1800	22	No
